"2.5R 2.5/2"	""	""	
380	4.270000E-2
390	4.710000E-2
400	4.820000E-2
410	4.800000E-2
420	4.710000E-2
430	4.630000E-2
440	4.580000E-2
450	4.510000E-2
460	4.380000E-2
470	4.230000E-2
480	4.070000E-2
490	3.960000E-2
500	3.860000E-2
510	3.810000E-2
520	3.810000E-2
530	3.800000E-2
540	3.780000E-2
550	3.860000E-2
560	4.020000E-2
570	4.400000E-2
580	4.980000E-2
590	5.490000E-2
600	5.800000E-2
610	6.310000E-2
620	7.050000E-2
630	7.680000E-2
640	8.080000E-2
650	8.310000E-2
660	8.480000E-2
670	8.630000E-2
680	8.770000E-2
690	8.860000E-2
700	9.010000E-2
710	9.120000E-2
720	9.190000E-2
730	9.310000E-2
"2.5R 3/2"	""	""	
380	5.190000E-2
390	5.790000E-2
400	6.080000E-2
410	6.120000E-2
420	6.060000E-2
430	5.990000E-2
440	5.940000E-2
450	5.840000E-2
460	5.700000E-2
470	5.600000E-2
480	5.450000E-2
490	5.300000E-2
500	5.180000E-2
510	5.130000E-2
520	5.020000E-2
530	4.850000E-2
540	4.830000E-2
550	5.050000E-2
560	5.340000E-2
570	5.820000E-2
580	6.750000E-2
590	8.150000E-2
600	9.270000E-2
610	9.760000E-2
620	9.850000E-2
630	9.770000E-2
640	9.640000E-2
650	9.470000E-2
660	9.340000E-2
670	9.250000E-2
680	9.220000E-2
690	9.190000E-2
700	9.210000E-2
710	9.220000E-2
720	9.160000E-2
730	9.120000E-2
"2.5R 3/4"	""	""	
380	5.700000E-2
390	6.110000E-2
400	6.060000E-2
410	5.810000E-2
420	5.650000E-2
430	5.480000E-2
440	5.460000E-2
450	5.390000E-2
460	5.260000E-2
470	5.050000E-2
480	4.790000E-2
490	4.590000E-2
500	4.400000E-2
510	4.270000E-2
520	4.230000E-2
530	4.240000E-2
540	4.250000E-2
550	4.360000E-2
560	4.620000E-2
570	5.250000E-2
580	6.240000E-2
590	7.750000E-2
600	9.620000E-2
610	1.170000E-1
620	1.363000E-1
630	1.487000E-1
640	1.550000E-1
650	1.582000E-1
660	1.600000E-1
670	1.611000E-1
680	1.623000E-1
690	1.628000E-1
700	1.643000E-1
710	1.657000E-1
720	1.670000E-1
730	1.688000E-1
"2.5R 3/6"	""	""	
380	5.090000E-2
390	5.090000E-2
400	5.040000E-2
410	5.020000E-2
420	4.990000E-2
430	4.910000E-2
440	4.900000E-2
450	4.850000E-2
460	4.710000E-2
470	4.590000E-2
480	4.430000E-2
490	4.310000E-2
500	4.200000E-2
510	4.090000E-2
520	4.010000E-2
530	3.950000E-2
540	3.930000E-2
550	3.910000E-2
560	3.940000E-2
570	4.240000E-2
580	4.920000E-2
590	6.060000E-2
600	8.290000E-2
610	1.221000E-1
620	1.690000E-1
630	2.046000E-1
640	2.373000E-1
650	2.744000E-1
660	3.088000E-1
670	3.348000E-1
680	3.536000E-1
690	3.669000E-1
700	3.770000E-1
710	3.848000E-1
720	3.903000E-1
730	3.961000E-1
"2.5R 4/2"	""	""	
380	7.210000E-2
390	9.300000E-2
400	1.080000E-1
410	1.150000E-1
420	1.152000E-1
430	1.134000E-1
440	1.124000E-1
450	1.110000E-1
460	1.097000E-1
470	1.079000E-1
480	1.057000E-1
490	1.038000E-1
500	1.019000E-1
510	9.980000E-2
520	9.790000E-2
530	9.660000E-2
540	9.700000E-2
550	9.940000E-2
560	1.044000E-1
570	1.135000E-1
580	1.323000E-1
590	1.516000E-1
600	1.584000E-1
610	1.590000E-1
620	1.583000E-1
630	1.577000E-1
640	1.571000E-1
650	1.568000E-1
660	1.556000E-1
670	1.539000E-1
680	1.513000E-1
690	1.483000E-1
700	1.468000E-1
710	1.467000E-1
720	1.474000E-1
730	1.488000E-1
"2.5R 4/4"	""	""	
380	7.370000E-2
390	8.920000E-2
400	9.940000E-2
410	1.031000E-1
420	1.018000E-1
430	1.006000E-1
440	9.940000E-2
450	9.840000E-2
460	9.660000E-2
470	9.450000E-2
480	9.160000E-2
490	8.920000E-2
500	8.690000E-2
510	8.420000E-2
520	8.170000E-2
530	8.030000E-2
540	8.060000E-2
550	8.240000E-2
560	8.580000E-2
570	9.380000E-2
580	1.196000E-1
590	1.614000E-1
600	1.869000E-1
610	1.951000E-1
620	1.962000E-1
630	1.947000E-1
640	1.925000E-1
650	1.904000E-1
660	1.887000E-1
670	1.869000E-1
680	1.854000E-1
690	1.837000E-1
700	1.825000E-1
710	1.810000E-1
720	1.795000E-1
730	1.781000E-1
"2.5R 4/6"	""	""	
380	8.000000E-2
390	9.040000E-2
400	1.031000E-1
410	1.047000E-1
420	1.004000E-1
430	9.650000E-2
440	9.480000E-2
450	9.310000E-2
460	9.160000E-2
470	8.980000E-2
480	8.600000E-2
490	8.020000E-2
500	7.640000E-2
510	7.450000E-2
520	7.110000E-2
530	6.890000E-2
540	7.140000E-2
550	7.740000E-2
560	8.090000E-2
570	8.340000E-2
580	1.046000E-1
590	1.619000E-1
600	2.237000E-1
610	2.569000E-1
620	2.682000E-1
630	2.709000E-1
640	2.704000E-1
650	2.699000E-1
660	2.686000E-1
670	2.675000E-1
680	2.668000E-1
690	2.654000E-1
700	2.644000E-1
710	2.634000E-1
720	2.621000E-1
730	2.613000E-1
"2.5R 4/8"	""	""	
380	7.130000E-2
390	7.970000E-2
400	8.790000E-2
410	8.980000E-2
420	8.820000E-2
430	8.750000E-2
440	8.740000E-2
450	8.680000E-2
460	8.430000E-2
470	8.060000E-2
480	7.590000E-2
490	7.180000E-2
500	6.810000E-2
510	6.440000E-2
520	6.140000E-2
530	6.000000E-2
540	5.970000E-2
550	5.980000E-2
560	6.060000E-2
570	6.540000E-2
580	8.390000E-2
590	1.390000E-1
600	2.314000E-1
610	3.104000E-1
620	3.476000E-1
630	3.581000E-1
640	3.568000E-1
650	3.520000E-1
660	3.473000E-1
670	3.455000E-1
680	3.463000E-1
690	3.487000E-1
700	3.523000E-1
710	3.553000E-1
720	3.551000E-1
730	3.550000E-1
"2.5R 4/10"	""	""	
380	6.550000E-2
390	7.550000E-2
400	7.970000E-2
410	7.930000E-2
420	7.770000E-2
430	7.700000E-2
440	7.750000E-2
450	7.710000E-2
460	7.490000E-2
470	7.110000E-2
480	6.690000E-2
490	6.370000E-2
500	6.060000E-2
510	5.770000E-2
520	5.530000E-2
530	5.330000E-2
540	5.270000E-2
550	5.250000E-2
560	5.240000E-2
570	5.370000E-2
580	6.210000E-2
590	9.440000E-2
600	1.769000E-1
610	3.035000E-1
620	4.200000E-1
630	4.902000E-1
640	5.223000E-1
650	5.342000E-1
660	5.377000E-1
670	5.369000E-1
680	5.384000E-1
690	5.459000E-1
700	5.613000E-1
710	5.807000E-1
720	5.956000E-1
730	6.097000E-1
"2.5R 4/12"	""	""	
380	8.380000E-2
390	8.620000E-2
400	8.550000E-2
410	8.330000E-2
420	8.040000E-2
430	7.840000E-2
440	7.720000E-2
450	7.600000E-2
460	7.210000E-2
470	6.670000E-2
480	6.060000E-2
490	5.570000E-2
500	5.180000E-2
510	4.880000E-2
520	4.680000E-2
530	4.560000E-2
540	4.550000E-2
550	4.620000E-2
560	4.780000E-2
570	5.300000E-2
580	6.550000E-2
590	9.900000E-2
600	1.755000E-1
610	3.000000E-1
620	4.490000E-1
630	5.781000E-1
640	6.601000E-1
650	7.070000E-1
660	7.350000E-1
670	7.534000E-1
680	7.678000E-1
690	7.778000E-1
700	7.871000E-1
710	7.951000E-1
720	8.005000E-1
730	8.065000E-1
"2.5R 5/2"	""	""	
380	9.030000E-2
390	1.253000E-1
400	1.622000E-1
410	1.824000E-1
420	1.839000E-1
430	1.819000E-1
440	1.797000E-1
450	1.783000E-1
460	1.771000E-1
470	1.748000E-1
480	1.701000E-1
490	1.645000E-1
500	1.588000E-1
510	1.541000E-1
520	1.494000E-1
530	1.457000E-1
540	1.484000E-1
550	1.622000E-1
560	1.849000E-1
570	2.094000E-1
580	2.251000E-1
590	2.288000E-1
600	2.213000E-1
610	2.148000E-1
620	2.121000E-1
630	2.095000E-1
640	2.051000E-1
650	2.006000E-1
660	2.015000E-1
670	2.099000E-1
680	2.228000E-1
690	2.355000E-1
700	2.450000E-1
710	2.471000E-1
720	2.413000E-1
730	2.381000E-1
"2.5R 5/4"	""	""	
380	1.019000E-1
390	1.320000E-1
400	1.646000E-1
410	1.807000E-1
420	1.794000E-1
430	1.760000E-1
440	1.728000E-1
450	1.698000E-1
460	1.664000E-1
470	1.624000E-1
480	1.577000E-1
490	1.534000E-1
500	1.491000E-1
510	1.448000E-1
520	1.415000E-1
530	1.402000E-1
540	1.425000E-1
550	1.493000E-1
560	1.594000E-1
570	1.742000E-1
580	2.106000E-1
590	2.616000E-1
600	2.878000E-1
610	2.952000E-1
620	2.960000E-1
630	2.942000E-1
640	2.917000E-1
650	2.898000E-1
660	2.877000E-1
670	2.858000E-1
680	2.842000E-1
690	2.821000E-1
700	2.803000E-1
710	2.783000E-1
720	2.762000E-1
730	2.748000E-1
"2.5R 5/6"	""	""	
380	9.930000E-2
390	1.240000E-1
400	1.548000E-1
410	1.681000E-1
420	1.669000E-1
430	1.647000E-1
440	1.616000E-1
450	1.601000E-1
460	1.578000E-1
470	1.548000E-1
480	1.505000E-1
490	1.468000E-1
500	1.430000E-1
510	1.398000E-1
520	1.370000E-1
530	1.347000E-1
540	1.338000E-1
550	1.340000E-1
560	1.356000E-1
570	1.460000E-1
580	1.875000E-1
590	2.649000E-1
600	3.305000E-1
610	3.673000E-1
620	3.850000E-1
630	3.935000E-1
640	3.988000E-1
650	4.044000E-1
660	4.113000E-1
670	4.194000E-1
680	4.289000E-1
690	4.386000E-1
700	4.484000E-1
710	4.584000E-1
720	4.659000E-1
730	4.720000E-1
"2.5R 5/8"	""	""	
380	1.005000E-1
390	1.205000E-1
400	1.420000E-1
410	1.518000E-1
420	1.517000E-1
430	1.502000E-1
440	1.486000E-1
450	1.470000E-1
460	1.440000E-1
470	1.400000E-1
480	1.349000E-1
490	1.301000E-1
500	1.253000E-1
510	1.197000E-1
520	1.147000E-1
530	1.119000E-1
540	1.118000E-1
550	1.129000E-1
560	1.156000E-1
570	1.262000E-1
580	1.753000E-1
590	2.831000E-1
600	3.886000E-1
610	4.486000E-1
620	4.728000E-1
630	4.806000E-1
640	4.821000E-1
650	4.815000E-1
660	4.808000E-1
670	4.799000E-1
680	4.795000E-1
690	4.783000E-1
700	4.773000E-1
710	4.763000E-1
720	4.749000E-1
730	4.736000E-1
"2.5R 5/10"	""	""	
380	9.730000E-2
390	1.140000E-1
400	1.336000E-1
410	1.396000E-1
420	1.389000E-1
430	1.370000E-1
440	1.362000E-1
450	1.349000E-1
460	1.325000E-1
470	1.274000E-1
480	1.216000E-1
490	1.161000E-1
500	1.105000E-1
510	1.043000E-1
520	9.890000E-2
530	9.580000E-2
540	9.530000E-2
550	9.510000E-2
560	9.590000E-2
570	1.036000E-1
580	1.471000E-1
590	2.621000E-1
600	4.091000E-1
610	5.182000E-1
620	5.702000E-1
630	5.893000E-1
640	5.924000E-1
650	5.920000E-1
660	5.989000E-1
670	6.161000E-1
680	6.390000E-1
690	6.598000E-1
700	6.757000E-1
710	6.812000E-1
720	6.761000E-1
730	6.745000E-1
"2.5R 5/12"	""	""	
380	1.010000E-1
390	1.228000E-1
400	1.371000E-1
410	1.384000E-1
420	1.317000E-1
430	1.264000E-1
440	1.243000E-1
450	1.223000E-1
460	1.193000E-1
470	1.169000E-1
480	1.112000E-1
490	1.024000E-1
500	9.540000E-2
510	9.110000E-2
520	8.570000E-2
530	8.150000E-2
540	8.230000E-2
550	8.730000E-2
560	9.140000E-2
570	9.510000E-2
580	1.281000E-1
590	2.319000E-1
600	3.939000E-1
610	5.585000E-1
620	6.859000E-1
630	7.618000E-1
640	7.983000E-1
650	8.166000E-1
660	8.265000E-1
670	8.308000E-1
680	8.372000E-1
690	8.431000E-1
700	8.480000E-1
710	8.525000E-1
720	8.555000E-1
730	8.592000E-1
"2.5R 6/2"	""	""	
380	1.247000E-1
390	1.732000E-1
400	2.471000E-1
410	2.920000E-1
420	2.949000E-1
430	2.889000E-1
440	2.847000E-1
450	2.811000E-1
460	2.782000E-1
470	2.785000E-1
480	2.765000E-1
490	2.668000E-1
500	2.584000E-1
510	2.595000E-1
520	2.569000E-1
530	2.456000E-1
540	2.437000E-1
550	2.672000E-1
560	3.060000E-1
570	3.292000E-1
580	3.387000E-1
590	3.448000E-1
600	3.460000E-1
610	3.459000E-1
620	3.445000E-1
630	3.427000E-1
640	3.406000E-1
650	3.391000E-1
660	3.373000E-1
670	3.357000E-1
680	3.345000E-1
690	3.329000E-1
700	3.315000E-1
710	3.299000E-1
720	3.280000E-1
730	3.268000E-1
"2.5R 6/4"	""	""	
380	1.207000E-1
390	1.587000E-1
400	2.208000E-1
410	2.608000E-1
420	2.671000E-1
430	2.657000E-1
440	2.638000E-1
450	2.605000E-1
460	2.572000E-1
470	2.529000E-1
480	2.473000E-1
490	2.424000E-1
500	2.375000E-1
510	2.325000E-1
520	2.280000E-1
530	2.254000E-1
540	2.265000E-1
550	2.338000E-1
560	2.495000E-1
570	2.779000E-1
580	3.355000E-1
590	4.004000E-1
600	4.216000E-1
610	4.185000E-1
620	4.154000E-1
630	4.143000E-1
640	4.149000E-1
650	4.223000E-1
660	4.340000E-1
670	4.382000E-1
680	4.322000E-1
690	4.210000E-1
700	4.050000E-1
710	3.921000E-1
720	3.972000E-1
730	4.243000E-1
"2.5R 6/6"	""	""	
380	1.196000E-1
390	1.582000E-1
400	2.126000E-1
410	2.447000E-1
420	2.479000E-1
430	2.461000E-1
440	2.433000E-1
450	2.402000E-1
460	2.366000E-1
470	2.318000E-1
480	2.266000E-1
490	2.214000E-1
500	2.160000E-1
510	2.099000E-1
520	2.038000E-1
530	1.990000E-1
540	1.995000E-1
550	2.082000E-1
560	2.257000E-1
570	2.576000E-1
580	3.216000E-1
590	4.108000E-1
600	4.785000E-1
610	5.031000E-1
620	4.918000E-1
630	4.865000E-1
640	5.131000E-1
650	5.655000E-1
660	6.272000E-1
670	6.814000E-1
680	7.235000E-1
690	7.527000E-1
700	7.723000E-1
710	7.858000E-1
720	7.929000E-1
730	7.977000E-1
"2.5R 6/8"	""	""	
380	1.241000E-1
390	1.548000E-1
400	2.017000E-1
410	2.295000E-1
420	2.323000E-1
430	2.302000E-1
440	2.277000E-1
450	2.248000E-1
460	2.212000E-1
470	2.166000E-1
480	2.104000E-1
490	2.046000E-1
500	1.989000E-1
510	1.929000E-1
520	1.871000E-1
530	1.835000E-1
540	1.839000E-1
550	1.884000E-1
560	1.984000E-1
570	2.219000E-1
580	2.974000E-1
590	4.297000E-1
600	5.339000E-1
610	5.842000E-1
620	6.082000E-1
630	6.293000E-1
640	6.500000E-1
650	6.681000E-1
660	6.792000E-1
670	6.771000E-1
680	6.657000E-1
690	6.533000E-1
700	6.507000E-1
710	6.572000E-1
720	6.686000E-1
730	6.856000E-1
"2.5R 6/10"	""	""	
380	1.300000E-1
390	1.664000E-1
400	2.146000E-1
410	2.324000E-1
420	2.237000E-1
430	2.120000E-1
440	2.060000E-1
450	2.003000E-1
460	1.958000E-1
470	1.947000E-1
480	1.894000E-1
490	1.747000E-1
500	1.634000E-1
510	1.612000E-1
520	1.544000E-1
530	1.436000E-1
540	1.437000E-1
550	1.629000E-1
560	1.923000E-1
570	2.143000E-1
580	2.851000E-1
590	4.376000E-1
600	5.895000E-1
610	6.860000E-1
620	7.306000E-1
630	7.478000E-1
640	7.536000E-1
650	7.563000E-1
660	7.574000E-1
670	7.569000E-1
680	7.569000E-1
690	7.561000E-1
700	7.556000E-1
710	7.563000E-1
720	7.559000E-1
730	7.549000E-1
"2.5R 6/12"	""	""	
380	1.111000E-1
390	1.359000E-1
400	1.775000E-1
410	2.011000E-1
420	2.028000E-1
430	2.013000E-1
440	1.997000E-1
450	1.985000E-1
460	1.956000E-1
470	1.905000E-1
480	1.840000E-1
490	1.777000E-1
500	1.717000E-1
510	1.644000E-1
520	1.573000E-1
530	1.529000E-1
540	1.526000E-1
550	1.547000E-1
560	1.586000E-1
570	1.718000E-1
580	2.392000E-1
590	3.994000E-1
600	5.887000E-1
610	7.423000E-1
620	8.329000E-1
630	8.744000E-1
640	8.911000E-1
650	8.993000E-1
660	9.045000E-1
670	9.079000E-1
680	9.124000E-1
690	9.158000E-1
700	9.183000E-1
710	9.212000E-1
720	9.225000E-1
730	9.238000E-1
"2.5R 7/2"	""	""	
380	1.429000E-1
390	1.914000E-1
400	2.984000E-1
410	3.926000E-1
420	4.174000E-1
430	4.162000E-1
440	4.117000E-1
450	4.081000E-1
460	4.050000E-1
470	4.022000E-1
480	3.989000E-1
490	3.965000E-1
500	3.935000E-1
510	3.909000E-1
520	3.897000E-1
530	3.878000E-1
540	3.879000E-1
550	3.932000E-1
560	4.047000E-1
570	4.298000E-1
580	4.584000E-1
590	4.832000E-1
600	4.974000E-1
610	5.036000E-1
620	5.048000E-1
630	5.039000E-1
640	5.021000E-1
650	5.008000E-1
660	5.005000E-1
670	5.006000E-1
680	5.026000E-1
690	5.042000E-1
700	5.058000E-1
710	5.080000E-1
720	5.082000E-1
730	5.082000E-1
"2.5R 7/4"	""	""	
380	1.389000E-1
390	1.927000E-1
400	3.002000E-1
410	3.811000E-1
420	3.940000E-1
430	3.857000E-1
440	3.803000E-1
450	3.753000E-1
460	3.717000E-1
470	3.741000E-1
480	3.716000E-1
490	3.547000E-1
500	3.401000E-1
510	3.420000E-1
520	3.366000E-1
530	3.172000E-1
540	3.137000E-1
550	3.519000E-1
560	4.151000E-1
570	4.544000E-1
580	4.942000E-1
590	5.361000E-1
600	5.525000E-1
610	5.573000E-1
620	5.578000E-1
630	5.563000E-1
640	5.542000E-1
650	5.527000E-1
660	5.518000E-1
670	5.502000E-1
680	5.492000E-1
690	5.473000E-1
700	5.464000E-1
710	5.452000E-1
720	5.432000E-1
730	5.422000E-1
"2.5R 7/6"	""	""	
380	1.485000E-1
390	1.975000E-1
400	2.963000E-1
410	3.702000E-1
420	3.762000E-1
430	3.634000E-1
440	3.559000E-1
450	3.494000E-1
460	3.445000E-1
470	3.463000E-1
480	3.423000E-1
490	3.220000E-1
500	3.049000E-1
510	3.051000E-1
520	2.976000E-1
530	2.764000E-1
540	2.727000E-1
550	3.101000E-1
560	3.720000E-1
570	4.148000E-1
580	4.870000E-1
590	5.879000E-1
600	6.437000E-1
610	6.639000E-1
620	6.687000E-1
630	6.686000E-1
640	6.670000E-1
650	6.661000E-1
660	6.650000E-1
670	6.632000E-1
680	6.627000E-1
690	6.612000E-1
700	6.599000E-1
710	6.590000E-1
720	6.581000E-1
730	6.564000E-1
"2.5R 7/8"	""	""	
380	1.301000E-1
390	1.734000E-1
400	2.579000E-1
410	3.234000E-1
420	3.357000E-1
430	3.343000E-1
440	3.322000E-1
450	3.296000E-1
460	3.258000E-1
470	3.200000E-1
480	3.133000E-1
490	3.075000E-1
500	3.013000E-1
510	2.942000E-1
520	2.870000E-1
530	2.828000E-1
540	2.836000E-1
550	2.898000E-1
560	3.031000E-1
570	3.344000E-1
580	4.265000E-1
590	5.798000E-1
600	7.077000E-1
610	7.808000E-1
620	8.156000E-1
630	8.350000E-1
640	8.477000E-1
650	8.578000E-1
660	8.642000E-1
670	8.639000E-1
680	8.626000E-1
690	8.607000E-1
700	8.628000E-1
710	8.680000E-1
720	8.739000E-1
730	8.810000E-1
"2.5R 7/10"	""	""	
380	1.360000E-1
390	1.797000E-1
400	2.616000E-1
410	3.230000E-1
420	3.336000E-1
430	3.319000E-1
440	3.280000E-1
450	3.227000E-1
460	3.145000E-1
470	3.026000E-1
480	2.898000E-1
490	2.773000E-1
500	2.635000E-1
510	2.529000E-1
520	2.491000E-1
530	2.434000E-1
540	2.369000E-1
550	2.417000E-1
560	2.816000E-1
570	3.619000E-1
580	4.834000E-1
590	6.481000E-1
600	7.866000E-1
610	8.647000E-1
620	8.980000E-1
630	9.110000E-1
640	9.160000E-1
650	9.200000E-1
660	9.230000E-1
670	9.254000E-1
680	9.292000E-1
690	9.317000E-1
700	9.341000E-1
710	9.371000E-1
720	9.384000E-1
730	9.398000E-1
"2.5R 8/2"	""	""	
380	1.582000E-1
390	2.017000E-1
400	3.321000E-1
410	4.814000E-1
420	5.410000E-1
430	5.555000E-1
440	5.638000E-1
450	5.693000E-1
460	5.695000E-1
470	5.663000E-1
480	5.624000E-1
490	5.598000E-1
500	5.580000E-1
510	5.563000E-1
520	5.527000E-1
530	5.444000E-1
540	5.423000E-1
550	5.529000E-1
560	5.627000E-1
570	5.794000E-1
580	6.080000E-1
590	6.380000E-1
600	6.527000E-1
610	6.585000E-1
620	6.601000E-1
630	6.600000E-1
640	6.589000E-1
650	6.586000E-1
660	6.579000E-1
670	6.564000E-1
680	6.551000E-1
690	6.535000E-1
700	6.528000E-1
710	6.547000E-1
720	6.562000E-1
730	6.584000E-1
"2.5R 8/4"	""	""	
380	1.635000E-1
390	2.173000E-1
400	3.615000E-1
410	5.033000E-1
420	5.435000E-1
430	5.391000E-1
440	5.344000E-1
450	5.290000E-1
460	5.244000E-1
470	5.247000E-1
480	5.199000E-1
490	5.019000E-1
500	4.861000E-1
510	4.874000E-1
520	4.836000E-1
530	4.659000E-1
540	4.643000E-1
550	5.077000E-1
560	5.837000E-1
570	6.397000E-1
580	6.909000E-1
590	7.402000E-1
600	7.616000E-1
610	7.699000E-1
620	7.723000E-1
630	7.725000E-1
640	7.720000E-1
650	7.724000E-1
660	7.729000E-1
670	7.726000E-1
680	7.736000E-1
690	7.732000E-1
700	7.737000E-1
710	7.746000E-1
720	7.747000E-1
730	7.750000E-1
"2.5R 9/2"	""	""	
380	1.853000E-1
390	2.324000E-1
400	3.983000E-1
410	6.201000E-1
420	7.288000E-1
430	7.465000E-1
440	7.471000E-1
450	7.454000E-1
460	7.434000E-1
470	7.412000E-1
480	7.356000E-1
490	7.259000E-1
500	7.172000E-1
510	7.173000E-1
520	7.182000E-1
530	7.125000E-1
540	7.173000E-1
550	7.477000E-1
560	7.898000E-1
570	8.226000E-1
580	8.362000E-1
590	8.434000E-1
600	8.466000E-1
610	8.495000E-1
620	8.512000E-1
630	8.522000E-1
640	8.520000E-1
650	8.534000E-1
660	8.546000E-1
670	8.546000E-1
680	8.567000E-1
690	8.573000E-1
700	8.586000E-1
710	8.607000E-1
720	8.619000E-1
730	8.637000E-1
"5R 2.5/1"	""	""	
380	4.830000E-2
390	4.830000E-2
400	4.930000E-2
410	4.830000E-2
420	4.860000E-2
430	4.790000E-2
440	4.730000E-2
450	4.670000E-2
460	4.550000E-2
470	4.490000E-2
480	4.400000E-2
490	4.340000E-2
500	4.280000E-2
510	4.240000E-2
520	4.220000E-2
530	4.210000E-2
540	4.180000E-2
550	4.220000E-2
560	4.420000E-2
570	4.840000E-2
580	5.490000E-2
590	6.150000E-2
600	6.300000E-2
610	6.130000E-2
620	5.930000E-2
630	5.750000E-2
640	5.610000E-2
650	5.510000E-2
660	5.430000E-2
670	5.380000E-2
680	5.340000E-2
690	5.290000E-2
700	5.280000E-2
710	5.260000E-2
720	5.240000E-2
730	5.240000E-2
"5R 2.5/2"	""	""	
380	3.730000E-2
390	4.270000E-2
400	4.340000E-2
410	4.380000E-2
420	4.440000E-2
430	4.430000E-2
440	4.300000E-2
450	4.240000E-2
460	4.130000E-2
470	3.970000E-2
480	3.910000E-2
490	3.860000E-2
500	3.800000E-2
510	3.800000E-2
520	3.840000E-2
530	3.840000E-2
540	3.840000E-2
550	3.890000E-2
560	4.090000E-2
570	4.520000E-2
580	4.920000E-2
590	5.210000E-2
600	5.490000E-2
610	6.320000E-2
620	7.710000E-2
630	8.920000E-2
640	9.670000E-2
650	1.019000E-1
660	1.054000E-1
670	1.086000E-1
680	1.113000E-1
690	1.132000E-1
700	1.155000E-1
710	1.176000E-1
720	1.192000E-1
730	1.213000E-1
"5R 3/1"	""	""	
380	5.050000E-2
390	5.710000E-2
400	5.740000E-2
410	5.920000E-2
420	5.790000E-2
430	5.730000E-2
440	5.640000E-2
450	5.580000E-2
460	5.490000E-2
470	5.470000E-2
480	5.320000E-2
490	5.250000E-2
500	5.180000E-2
510	5.080000E-2
520	5.030000E-2
530	5.020000E-2
540	5.050000E-2
550	5.210000E-2
560	5.430000E-2
570	5.770000E-2
580	6.520000E-2
590	7.340000E-2
600	7.550000E-2
610	7.480000E-2
620	7.350000E-2
630	7.190000E-2
640	7.070000E-2
650	6.960000E-2
660	6.880000E-2
670	6.820000E-2
680	6.740000E-2
690	6.690000E-2
700	6.610000E-2
710	6.560000E-2
720	6.510000E-2
730	6.450000E-2
"5R 3/2"	""	""	
380	4.960000E-2
390	5.750000E-2
400	5.850000E-2
410	5.940000E-2
420	5.970000E-2
430	5.880000E-2
440	5.900000E-2
450	5.860000E-2
460	5.830000E-2
470	5.780000E-2
480	5.690000E-2
490	5.570000E-2
500	5.470000E-2
510	5.320000E-2
520	5.200000E-2
530	5.140000E-2
540	5.140000E-2
550	5.230000E-2
560	5.400000E-2
570	5.860000E-2
580	7.190000E-2
590	9.250000E-2
600	1.025000E-1
610	1.019000E-1
620	9.870000E-2
630	9.560000E-2
640	9.290000E-2
650	9.050000E-2
660	8.900000E-2
670	8.910000E-2
680	8.960000E-2
690	9.020000E-2
700	9.080000E-2
710	9.050000E-2
720	8.980000E-2
730	8.900000E-2
"5R 3/4"	""	""	
380	5.120000E-2
390	4.640000E-2
400	4.870000E-2
410	4.910000E-2
420	4.760000E-2
430	4.830000E-2
440	4.780000E-2
450	4.710000E-2
460	4.710000E-2
470	4.630000E-2
480	4.560000E-2
490	4.550000E-2
500	4.490000E-2
510	4.440000E-2
520	4.420000E-2
530	4.400000E-2
540	4.440000E-2
550	4.530000E-2
560	4.670000E-2
570	5.030000E-2
580	5.730000E-2
590	7.350000E-2
600	1.028000E-1
610	1.323000E-1
620	1.486000E-1
630	1.535000E-1
640	1.539000E-1
650	1.536000E-1
660	1.526000E-1
670	1.523000E-1
680	1.521000E-1
690	1.517000E-1
700	1.524000E-1
710	1.523000E-1
720	1.531000E-1
730	1.537000E-1
"5R 3/6"	""	""	
380	5.140000E-2
390	4.780000E-2
400	4.660000E-2
410	4.580000E-2
420	4.490000E-2
430	4.450000E-2
440	4.350000E-2
450	4.260000E-2
460	4.210000E-2
470	4.080000E-2
480	3.980000E-2
490	3.900000E-2
500	3.840000E-2
510	3.830000E-2
520	3.830000E-2
530	3.840000E-2
540	3.890000E-2
550	3.990000E-2
560	4.170000E-2
570	4.650000E-2
580	5.340000E-2
590	6.510000E-2
600	8.810000E-2
610	1.315000E-1
620	1.773000E-1
630	2.073000E-1
640	2.238000E-1
650	2.333000E-1
660	2.393000E-1
670	2.443000E-1
680	2.482000E-1
690	2.514000E-1
700	2.553000E-1
710	2.592000E-1
720	2.628000E-1
730	2.666000E-1
"5R 4/1"	""	""	
380	7.370000E-2
390	9.510000E-2
400	1.123000E-1
410	1.187000E-1
420	1.173000E-1
430	1.151000E-1
440	1.135000E-1
450	1.117000E-1
460	1.107000E-1
470	1.105000E-1
480	1.095000E-1
490	1.059000E-1
500	1.034000E-1
510	1.037000E-1
520	1.020000E-1
530	9.840000E-2
540	9.970000E-2
550	1.100000E-1
560	1.212000E-1
570	1.259000E-1
580	1.294000E-1
590	1.327000E-1
600	1.331000E-1
610	1.329000E-1
620	1.320000E-1
630	1.310000E-1
640	1.300000E-1
650	1.290000E-1
660	1.284000E-1
670	1.277000E-1
680	1.271000E-1
690	1.261000E-1
700	1.255000E-1
710	1.249000E-1
720	1.240000E-1
730	1.240000E-1
"5R 4/2"	""	""	
380	6.440000E-2
390	9.480000E-2
400	1.050000E-1
410	1.087000E-1
420	1.095000E-1
430	1.076000E-1
440	1.060000E-1
450	1.057000E-1
460	1.033000E-1
470	1.020000E-1
480	1.006000E-1
490	9.890000E-2
500	9.810000E-2
510	9.660000E-2
520	9.500000E-2
530	9.470000E-2
540	9.510000E-2
550	9.870000E-2
560	1.054000E-1
570	1.152000E-1
580	1.327000E-1
590	1.506000E-1
600	1.575000E-1
610	1.588000E-1
620	1.571000E-1
630	1.557000E-1
640	1.537000E-1
650	1.519000E-1
660	1.510000E-1
670	1.491000E-1
680	1.484000E-1
690	1.465000E-1
700	1.457000E-1
710	1.450000E-1
720	1.425000E-1
730	1.436000E-1
"5R 4/4"	""	""	
380	6.820000E-2
390	8.240000E-2
400	9.360000E-2
410	9.610000E-2
420	9.490000E-2
430	9.440000E-2
440	9.290000E-2
450	9.200000E-2
460	9.100000E-2
470	8.940000E-2
480	8.710000E-2
490	8.560000E-2
500	8.410000E-2
510	8.220000E-2
520	8.050000E-2
530	7.950000E-2
540	8.020000E-2
550	8.320000E-2
560	8.870000E-2
570	9.820000E-2
580	1.247000E-1
590	1.698000E-1
600	1.987000E-1
610	2.080000E-1
620	2.090000E-1
630	2.074000E-1
640	2.051000E-1
650	2.029000E-1
660	2.007000E-1
670	1.990000E-1
680	1.971000E-1
690	1.954000E-1
700	1.937000E-1
710	1.918000E-1
720	1.903000E-1
730	1.888000E-1
"5R 4/6"	""	""	
380	7.250000E-2
390	7.430000E-2
400	8.090000E-2
410	8.140000E-2
420	8.020000E-2
430	7.950000E-2
440	7.850000E-2
450	7.740000E-2
460	7.670000E-2
470	7.510000E-2
480	7.350000E-2
490	7.230000E-2
500	7.120000E-2
510	6.970000E-2
520	6.850000E-2
530	6.800000E-2
540	6.890000E-2
550	7.170000E-2
560	7.680000E-2
570	8.580000E-2
580	1.135000E-1
590	1.746000E-1
600	2.320000E-1
610	2.596000E-1
620	2.673000E-1
630	2.675000E-1
640	2.653000E-1
650	2.625000E-1
660	2.601000E-1
670	2.576000E-1
680	2.557000E-1
690	2.531000E-1
700	2.511000E-1
710	2.492000E-1
720	2.466000E-1
730	2.454000E-1
"5R 4/8"	""	""	
380	6.410000E-2
390	6.910000E-2
400	7.340000E-2
410	7.280000E-2
420	7.260000E-2
430	7.170000E-2
440	7.140000E-2
450	7.070000E-2
460	6.920000E-2
470	6.830000E-2
480	6.680000E-2
490	6.580000E-2
500	6.470000E-2
510	6.340000E-2
520	6.220000E-2
530	6.150000E-2
540	6.240000E-2
550	6.520000E-2
560	6.930000E-2
570	7.460000E-2
580	8.890000E-2
590	1.377000E-1
600	2.285000E-1
610	3.143000E-1
620	3.613000E-1
630	3.795000E-1
640	3.839000E-1
650	3.839000E-1
660	3.826000E-1
670	3.814000E-1
680	3.806000E-1
690	3.794000E-1
700	3.793000E-1
710	3.789000E-1
720	3.771000E-1
730	3.771000E-1
"5R 4/10"	""	""	
380	6.290000E-2
390	6.360000E-2
400	6.050000E-2
410	6.150000E-2
420	5.990000E-2
430	5.970000E-2
440	5.940000E-2
450	5.840000E-2
460	5.780000E-2
470	5.690000E-2
480	5.540000E-2
490	5.510000E-2
500	5.420000E-2
510	5.340000E-2
520	5.260000E-2
530	5.200000E-2
540	5.280000E-2
550	5.470000E-2
560	5.790000E-2
570	6.210000E-2
580	7.310000E-2
590	1.131000E-1
600	2.035000E-1
610	3.182000E-1
620	4.106000E-1
630	4.692000E-1
640	5.038000E-1
650	5.250000E-1
660	5.404000E-1
670	5.486000E-1
680	5.528000E-1
690	5.562000E-1
700	5.642000E-1
710	5.758000E-1
720	5.860000E-1
730	6.026000E-1
"5R 4/12"	""	""	
380	6.160000E-2
390	5.630000E-2
400	5.350000E-2
410	5.250000E-2
420	5.080000E-2
430	5.010000E-2
440	4.970000E-2
450	4.920000E-2
460	4.860000E-2
470	4.770000E-2
480	4.660000E-2
490	4.570000E-2
500	4.490000E-2
510	4.440000E-2
520	4.420000E-2
530	4.420000E-2
540	4.460000E-2
550	4.570000E-2
560	4.780000E-2
570	5.340000E-2
580	6.460000E-2
590	8.960000E-2
600	1.564000E-1
610	3.073000E-1
620	4.930000E-1
630	6.255000E-1
640	6.934000E-1
650	7.254000E-1
660	7.423000E-1
670	7.525000E-1
680	7.606000E-1
690	7.663000E-1
700	7.719000E-1
710	7.760000E-1
720	7.782000E-1
730	7.817000E-1
"5R 4/14"	""	""	
380	5.690000E-2
390	5.670000E-2
400	5.150000E-2
410	5.120000E-2
420	4.990000E-2
430	4.910000E-2
440	4.860000E-2
450	4.800000E-2
460	4.760000E-2
470	4.670000E-2
480	4.550000E-2
490	4.470000E-2
500	4.400000E-2
510	4.340000E-2
520	4.350000E-2
530	4.340000E-2
540	4.380000E-2
550	4.490000E-2
560	4.700000E-2
570	5.270000E-2
580	6.370000E-2
590	8.850000E-2
600	1.544000E-1
610	3.036000E-1
620	4.894000E-1
630	6.235000E-1
640	6.927000E-1
650	7.255000E-1
660	7.430000E-1
670	7.533000E-1
680	7.617000E-1
690	7.677000E-1
700	7.733000E-1
710	7.778000E-1
720	7.796000E-1
730	7.842000E-1
"5R 5/1"	""	""	
380	8.820000E-2
390	1.209000E-1
400	1.627000E-1
410	1.860000E-1
420	1.883000E-1
430	1.853000E-1
440	1.833000E-1
450	1.814000E-1
460	1.804000E-1
470	1.812000E-1
480	1.802000E-1
490	1.755000E-1
500	1.712000E-1
510	1.726000E-1
520	1.713000E-1
530	1.648000E-1
540	1.646000E-1
550	1.800000E-1
560	1.998000E-1
570	2.091000E-1
580	2.105000E-1
590	2.105000E-1
600	2.097000E-1
610	2.095000E-1
620	2.087000E-1
630	2.073000E-1
640	2.060000E-1
650	2.048000E-1
660	2.038000E-1
670	2.032000E-1
680	2.020000E-1
690	2.009000E-1
700	2.002000E-1
710	1.992000E-1
720	1.978000E-1
730	1.969000E-1
"5R 5/2"	""	""	
380	9.550000E-2
390	1.287000E-1
400	1.589000E-1
410	1.776000E-1
420	1.805000E-1
430	1.809000E-1
440	1.800000E-1
450	1.790000E-1
460	1.776000E-1
470	1.754000E-1
480	1.717000E-1
490	1.682000E-1
500	1.638000E-1
510	1.602000E-1
520	1.583000E-1
530	1.555000E-1
540	1.555000E-1
550	1.660000E-1
560	1.913000E-1
570	2.231000E-1
580	2.353000E-1
590	2.324000E-1
600	2.315000E-1
610	2.356000E-1
620	2.379000E-1
630	2.376000E-1
640	2.343000E-1
650	2.307000E-1
660	2.342000E-1
670	2.462000E-1
680	2.632000E-1
690	2.794000E-1
700	2.922000E-1
710	2.950000E-1
720	2.878000E-1
730	2.848000E-1
"5R 5/4"	""	""	
380	9.350000E-2
390	1.188000E-1
400	1.523000E-1
410	1.667000E-1
420	1.692000E-1
430	1.682000E-1
440	1.656000E-1
450	1.637000E-1
460	1.614000E-1
470	1.592000E-1
480	1.559000E-1
490	1.520000E-1
500	1.485000E-1
510	1.451000E-1
520	1.411000E-1
530	1.372000E-1
540	1.390000E-1
550	1.510000E-1
560	1.743000E-1
570	2.069000E-1
580	2.398000E-1
590	2.683000E-1
600	2.893000E-1
610	3.077000E-1
620	3.186000E-1
630	3.174000E-1
640	3.082000E-1
650	2.948000E-1
660	2.852000E-1
670	2.828000E-1
680	2.866000E-1
690	2.951000E-1
700	3.085000E-1
710	3.207000E-1
720	3.238000E-1
730	3.259000E-1
"5R 5/6"	""	""	
380	1.009000E-1
390	1.095000E-1
400	1.361000E-1
410	1.466000E-1
420	1.453000E-1
430	1.455000E-1
440	1.423000E-1
450	1.398000E-1
460	1.374000E-1
470	1.341000E-1
480	1.315000E-1
490	1.280000E-1
500	1.256000E-1
510	1.233000E-1
520	1.189000E-1
530	1.132000E-1
540	1.126000E-1
550	1.236000E-1
560	1.426000E-1
570	1.729000E-1
580	2.254000E-1
590	2.947000E-1
600	3.443000E-1
610	3.626000E-1
620	3.691000E-1
630	3.709000E-1
640	3.729000E-1
650	3.795000E-1
660	3.900000E-1
670	3.942000E-1
680	3.883000E-1
690	3.781000E-1
700	3.634000E-1
710	3.528000E-1
720	3.573000E-1
730	3.860000E-1
"5R 5/8"	""	""	
380	9.460000E-2
390	1.096000E-1
400	1.253000E-1
410	1.305000E-1
420	1.279000E-1
430	1.265000E-1
440	1.243000E-1
450	1.224000E-1
460	1.197000E-1
470	1.166000E-1
480	1.134000E-1
490	1.107000E-1
500	1.083000E-1
510	1.062000E-1
520	1.044000E-1
530	1.034000E-1
540	1.048000E-1
550	1.105000E-1
560	1.236000E-1
570	1.475000E-1
580	2.041000E-1
590	3.086000E-1
600	3.990000E-1
610	4.456000E-1
620	4.629000E-1
630	4.674000E-1
640	4.677000E-1
650	4.672000E-1
660	4.664000E-1
670	4.659000E-1
680	4.656000E-1
690	4.643000E-1
700	4.640000E-1
710	4.640000E-1
720	4.627000E-1
730	4.633000E-1
"5R 5/10"	""	""	
380	8.230000E-2
390	9.530000E-2
400	1.052000E-1
410	1.098000E-1
420	1.087000E-1
430	1.080000E-1
440	1.070000E-1
450	1.058000E-1
460	1.041000E-1
470	1.016000E-1
480	9.900000E-2
490	9.700000E-2
500	9.550000E-2
510	9.430000E-2
520	9.300000E-2
530	9.180000E-2
540	9.300000E-2
550	9.830000E-2
560	1.069000E-1
570	1.177000E-1
580	1.480000E-1
590	2.439000E-1
600	3.927000E-1
610	5.137000E-1
620	5.749000E-1
630	5.978000E-1
640	6.026000E-1
650	6.024000E-1
660	6.099000E-1
670	6.294000E-1
680	6.536000E-1
690	6.760000E-1
700	6.932000E-1
710	6.994000E-1
720	6.932000E-1
730	6.920000E-1
"5R 5/12"	""	""	
380	8.320000E-2
390	8.310000E-2
400	9.420000E-2
410	9.320000E-2
420	9.280000E-2
430	9.130000E-2
440	8.900000E-2
450	8.750000E-2
460	8.470000E-2
470	8.270000E-2
480	7.940000E-2
490	7.770000E-2
500	7.670000E-2
510	7.400000E-2
520	7.180000E-2
530	7.210000E-2
540	7.490000E-2
550	7.730000E-2
560	8.430000E-2
570	1.029000E-1
580	1.431000E-1
590	2.400000E-1
600	3.873000E-1
610	5.333000E-1
620	6.415000E-1
630	7.091000E-1
640	7.484000E-1
650	7.737000E-1
660	7.923000E-1
670	8.074000E-1
680	8.206000E-1
690	8.305000E-1
700	8.420000E-1
710	8.516000E-1
720	8.606000E-1
730	8.682000E-1
"5R 5/14"	""	""	
380	8.780000E-2
390	9.330000E-2
400	9.430000E-2
410	9.520000E-2
420	9.240000E-2
430	9.150000E-2
440	9.000000E-2
450	8.700000E-2
460	8.230000E-2
470	7.520000E-2
480	6.950000E-2
490	6.490000E-2
500	6.080000E-2
510	5.930000E-2
520	5.890000E-2
530	5.850000E-2
540	5.900000E-2
550	6.390000E-2
560	7.510000E-2
570	9.450000E-2
580	1.407000E-1
590	2.543000E-1
600	4.300000E-1
610	6.185000E-1
620	7.490000E-1
630	8.105000E-1
640	8.366000E-1
650	8.495000E-1
660	8.582000E-1
670	8.646000E-1
680	8.714000E-1
690	8.769000E-1
700	8.823000E-1
710	8.868000E-1
720	8.890000E-1
730	8.928000E-1
"5R 6/1"	""	""	
380	1.161000E-1
390	1.603000E-1
400	2.371000E-1
410	2.856000E-1
420	2.912000E-1
430	2.856000E-1
440	2.815000E-1
450	2.777000E-1
460	2.754000E-1
470	2.756000E-1
480	2.734000E-1
490	2.654000E-1
500	2.595000E-1
510	2.638000E-1
520	2.647000E-1
530	2.547000E-1
540	2.530000E-1
550	2.754000E-1
560	3.041000E-1
570	3.170000E-1
580	3.181000E-1
590	3.171000E-1
600	3.155000E-1
610	3.140000E-1
620	3.118000E-1
630	3.090000E-1
640	3.064000E-1
650	3.043000E-1
660	3.021000E-1
670	3.004000E-1
680	2.982000E-1
690	2.963000E-1
700	2.941000E-1
710	2.921000E-1
720	2.901000E-1
730	2.885000E-1
"5R 6/2"	""	""	
380	1.237000E-1
390	1.708000E-1
400	2.402000E-1
410	2.844000E-1
420	2.879000E-1
430	2.824000E-1
440	2.785000E-1
450	2.747000E-1
460	2.725000E-1
470	2.732000E-1
480	2.720000E-1
490	2.629000E-1
500	2.553000E-1
510	2.568000E-1
520	2.542000E-1
530	2.425000E-1
540	2.408000E-1
550	2.660000E-1
560	3.085000E-1
570	3.344000E-1
580	3.434000E-1
590	3.480000E-1
600	3.493000E-1
610	3.498000E-1
620	3.491000E-1
630	3.478000E-1
640	3.467000E-1
650	3.456000E-1
660	3.446000E-1
670	3.444000E-1
680	3.439000E-1
690	3.431000E-1
700	3.429000E-1
710	3.423000E-1
720	3.417000E-1
730	3.420000E-1
"5R 6/4"	""	""	
380	1.166000E-1
390	1.486000E-1
400	2.109000E-1
410	2.407000E-1
420	2.470000E-1
430	2.446000E-1
440	2.417000E-1
450	2.397000E-1
460	2.364000E-1
470	2.337000E-1
480	2.292000E-1
490	2.269000E-1
500	2.240000E-1
510	2.213000E-1
520	2.191000E-1
530	2.173000E-1
540	2.200000E-1
550	2.302000E-1
560	2.524000E-1
570	2.872000E-1
580	3.399000E-1
590	3.938000E-1
600	4.173000E-1
610	4.222000E-1
620	4.203000E-1
630	4.179000E-1
640	4.142000E-1
650	4.113000E-1
660	4.073000E-1
670	4.052000E-1
680	4.024000E-1
690	4.013000E-1
700	4.010000E-1
710	4.036000E-1
720	4.031000E-1
730	4.064000E-1
"5R 6/6"	""	""	
380	1.102000E-1
390	1.455000E-1
400	1.976000E-1
410	2.281000E-1
420	2.312000E-1
430	2.292000E-1
440	2.265000E-1
450	2.234000E-1
460	2.208000E-1
470	2.168000E-1
480	2.129000E-1
490	2.097000E-1
500	2.068000E-1
510	2.039000E-1
520	2.011000E-1
530	1.996000E-1
540	2.022000E-1
550	2.126000E-1
560	2.347000E-1
570	2.723000E-1
580	3.422000E-1
590	4.338000E-1
600	4.898000E-1
610	5.126000E-1
620	5.196000E-1
630	5.206000E-1
640	5.197000E-1
650	5.185000E-1
660	5.175000E-1
670	5.167000E-1
680	5.160000E-1
690	5.145000E-1
700	5.139000E-1
710	5.129000E-1
720	5.110000E-1
730	5.105000E-1
"5R 6/8"	""	""	
380	1.158000E-1
390	1.534000E-1
400	2.099000E-1
410	2.346000E-1
420	2.284000E-1
430	2.169000E-1
440	2.113000E-1
450	2.066000E-1
460	2.030000E-1
470	2.052000E-1
480	2.025000E-1
490	1.868000E-1
500	1.750000E-1
510	1.764000E-1
520	1.710000E-1
530	1.560000E-1
540	1.560000E-1
550	1.887000E-1
560	2.429000E-1
570	2.792000E-1
580	3.468000E-1
590	4.644000E-1
600	5.458000E-1
610	5.795000E-1
620	5.897000E-1
630	5.916000E-1
640	5.912000E-1
650	5.911000E-1
660	5.900000E-1
670	5.894000E-1
680	5.892000E-1
690	5.877000E-1
700	5.872000E-1
710	5.870000E-1
720	5.852000E-1
730	5.852000E-1
"5R 6/10"	""	""	
380	1.192000E-1
390	1.424000E-1
400	1.843000E-1
410	1.990000E-1
420	1.959000E-1
430	1.894000E-1
440	1.858000E-1
450	1.816000E-1
460	1.758000E-1
470	1.712000E-1
480	1.631000E-1
490	1.500000E-1
500	1.379000E-1
510	1.334000E-1
520	1.308000E-1
530	1.234000E-1
540	1.203000E-1
550	1.327000E-1
560	1.799000E-1
570	2.750000E-1
580	3.999000E-1
590	5.213000E-1
600	5.969000E-1
610	6.336000E-1
620	6.505000E-1
630	6.588000E-1
640	6.652000E-1
650	6.710000E-1
660	6.762000E-1
670	6.819000E-1
680	6.874000E-1
690	6.914000E-1
700	6.965000E-1
710	7.006000E-1
720	7.041000E-1
730	7.089000E-1
"5R 6/12"	""	""	
380	9.870000E-2
390	1.137000E-1
400	1.423000E-1
410	1.556000E-1
420	1.557000E-1
430	1.543000E-1
440	1.526000E-1
450	1.505000E-1
460	1.491000E-1
470	1.462000E-1
480	1.432000E-1
490	1.407000E-1
500	1.385000E-1
510	1.359000E-1
520	1.334000E-1
530	1.322000E-1
540	1.346000E-1
550	1.426000E-1
560	1.595000E-1
570	1.891000E-1
580	2.666000E-1
590	4.315000E-1
600	6.307000E-1
610	7.812000E-1
620	8.573000E-1
630	8.894000E-1
640	9.029000E-1
650	9.100000E-1
660	9.151000E-1
670	9.191000E-1
680	9.233000E-1
690	9.262000E-1
700	9.295000E-1
710	9.323000E-1
720	9.328000E-1
730	9.358000E-1
"5R 6/14"	""	""	
380	9.200000E-2
390	1.183000E-1
400	1.409000E-1
410	1.548000E-1
420	1.537000E-1
430	1.533000E-1
440	1.519000E-1
450	1.494000E-1
460	1.437000E-1
470	1.334000E-1
480	1.234000E-1
490	1.138000E-1
500	1.044000E-1
510	1.005000E-1
520	1.023000E-1
530	9.960000E-2
540	9.370000E-2
550	9.420000E-2
560	1.198000E-1
570	1.919000E-1
580	3.248000E-1
590	5.275000E-1
600	7.222000E-1
610	8.359000E-1
620	8.811000E-1
630	8.976000E-1
640	9.043000E-1
650	9.092000E-1
660	9.127000E-1
670	9.168000E-1
680	9.209000E-1
690	9.241000E-1
700	9.270000E-1
710	9.305000E-1
720	9.308000E-1
730	9.341000E-1
"5R 7/1"	""	""	
380	1.329000E-1
390	1.829000E-1
400	2.987000E-1
410	3.949000E-1
420	4.196000E-1
430	4.137000E-1
440	4.096000E-1
450	4.046000E-1
460	4.024000E-1
470	4.024000E-1
480	3.995000E-1
490	3.901000E-1
500	3.818000E-1
510	3.875000E-1
520	3.889000E-1
530	3.770000E-1
540	3.742000E-1
550	4.022000E-1
560	4.375000E-1
570	4.548000E-1
580	4.563000E-1
590	4.555000E-1
600	4.537000E-1
610	4.525000E-1
620	4.502000E-1
630	4.468000E-1
640	4.440000E-1
650	4.413000E-1
660	4.390000E-1
670	4.369000E-1
680	4.351000E-1
690	4.324000E-1
700	4.302000E-1
710	4.285000E-1
720	4.256000E-1
730	4.246000E-1
"5R 7/2"	""	""	
380	1.348000E-1
390	1.844000E-1
400	2.911000E-1
410	3.831000E-1
420	4.058000E-1
430	4.041000E-1
440	3.998000E-1
450	3.947000E-1
460	3.907000E-1
470	3.855000E-1
480	3.807000E-1
490	3.774000E-1
500	3.746000E-1
510	3.732000E-1
520	3.734000E-1
530	3.725000E-1
540	3.743000E-1
550	3.862000E-1
560	4.114000E-1
570	4.485000E-1
580	4.739000E-1
590	4.852000E-1
600	4.886000E-1
610	4.899000E-1
620	4.889000E-1
630	4.867000E-1
640	4.842000E-1
650	4.828000E-1
660	4.811000E-1
670	4.798000E-1
680	4.787000E-1
690	4.768000E-1
700	4.755000E-1
710	4.744000E-1
720	4.722000E-1
730	4.717000E-1
"5R 7/4"	""	""	
380	1.337000E-1
390	1.806000E-1
400	2.710000E-1
410	3.434000E-1
420	3.611000E-1
430	3.608000E-1
440	3.575000E-1
450	3.540000E-1
460	3.511000E-1
470	3.470000E-1
480	3.419000E-1
490	3.374000E-1
500	3.332000E-1
510	3.294000E-1
520	3.239000E-1
530	3.160000E-1
540	3.162000E-1
550	3.348000E-1
560	3.696000E-1
570	4.243000E-1
580	4.954000E-1
590	5.569000E-1
600	5.758000E-1
610	5.696000E-1
620	5.608000E-1
630	5.544000E-1
640	5.484000E-1
650	5.440000E-1
660	5.477000E-1
670	5.600000E-1
680	5.756000E-1
690	5.889000E-1
700	5.990000E-1
710	6.012000E-1
720	5.958000E-1
730	5.935000E-1
"5R 7/6"	""	""	
380	1.349000E-1
390	1.761000E-1
400	2.592000E-1
410	3.215000E-1
420	3.347000E-1
430	3.334000E-1
440	3.301000E-1
450	3.265000E-1
460	3.237000E-1
470	3.191000E-1
480	3.139000E-1
490	3.102000E-1
500	3.060000E-1
510	3.021000E-1
520	2.986000E-1
530	2.966000E-1
540	2.998000E-1
550	3.136000E-1
560	3.426000E-1
570	3.922000E-1
580	4.819000E-1
590	5.987000E-1
600	6.636000E-1
610	6.798000E-1
620	6.789000E-1
630	6.757000E-1
640	6.711000E-1
650	6.679000E-1
660	6.709000E-1
670	6.823000E-1
680	6.967000E-1
690	7.082000E-1
700	7.172000E-1
710	7.200000E-1
720	7.148000E-1
730	7.137000E-1
"5R 7/8"	""	""	
380	1.387000E-1
390	1.763000E-1
400	2.550000E-1
410	3.080000E-1
420	3.154000E-1
430	3.102000E-1
440	3.055000E-1
450	3.000000E-1
460	2.947000E-1
470	2.884000E-1
480	2.822000E-1
490	2.774000E-1
500	2.732000E-1
510	2.706000E-1
520	2.688000E-1
530	2.676000E-1
540	2.703000E-1
550	2.848000E-1
560	3.195000E-1
570	3.828000E-1
580	4.869000E-1
590	6.294000E-1
600	7.451000E-1
610	8.121000E-1
620	8.413000E-1
630	8.525000E-1
640	8.572000E-1
650	8.602000E-1
660	8.629000E-1
670	8.658000E-1
680	8.688000E-1
690	8.708000E-1
700	8.739000E-1
710	8.770000E-1
720	8.790000E-1
730	8.821000E-1
"5R 7/10"	""	""	
380	1.250000E-1
390	1.697000E-1
400	2.293000E-1
410	2.714000E-1
420	2.747000E-1
430	2.736000E-1
440	2.686000E-1
450	2.647000E-1
460	2.593000E-1
470	2.524000E-1
480	2.451000E-1
490	2.387000E-1
500	2.315000E-1
510	2.263000E-1
520	2.251000E-1
530	2.227000E-1
540	2.216000E-1
550	2.335000E-1
560	2.827000E-1
570	3.844000E-1
580	5.247000E-1
590	6.814000E-1
600	8.043000E-1
610	8.742000E-1
620	9.065000E-1
630	9.192000E-1
640	9.256000E-1
650	9.293000E-1
660	9.329000E-1
670	9.357000E-1
680	9.390000E-1
690	9.409000E-1
700	9.440000E-1
710	9.463000E-1
720	9.468000E-1
730	9.499000E-1
"5R 8/1"	""	""	
380	1.512000E-1
390	2.059000E-1
400	3.509000E-1
410	5.169000E-1
420	5.796000E-1
430	5.820000E-1
440	5.776000E-1
450	5.731000E-1
460	5.708000E-1
470	5.702000E-1
480	5.671000E-1
490	5.584000E-1
500	5.507000E-1
510	5.551000E-1
520	5.569000E-1
530	5.452000E-1
540	5.423000E-1
550	5.666000E-1
560	5.976000E-1
570	6.127000E-1
580	6.139000E-1
590	6.129000E-1
600	6.114000E-1
610	6.104000E-1
620	6.081000E-1
630	6.049000E-1
640	6.017000E-1
650	5.995000E-1
660	5.972000E-1
670	5.955000E-1
680	5.938000E-1
690	5.907000E-1
700	5.892000E-1
710	5.873000E-1
720	5.845000E-1
730	5.829000E-1
"5R 8/2"	""	""	
380	1.600000E-1
390	2.066000E-1
400	3.453000E-1
410	4.988000E-1
420	5.562000E-1
430	5.636000E-1
440	5.609000E-1
450	5.578000E-1
460	5.563000E-1
470	5.521000E-1
480	5.478000E-1
490	5.455000E-1
500	5.425000E-1
510	5.399000E-1
520	5.392000E-1
530	5.382000E-1
540	5.410000E-1
550	5.525000E-1
560	5.731000E-1
570	6.041000E-1
580	6.338000E-1
590	6.545000E-1
600	6.624000E-1
610	6.663000E-1
620	6.672000E-1
630	6.663000E-1
640	6.653000E-1
650	6.649000E-1
660	6.646000E-1
670	6.653000E-1
680	6.659000E-1
690	6.655000E-1
700	6.659000E-1
710	6.660000E-1
720	6.655000E-1
730	6.669000E-1
"5R 8/4"	""	""	
380	1.574000E-1
390	1.988000E-1
400	3.241000E-1
410	4.504000E-1
420	4.948000E-1
430	4.966000E-1
440	4.950000E-1
450	4.911000E-1
460	4.893000E-1
470	4.842000E-1
480	4.794000E-1
490	4.754000E-1
500	4.723000E-1
510	4.684000E-1
520	4.661000E-1
530	4.642000E-1
540	4.687000E-1
550	4.855000E-1
560	5.204000E-1
570	5.765000E-1
580	6.579000E-1
590	7.411000E-1
600	7.761000E-1
610	7.767000E-1
620	7.694000E-1
630	7.607000E-1
640	7.540000E-1
650	7.486000E-1
660	7.474000E-1
670	7.473000E-1
680	7.501000E-1
690	7.535000E-1
700	7.580000E-1
710	7.616000E-1
720	7.670000E-1
730	7.830000E-1
"5R 9/1"	""	""	
380	1.822000E-1
390	2.237000E-1
400	3.763000E-1
410	6.056000E-1
420	7.408000E-1
430	7.702000E-1
440	7.741000E-1
450	7.748000E-1
460	7.767000E-1
470	7.748000E-1
480	7.718000E-1
490	7.707000E-1
500	7.673000E-1
510	7.646000E-1
520	7.643000E-1
530	7.624000E-1
540	7.632000E-1
550	7.691000E-1
560	7.754000E-1
570	7.901000E-1
580	8.167000E-1
590	8.389000E-1
600	8.404000E-1
610	8.373000E-1
620	8.337000E-1
630	8.311000E-1
640	8.293000E-1
650	8.284000E-1
660	8.310000E-1
670	8.369000E-1
680	8.442000E-1
690	8.494000E-1
700	8.538000E-1
710	8.561000E-1
720	8.547000E-1
730	8.562000E-1
"5R 9/2"	""	""	
380	1.797000E-1
390	2.234000E-1
400	3.792000E-1
410	5.978000E-1
420	7.164000E-1
430	7.408000E-1
440	7.431000E-1
450	7.435000E-1
460	7.447000E-1
470	7.414000E-1
480	7.376000E-1
490	7.364000E-1
500	7.336000E-1
510	7.309000E-1
520	7.302000E-1
530	7.284000E-1
540	7.303000E-1
550	7.398000E-1
560	7.542000E-1
570	7.811000E-1
580	8.216000E-1
590	8.574000E-1
600	8.693000E-1
610	8.739000E-1
620	8.789000E-1
630	8.870000E-1
640	8.961000E-1
650	9.047000E-1
660	9.095000E-1
670	9.080000E-1
680	9.060000E-1
690	9.042000E-1
700	9.070000E-1
710	9.125000E-1
720	9.185000E-1
730	9.270000E-1
"7.5R 2.5/2"	""	""	
380	4.980000E-2
390	4.970000E-2
400	5.070000E-2
410	4.970000E-2
420	4.880000E-2
430	4.770000E-2
440	4.700000E-2
450	4.600000E-2
460	4.540000E-2
470	4.430000E-2
480	4.300000E-2
490	4.240000E-2
500	4.250000E-2
510	4.190000E-2
520	4.110000E-2
530	4.170000E-2
540	4.380000E-2
550	4.610000E-2
560	4.680000E-2
570	4.830000E-2
580	5.180000E-2
590	5.780000E-2
600	6.550000E-2
610	7.210000E-2
620	7.580000E-2
630	7.770000E-2
640	7.840000E-2
650	7.840000E-2
660	7.870000E-2
670	7.890000E-2
680	7.940000E-2
690	7.950000E-2
700	8.030000E-2
710	8.050000E-2
720	8.140000E-2
730	8.220000E-2
"7.5R 3/2"	""	""	
380	6.150000E-2
390	5.650000E-2
400	5.610000E-2
410	5.540000E-2
420	5.560000E-2
430	5.460000E-2
440	5.420000E-2
450	5.380000E-2
460	5.330000E-2
470	5.290000E-2
480	5.190000E-2
490	5.180000E-2
500	5.110000E-2
510	5.060000E-2
520	5.020000E-2
530	5.000000E-2
540	5.020000E-2
550	5.160000E-2
560	5.420000E-2
570	5.980000E-2
580	7.190000E-2
590	8.830000E-2
600	9.630000E-2
610	9.650000E-2
620	9.410000E-2
630	9.160000E-2
640	8.910000E-2
650	8.700000E-2
660	8.510000E-2
670	8.370000E-2
680	8.230000E-2
690	8.110000E-2
700	7.990000E-2
710	7.880000E-2
720	7.770000E-2
730	7.720000E-2
"7.5R 3/4"	""	""	
380	4.010000E-2
390	4.510000E-2
400	4.230000E-2
410	4.340000E-2
420	4.270000E-2
430	4.220000E-2
440	4.180000E-2
450	4.180000E-2
460	4.130000E-2
470	4.110000E-2
480	4.060000E-2
490	4.020000E-2
500	4.010000E-2
510	3.980000E-2
520	4.040000E-2
530	4.070000E-2
540	4.150000E-2
550	4.300000E-2
560	4.590000E-2
570	5.110000E-2
580	6.260000E-2
590	8.600000E-2
600	1.149000E-1
610	1.327000E-1
620	1.390000E-1
630	1.397000E-1
640	1.390000E-1
650	1.380000E-1
660	1.374000E-1
670	1.370000E-1
680	1.370000E-1
690	1.369000E-1
700	1.373000E-1
710	1.375000E-1
720	1.381000E-1
730	1.387000E-1
"7.5R 3/6"	""	""	
380	4.330000E-2
390	4.250000E-2
400	4.110000E-2
410	4.110000E-2
420	4.040000E-2
430	4.000000E-2
440	3.990000E-2
450	3.960000E-2
460	3.900000E-2
470	3.850000E-2
480	3.790000E-2
490	3.770000E-2
500	3.740000E-2
510	3.760000E-2
520	3.870000E-2
530	4.000000E-2
540	4.110000E-2
550	4.280000E-2
560	4.660000E-2
570	5.450000E-2
580	6.480000E-2
590	8.110000E-2
600	1.112000E-1
610	1.475000E-1
620	1.722000E-1
630	1.829000E-1
640	1.855000E-1
650	1.859000E-1
660	1.859000E-1
670	1.862000E-1
680	1.867000E-1
690	1.874000E-1
700	1.882000E-1
710	1.889000E-1
720	1.902000E-1
730	1.914000E-1
"7.5R 4/2"	""	""	
380	7.830000E-2
390	9.580000E-2
400	1.091000E-1
410	1.119000E-1
420	1.083000E-1
430	1.048000E-1
440	1.021000E-1
450	1.004000E-1
460	9.870000E-2
470	9.890000E-2
480	9.710000E-2
490	9.260000E-2
500	8.980000E-2
510	9.010000E-2
520	8.790000E-2
530	8.440000E-2
540	8.710000E-2
550	1.013000E-1
560	1.204000E-1
570	1.303000E-1
580	1.388000E-1
590	1.480000E-1
600	1.505000E-1
610	1.501000E-1
620	1.485000E-1
630	1.467000E-1
640	1.448000E-1
650	1.434000E-1
660	1.421000E-1
670	1.406000E-1
680	1.392000E-1
690	1.382000E-1
700	1.368000E-1
710	1.358000E-1
720	1.346000E-1
730	1.337000E-1
"7.5R 4/4"	""	""	
380	6.920000E-2
390	7.870000E-2
400	8.410000E-2
410	8.450000E-2
420	8.060000E-2
430	7.720000E-2
440	7.570000E-2
450	7.460000E-2
460	7.370000E-2
470	7.380000E-2
480	7.200000E-2
490	6.870000E-2
500	6.750000E-2
510	6.750000E-2
520	6.530000E-2
530	6.440000E-2
540	6.950000E-2
550	8.210000E-2
560	9.570000E-2
570	1.021000E-1
580	1.222000E-1
590	1.628000E-1
600	1.894000E-1
610	1.971000E-1
620	1.971000E-1
630	1.951000E-1
640	1.925000E-1
650	1.901000E-1
660	1.880000E-1
670	1.857000E-1
680	1.839000E-1
690	1.821000E-1
700	1.801000E-1
710	1.785000E-1
720	1.768000E-1
730	1.748000E-1
"7.5R 4/6"	""	""	
380	7.350000E-2
390	6.450000E-2
400	7.120000E-2
410	6.830000E-2
420	6.700000E-2
430	6.450000E-2
440	6.370000E-2
450	6.340000E-2
460	6.270000E-2
470	6.290000E-2
480	6.050000E-2
490	5.930000E-2
500	5.910000E-2
510	5.960000E-2
520	5.740000E-2
530	5.850000E-2
540	6.470000E-2
550	7.640000E-2
560	8.680000E-2
570	9.110000E-2
580	1.093000E-1
590	1.608000E-1
600	2.148000E-1
610	2.438000E-1
620	2.524000E-1
630	2.546000E-1
640	2.537000E-1
650	2.536000E-1
660	2.524000E-1
670	2.524000E-1
680	2.517000E-1
690	2.518000E-1
700	2.513000E-1
710	2.517000E-1
720	2.513000E-1
730	2.511000E-1
"7.5R 4/8"	""	""	
380	5.040000E-2
390	4.750000E-2
400	4.850000E-2
410	4.700000E-2
420	4.830000E-2
430	4.690000E-2
440	4.790000E-2
450	4.760000E-2
460	4.840000E-2
470	4.730000E-2
480	4.600000E-2
490	4.590000E-2
500	4.790000E-2
510	4.800000E-2
520	4.650000E-2
530	4.910000E-2
540	5.660000E-2
550	6.730000E-2
560	7.420000E-2
570	7.530000E-2
580	8.750000E-2
590	1.297000E-1
600	2.002000E-1
610	2.689000E-1
620	3.056000E-1
630	3.201000E-1
640	3.247000E-1
650	3.263000E-1
660	3.281000E-1
670	3.287000E-1
680	3.303000E-1
690	3.310000E-1
700	3.330000E-1
710	3.341000E-1
720	3.360000E-1
730	3.363000E-1
"7.5R 4/10"	""	""	
380	5.110000E-2
390	4.790000E-2
400	4.630000E-2
410	4.660000E-2
420	4.570000E-2
430	4.580000E-2
440	4.510000E-2
450	4.560000E-2
460	4.490000E-2
470	4.540000E-2
480	4.510000E-2
490	4.570000E-2
500	4.600000E-2
510	4.660000E-2
520	4.700000E-2
530	4.780000E-2
540	4.910000E-2
550	5.280000E-2
560	5.900000E-2
570	6.940000E-2
580	9.640000E-2
590	1.670000E-1
600	2.671000E-1
610	3.502000E-1
620	3.957000E-1
630	4.146000E-1
640	4.201000E-1
650	4.213000E-1
660	4.209000E-1
670	4.203000E-1
680	4.197000E-1
690	4.194000E-1
700	4.185000E-1
710	4.181000E-1
720	4.164000E-1
730	4.160000E-1
"7.5R 4/12"	""	""	
380	4.310000E-2
390	3.870000E-2
400	3.490000E-2
410	3.580000E-2
420	3.470000E-2
430	3.600000E-2
440	3.610000E-2
450	3.630000E-2
460	3.680000E-2
470	3.640000E-2
480	3.530000E-2
490	3.530000E-2
500	3.760000E-2
510	3.800000E-2
520	3.720000E-2
530	3.960000E-2
540	4.600000E-2
550	5.350000E-2
560	5.740000E-2
570	5.850000E-2
580	6.970000E-2
590	1.126000E-1
600	2.197000E-1
610	3.588000E-1
620	4.555000E-1
630	5.038000E-1
640	5.259000E-1
650	5.389000E-1
660	5.483000E-1
670	5.557000E-1
680	5.626000E-1
690	5.689000E-1
700	5.739000E-1
710	5.795000E-1
720	5.826000E-1
730	5.877000E-1
"7.5R 5/2"	""	""	
380	9.980000E-2
390	1.328000E-1
400	1.694000E-1
410	1.854000E-1
420	1.823000E-1
430	1.751000E-1
440	1.711000E-1
450	1.676000E-1
460	1.654000E-1
470	1.662000E-1
480	1.648000E-1
490	1.567000E-1
500	1.508000E-1
510	1.530000E-1
520	1.508000E-1
530	1.420000E-1
540	1.428000E-1
550	1.670000E-1
560	2.052000E-1
570	2.269000E-1
580	2.307000E-1
590	2.310000E-1
600	2.301000E-1
610	2.285000E-1
620	2.267000E-1
630	2.242000E-1
640	2.219000E-1
650	2.201000E-1
660	2.180000E-1
670	2.161000E-1
680	2.144000E-1
690	2.127000E-1
700	2.109000E-1
710	2.090000E-1
720	2.070000E-1
730	2.057000E-1
"7.5R 5/4"	""	""	
380	9.340000E-2
390	1.138000E-1
400	1.370000E-1
410	1.485000E-1
420	1.482000E-1
430	1.466000E-1
440	1.452000E-1
450	1.430000E-1
460	1.409000E-1
470	1.389000E-1
480	1.369000E-1
490	1.351000E-1
500	1.336000E-1
510	1.321000E-1
520	1.302000E-1
530	1.284000E-1
540	1.305000E-1
550	1.415000E-1
560	1.654000E-1
570	2.033000E-1
580	2.427000E-1
590	2.754000E-1
600	2.921000E-1
610	2.903000E-1
620	2.800000E-1
630	2.759000E-1
640	2.850000E-1
650	3.060000E-1
660	3.307000E-1
670	3.459000E-1
680	3.483000E-1
690	3.425000E-1
700	3.299000E-1
710	3.187000E-1
720	3.238000E-1
730	3.481000E-1
"7.5R 5/6"	""	""	
380	9.080000E-2
390	1.133000E-1
400	1.317000E-1
410	1.359000E-1
420	1.277000E-1
430	1.207000E-1
440	1.169000E-1
450	1.139000E-1
460	1.116000E-1
470	1.133000E-1
480	1.115000E-1
490	1.034000E-1
500	9.810000E-2
510	9.980000E-2
520	9.680000E-2
530	9.030000E-2
540	9.360000E-2
550	1.187000E-1
560	1.652000E-1
570	2.020000E-1
580	2.445000E-1
590	3.025000E-1
600	3.332000E-1
610	3.429000E-1
620	3.432000E-1
630	3.418000E-1
640	3.391000E-1
650	3.370000E-1
660	3.347000E-1
670	3.326000E-1
680	3.305000E-1
690	3.284000E-1
700	3.262000E-1
710	3.241000E-1
720	3.225000E-1
730	3.197000E-1
"7.5R 5/8"	""	""	
380	8.680000E-2
390	1.026000E-1
400	1.121000E-1
410	1.137000E-1
420	1.067000E-1
430	1.017000E-1
440	9.810000E-2
450	9.680000E-2
460	9.480000E-2
470	9.660000E-2
480	9.400000E-2
490	8.850000E-2
500	8.520000E-2
510	8.710000E-2
520	8.420000E-2
530	8.090000E-2
540	8.630000E-2
550	1.084000E-1
560	1.463000E-1
570	1.779000E-1
580	2.279000E-1
590	3.172000E-1
600	3.822000E-1
610	4.099000E-1
620	4.176000E-1
630	4.195000E-1
640	4.183000E-1
650	4.179000E-1
660	4.169000E-1
670	4.163000E-1
680	4.152000E-1
690	4.142000E-1
700	4.137000E-1
710	4.126000E-1
720	4.121000E-1
730	4.108000E-1
"7.5R 5/10"	""	""	
380	7.440000E-2
390	8.110000E-2
400	8.370000E-2
410	8.500000E-2
420	8.340000E-2
430	8.200000E-2
440	8.090000E-2
450	8.010000E-2
460	7.870000E-2
470	7.760000E-2
480	7.620000E-2
490	7.540000E-2
500	7.450000E-2
510	7.390000E-2
520	7.390000E-2
530	7.440000E-2
540	7.650000E-2
550	8.330000E-2
560	1.020000E-1
570	1.400000E-1
580	2.114000E-1
590	3.318000E-1
600	4.446000E-1
610	5.015000E-1
620	5.172000E-1
630	5.190000E-1
640	5.145000E-1
650	5.102000E-1
660	5.158000E-1
670	5.350000E-1
680	5.608000E-1
690	5.862000E-1
700	6.060000E-1
710	6.157000E-1
720	6.110000E-1
730	6.101000E-1
"7.5R 5/12"	""	""	
380	5.880000E-2
390	5.950000E-2
400	5.690000E-2
410	5.610000E-2
420	5.340000E-2
430	5.300000E-2
440	5.220000E-2
450	5.170000E-2
460	5.190000E-2
470	5.140000E-2
480	4.970000E-2
490	4.890000E-2
500	5.040000E-2
510	5.050000E-2
520	4.860000E-2
530	5.040000E-2
540	5.870000E-2
550	7.520000E-2
560	9.710000E-2
570	1.102000E-1
580	1.442000E-1
590	2.507000E-1
600	4.211000E-1
610	5.700000E-1
620	6.480000E-1
630	6.827000E-1
640	6.987000E-1
650	7.083000E-1
660	7.148000E-1
670	7.188000E-1
680	7.221000E-1
690	7.249000E-1
700	7.280000E-1
710	7.325000E-1
720	7.353000E-1
730	7.391000E-1
"7.5R 6/2"	""	""	
380	1.177000E-1
390	1.625000E-1
400	2.313000E-1
410	2.727000E-1
420	2.756000E-1
430	2.692000E-1
440	2.660000E-1
450	2.628000E-1
460	2.608000E-1
470	2.621000E-1
480	2.615000E-1
490	2.525000E-1
500	2.452000E-1
510	2.500000E-1
520	2.508000E-1
530	2.397000E-1
540	2.378000E-1
550	2.658000E-1
560	3.144000E-1
570	3.432000E-1
580	3.495000E-1
590	3.507000E-1
600	3.503000E-1
610	3.498000E-1
620	3.483000E-1
630	3.464000E-1
640	3.441000E-1
650	3.424000E-1
660	3.408000E-1
670	3.392000E-1
680	3.377000E-1
690	3.358000E-1
700	3.345000E-1
710	3.327000E-1
720	3.305000E-1
730	3.288000E-1
"7.5R 6/4"	""	""	
380	1.244000E-1
390	1.623000E-1
400	2.212000E-1
410	2.505000E-1
420	2.472000E-1
430	2.369000E-1
440	2.318000E-1
450	2.272000E-1
460	2.245000E-1
470	2.270000E-1
480	2.265000E-1
490	2.144000E-1
500	2.045000E-1
510	2.078000E-1
520	2.052000E-1
530	1.908000E-1
540	1.892000E-1
550	2.258000E-1
560	3.074000E-1
570	3.755000E-1
580	3.985000E-1
590	4.058000E-1
600	4.080000E-1
610	4.083000E-1
620	4.068000E-1
630	4.048000E-1
640	4.028000E-1
650	4.006000E-1
660	3.992000E-1
670	3.974000E-1
680	3.959000E-1
690	3.940000E-1
700	3.924000E-1
710	3.905000E-1
720	3.882000E-1
730	3.872000E-1
"7.5R 6/6"	""	""	
380	1.210000E-1
390	1.602000E-1
400	2.041000E-1
410	2.246000E-1
420	2.172000E-1
430	2.077000E-1
440	2.022000E-1
450	1.983000E-1
460	1.945000E-1
470	1.970000E-1
480	1.955000E-1
490	1.835000E-1
500	1.732000E-1
510	1.759000E-1
520	1.726000E-1
530	1.602000E-1
540	1.596000E-1
550	1.943000E-1
560	2.753000E-1
570	3.525000E-1
580	4.062000E-1
590	4.509000E-1
600	4.706000E-1
610	4.766000E-1
620	4.770000E-1
630	4.756000E-1
640	4.735000E-1
650	4.715000E-1
660	4.704000E-1
670	4.683000E-1
680	4.675000E-1
690	4.648000E-1
700	4.635000E-1
710	4.614000E-1
720	4.592000E-1
730	4.581000E-1
"7.5R 6/8"	""	""	
380	1.048000E-1
390	1.414000E-1
400	1.804000E-1
410	1.938000E-1
420	1.861000E-1
430	1.745000E-1
440	1.695000E-1
450	1.648000E-1
460	1.622000E-1
470	1.647000E-1
480	1.635000E-1
490	1.508000E-1
500	1.419000E-1
510	1.448000E-1
520	1.414000E-1
530	1.294000E-1
540	1.316000E-1
550	1.682000E-1
560	2.475000E-1
570	3.199000E-1
580	3.937000E-1
590	4.867000E-1
600	5.415000E-1
610	5.615000E-1
620	5.659000E-1
630	5.653000E-1
640	5.631000E-1
650	5.613000E-1
660	5.592000E-1
670	5.569000E-1
680	5.550000E-1
690	5.528000E-1
700	5.505000E-1
710	5.485000E-1
720	5.463000E-1
730	5.435000E-1
"7.5R 6/10"	""	""	
380	1.026000E-1
390	1.175000E-1
400	1.363000E-1
410	1.434000E-1
420	1.421000E-1
430	1.397000E-1
440	1.375000E-1
450	1.351000E-1
460	1.331000E-1
470	1.311000E-1
480	1.293000E-1
490	1.282000E-1
500	1.279000E-1
510	1.281000E-1
520	1.290000E-1
530	1.299000E-1
540	1.343000E-1
550	1.483000E-1
560	1.834000E-1
570	2.517000E-1
580	3.557000E-1
590	4.816000E-1
600	5.846000E-1
610	6.472000E-1
620	6.779000E-1
630	6.926000E-1
640	6.999000E-1
650	7.095000E-1
660	7.211000E-1
670	7.262000E-1
680	7.242000E-1
690	7.182000E-1
700	7.064000E-1
710	6.963000E-1
720	7.018000E-1
730	7.252000E-1
"7.5R 6/12"	""	""	
380	1.024000E-1
390	1.086000E-1
400	1.235000E-1
410	1.295000E-1
420	1.261000E-1
430	1.229000E-1
440	1.201000E-1
450	1.177000E-1
460	1.154000E-1
470	1.131000E-1
480	1.108000E-1
490	1.092000E-1
500	1.077000E-1
510	1.065000E-1
520	1.069000E-1
530	1.085000E-1
540	1.146000E-1
550	1.315000E-1
560	1.692000E-1
570	2.368000E-1
580	3.410000E-1
590	4.846000E-1
600	6.296000E-1
610	7.451000E-1
620	8.141000E-1
630	8.478000E-1
640	8.617000E-1
650	8.690000E-1
660	8.736000E-1
670	8.781000E-1
680	8.840000E-1
690	8.894000E-1
700	8.948000E-1
710	8.997000E-1
720	9.024000E-1
730	9.030000E-1
"7.5R 7/2"	""	""	
380	1.337000E-1
390	1.844000E-1
400	2.912000E-1
410	3.825000E-1
420	3.999000E-1
430	3.922000E-1
440	3.868000E-1
450	3.821000E-1
460	3.789000E-1
470	3.806000E-1
480	3.788000E-1
490	3.660000E-1
500	3.563000E-1
510	3.636000E-1
520	3.648000E-1
530	3.486000E-1
540	3.462000E-1
550	3.853000E-1
560	4.427000E-1
570	4.731000E-1
580	4.787000E-1
590	4.792000E-1
600	4.784000E-1
610	4.772000E-1
620	4.747000E-1
630	4.719000E-1
640	4.688000E-1
650	4.660000E-1
660	4.637000E-1
670	4.614000E-1
680	4.590000E-1
690	4.565000E-1
700	4.541000E-1
710	4.516000E-1
720	4.486000E-1
730	4.465000E-1
"7.5R 7/4"	""	""	
380	1.379000E-1
390	1.853000E-1
400	2.856000E-1
410	3.609000E-1
420	3.681000E-1
430	3.555000E-1
440	3.485000E-1
450	3.421000E-1
460	3.377000E-1
470	3.410000E-1
480	3.397000E-1
490	3.227000E-1
500	3.093000E-1
510	3.150000E-1
520	3.121000E-1
530	2.913000E-1
540	2.892000E-1
550	3.411000E-1
560	4.422000E-1
570	5.181000E-1
580	5.430000E-1
590	5.513000E-1
600	5.538000E-1
610	5.544000E-1
620	5.523000E-1
630	5.496000E-1
640	5.465000E-1
650	5.442000E-1
660	5.422000E-1
670	5.397000E-1
680	5.382000E-1
690	5.359000E-1
700	5.334000E-1
710	5.314000E-1
720	5.290000E-1
730	5.269000E-1
"7.5R 7/6"	""	""	
380	1.361000E-1
390	1.792000E-1
400	2.656000E-1
410	3.213000E-1
420	3.213000E-1
430	3.068000E-1
440	2.995000E-1
450	2.926000E-1
460	2.882000E-1
470	2.920000E-1
480	2.908000E-1
490	2.726000E-1
500	2.584000E-1
510	2.632000E-1
520	2.590000E-1
530	2.382000E-1
540	2.363000E-1
550	2.888000E-1
560	4.046000E-1
570	5.097000E-1
580	5.693000E-1
590	6.101000E-1
600	6.285000E-1
610	6.348000E-1
620	6.351000E-1
630	6.338000E-1
640	6.314000E-1
650	6.299000E-1
660	6.288000E-1
670	6.271000E-1
680	6.260000E-1
690	6.243000E-1
700	6.227000E-1
710	6.209000E-1
720	6.191000E-1
730	6.177000E-1
"7.5R 7/8"	""	""	
380	1.256000E-1
390	1.642000E-1
400	2.361000E-1
410	2.726000E-1
420	2.667000E-1
430	2.520000E-1
440	2.448000E-1
450	2.382000E-1
460	2.342000E-1
470	2.381000E-1
480	2.369000E-1
490	2.192000E-1
500	2.062000E-1
510	2.110000E-1
520	2.066000E-1
530	1.876000E-1
540	1.874000E-1
550	2.391000E-1
560	3.598000E-1
570	4.809000E-1
580	5.731000E-1
590	6.618000E-1
600	7.131000E-1
610	7.337000E-1
620	7.385000E-1
630	7.387000E-1
640	7.372000E-1
650	7.362000E-1
660	7.348000E-1
670	7.334000E-1
680	7.320000E-1
690	7.302000E-1
700	7.287000E-1
710	7.272000E-1
720	7.251000E-1
730	7.237000E-1
"7.5R 7/10"	""	""	
380	1.303000E-1
390	1.769000E-1
400	2.278000E-1
410	2.539000E-1
420	2.446000E-1
430	2.332000E-1
440	2.262000E-1
450	2.218000E-1
460	2.173000E-1
470	2.207000E-1
480	2.192000E-1
490	2.048000E-1
500	1.928000E-1
510	1.964000E-1
520	1.932000E-1
530	1.783000E-1
540	1.774000E-1
550	2.201000E-1
560	3.371000E-1
570	4.857000E-1
580	6.114000E-1
590	7.312000E-1
600	8.133000E-1
610	8.538000E-1
620	8.692000E-1
630	8.752000E-1
640	8.783000E-1
650	8.802000E-1
660	8.812000E-1
670	8.790000E-1
680	8.806000E-1
690	8.830000E-1
700	8.835000E-1
710	8.858000E-1
720	8.856000E-1
730	8.876000E-1
"7.5R 8/2"	""	""	
380	1.690000E-1
390	2.192000E-1
400	3.552000E-1
410	5.013000E-1
420	5.498000E-1
430	5.481000E-1
440	5.440000E-1
450	5.398000E-1
460	5.377000E-1
470	5.382000E-1
480	5.365000E-1
490	5.267000E-1
500	5.189000E-1
510	5.271000E-1
520	5.334000E-1
530	5.212000E-1
540	5.175000E-1
550	5.502000E-1
560	6.048000E-1
570	6.383000E-1
580	6.462000E-1
590	6.484000E-1
600	6.482000E-1
610	6.484000E-1
620	6.465000E-1
630	6.444000E-1
640	6.415000E-1
650	6.393000E-1
660	6.373000E-1
670	6.358000E-1
680	6.341000E-1
690	6.318000E-1
700	6.300000E-1
710	6.275000E-1
720	6.256000E-1
730	6.235000E-1
"7.5R 8/4"	""	""	
380	1.501000E-1
390	2.000000E-1
400	3.272000E-1
410	4.560000E-1
420	4.851000E-1
430	4.757000E-1
440	4.685000E-1
450	4.627000E-1
460	4.590000E-1
470	4.636000E-1
480	4.622000E-1
490	4.437000E-1
500	4.292000E-1
510	4.386000E-1
520	4.387000E-1
530	4.151000E-1
540	4.115000E-1
550	4.733000E-1
560	5.958000E-1
570	6.947000E-1
580	7.320000E-1
590	7.464000E-1
600	7.531000E-1
610	7.556000E-1
620	7.552000E-1
630	7.539000E-1
640	7.516000E-1
650	7.504000E-1
660	7.494000E-1
670	7.480000E-1
680	7.473000E-1
690	7.461000E-1
700	7.446000E-1
710	7.440000E-1
720	7.417000E-1
730	7.406000E-1
"7.5R 9/2"	""	""	
380	1.748000E-1
390	2.233000E-1
400	3.740000E-1
410	5.852000E-1
420	6.932000E-1
430	7.121000E-1
440	7.134000E-1
450	7.143000E-1
460	7.148000E-1
470	7.141000E-1
480	7.119000E-1
490	7.114000E-1
500	7.105000E-1
510	7.098000E-1
520	7.104000E-1
530	7.102000E-1
540	7.144000E-1
550	7.294000E-1
560	7.540000E-1
570	7.933000E-1
580	8.369000E-1
590	8.701000E-1
600	8.814000E-1
610	8.836000E-1
620	8.837000E-1
630	8.843000E-1
640	8.841000E-1
650	8.840000E-1
660	8.839000E-1
670	8.820000E-1
680	8.840000E-1
690	8.883000E-1
700	8.941000E-1
710	9.002000E-1
720	9.032000E-1
730	9.071000E-1
"10R 2.5/1"	""	""	
380	3.990000E-2
390	4.370000E-2
400	4.380000E-2
410	4.350000E-2
420	4.250000E-2
430	4.290000E-2
440	4.220000E-2
450	4.180000E-2
460	4.150000E-2
470	4.100000E-2
480	4.040000E-2
490	4.020000E-2
500	3.990000E-2
510	3.970000E-2
520	3.970000E-2
530	4.010000E-2
540	4.000000E-2
550	4.050000E-2
560	4.180000E-2
570	4.580000E-2
580	5.260000E-2
590	5.920000E-2
600	6.090000E-2
610	5.950000E-2
620	5.760000E-2
630	5.580000E-2
640	5.490000E-2
650	5.410000E-2
660	5.360000E-2
670	5.350000E-2
680	5.310000E-2
690	5.340000E-2
700	5.320000E-2
710	5.340000E-2
720	5.340000E-2
730	5.350000E-2
"10R 2.5/2"	""	""	
380	4.030000E-2
390	4.160000E-2
400	4.150000E-2
410	4.050000E-2
420	4.050000E-2
430	3.990000E-2
440	3.960000E-2
450	3.930000E-2
460	3.870000E-2
470	3.820000E-2
480	3.770000E-2
490	3.740000E-2
500	3.710000E-2
510	3.710000E-2
520	3.760000E-2
530	3.830000E-2
540	3.880000E-2
550	3.980000E-2
560	4.220000E-2
570	4.810000E-2
580	5.630000E-2
590	6.540000E-2
600	7.250000E-2
610	7.430000E-2
620	7.320000E-2
630	7.130000E-2
640	6.990000E-2
650	6.880000E-2
660	6.830000E-2
670	6.810000E-2
680	6.830000E-2
690	6.840000E-2
700	6.850000E-2
710	6.910000E-2
720	6.950000E-2
730	7.010000E-2
"10R 3/1"	""	""	
380	5.070000E-2
390	5.660000E-2
400	5.870000E-2
410	5.890000E-2
420	5.830000E-2
430	5.830000E-2
440	5.740000E-2
450	5.690000E-2
460	5.640000E-2
470	5.600000E-2
480	5.540000E-2
490	5.500000E-2
500	5.490000E-2
510	5.460000E-2
520	5.430000E-2
530	5.430000E-2
540	5.480000E-2
550	5.660000E-2
560	6.010000E-2
570	6.530000E-2
580	7.350000E-2
590	8.110000E-2
600	8.290000E-2
610	8.230000E-2
620	8.070000E-2
630	7.920000E-2
640	7.780000E-2
650	7.650000E-2
660	7.560000E-2
670	7.480000E-2
680	7.400000E-2
690	7.330000E-2
700	7.240000E-2
710	7.200000E-2
720	7.140000E-2
730	7.070000E-2
"10R 3/2"	""	""	
380	4.580000E-2
390	5.360000E-2
400	4.970000E-2
410	5.160000E-2
420	5.070000E-2
430	5.160000E-2
440	5.080000E-2
450	5.140000E-2
460	5.050000E-2
470	5.060000E-2
480	4.980000E-2
490	4.990000E-2
500	4.950000E-2
510	4.930000E-2
520	4.910000E-2
530	4.940000E-2
540	5.030000E-2
550	5.240000E-2
560	5.660000E-2
570	6.320000E-2
580	7.480000E-2
590	8.990000E-2
600	9.700000E-2
610	9.650000E-2
620	9.390000E-2
630	9.100000E-2
640	8.830000E-2
650	8.640000E-2
660	8.440000E-2
670	8.330000E-2
680	8.200000E-2
690	8.100000E-2
700	8.030000E-2
710	7.900000E-2
720	7.940000E-2
730	7.810000E-2
"10R 3/4"	""	""	
380	4.350000E-2
390	3.670000E-2
400	4.170000E-2
410	3.930000E-2
420	3.990000E-2
430	3.880000E-2
440	3.950000E-2
450	3.890000E-2
460	3.910000E-2
470	3.910000E-2
480	3.920000E-2
490	3.910000E-2
500	3.960000E-2
510	3.980000E-2
520	4.040000E-2
530	4.130000E-2
540	4.260000E-2
550	4.620000E-2
560	5.100000E-2
570	5.810000E-2
580	7.250000E-2
590	9.890000E-2
600	1.189000E-1
610	1.261000E-1
620	1.268000E-1
630	1.251000E-1
640	1.237000E-1
650	1.218000E-1
660	1.211000E-1
670	1.202000E-1
680	1.197000E-1
690	1.194000E-1
700	1.187000E-1
710	1.192000E-1
720	1.188000E-1
730	1.194000E-1
"10R 4/1"	""	""	
380	7.410000E-2
390	9.920000E-2
400	1.093000E-1
410	1.162000E-1
420	1.111000E-1
430	1.080000E-1
440	1.054000E-1
450	1.041000E-1
460	1.021000E-1
470	1.025000E-1
480	1.009000E-1
490	9.730000E-2
500	9.460000E-2
510	9.530000E-2
520	9.360000E-2
530	9.020000E-2
540	9.240000E-2
550	1.055000E-1
560	1.240000E-1
570	1.328000E-1
580	1.334000E-1
590	1.324000E-1
600	1.314000E-1
610	1.298000E-1
620	1.285000E-1
630	1.270000E-1
640	1.252000E-1
650	1.244000E-1
660	1.230000E-1
670	1.221000E-1
680	1.212000E-1
690	1.200000E-1
700	1.193000E-1
710	1.178000E-1
720	1.176000E-1
730	1.165000E-1
"10R 4/2"	""	""	
380	7.940000E-2
390	9.270000E-2
400	1.038000E-1
410	1.059000E-1
420	1.020000E-1
430	9.830000E-2
440	9.590000E-2
450	9.390000E-2
460	9.220000E-2
470	9.210000E-2
480	9.050000E-2
490	8.630000E-2
500	8.380000E-2
510	8.410000E-2
520	8.240000E-2
530	7.990000E-2
540	8.290000E-2
550	9.710000E-2
560	1.216000E-1
570	1.414000E-1
580	1.481000E-1
590	1.495000E-1
600	1.488000E-1
610	1.473000E-1
620	1.455000E-1
630	1.434000E-1
640	1.416000E-1
650	1.401000E-1
660	1.388000E-1
670	1.373000E-1
680	1.360000E-1
690	1.349000E-1
700	1.336000E-1
710	1.327000E-1
720	1.312000E-1
730	1.300000E-1
"10R 4/4"	""	""	
380	6.540000E-2
390	7.570000E-2
400	7.990000E-2
410	7.980000E-2
420	7.610000E-2
430	7.340000E-2
440	7.210000E-2
450	7.120000E-2
460	7.070000E-2
470	7.080000E-2
480	6.900000E-2
490	6.660000E-2
500	6.640000E-2
510	6.690000E-2
520	6.500000E-2
530	6.480000E-2
540	7.120000E-2
550	8.670000E-2
560	1.075000E-1
570	1.201000E-1
580	1.394000E-1
590	1.720000E-1
600	1.899000E-1
610	1.939000E-1
620	1.925000E-1
630	1.898000E-1
640	1.872000E-1
650	1.848000E-1
660	1.828000E-1
670	1.807000E-1
680	1.791000E-1
690	1.771000E-1
700	1.758000E-1
710	1.746000E-1
720	1.728000E-1
730	1.717000E-1
"10R 4/6"	""	""	
380	5.700000E-2
390	5.400000E-2
400	5.450000E-2
410	5.410000E-2
420	5.330000E-2
430	5.370000E-2
440	5.360000E-2
450	5.380000E-2
460	5.410000E-2
470	5.400000E-2
480	5.220000E-2
490	5.240000E-2
500	5.460000E-2
510	5.530000E-2
520	5.370000E-2
530	5.640000E-2
540	6.550000E-2
550	8.040000E-2
560	9.710000E-2
570	1.057000E-1
580	1.224000E-1
590	1.665000E-1
600	2.111000E-1
610	2.333000E-1
620	2.396000E-1
630	2.401000E-1
640	2.393000E-1
650	2.387000E-1
660	2.385000E-1
670	2.383000E-1
680	2.387000E-1
690	2.389000E-1
700	2.397000E-1
710	2.407000E-1
720	2.414000E-1
730	2.430000E-1
"10R 4/8"	""	""	
380	4.760000E-2
390	4.270000E-2
400	4.320000E-2
410	4.280000E-2
420	4.270000E-2
430	4.260000E-2
440	4.300000E-2
450	4.300000E-2
460	4.280000E-2
470	4.390000E-2
480	4.460000E-2
490	4.580000E-2
500	4.720000E-2
510	4.850000E-2
520	4.950000E-2
530	5.070000E-2
540	5.330000E-2
550	6.030000E-2
560	7.520000E-2
570	1.013000E-1
580	1.470000E-1
590	2.118000E-1
600	2.557000E-1
610	2.710000E-1
620	2.792000E-1
630	2.932000E-1
640	3.119000E-1
650	3.302000E-1
660	3.413000E-1
670	3.358000E-1
680	3.176000E-1
690	3.011000E-1
700	2.967000E-1
710	3.027000E-1
720	3.155000E-1
730	3.343000E-1
"10R 5/1"	""	""	
380	9.790000E-2
390	1.268000E-1
400	1.648000E-1
410	1.849000E-1
420	1.867000E-1
430	1.850000E-1
440	1.831000E-1
450	1.814000E-1
460	1.797000E-1
470	1.778000E-1
480	1.760000E-1
490	1.748000E-1
500	1.741000E-1
510	1.752000E-1
520	1.770000E-1
530	1.774000E-1
540	1.783000E-1
550	1.834000E-1
560	1.932000E-1
570	2.061000E-1
580	2.141000E-1
590	2.170000E-1
600	2.171000E-1
610	2.164000E-1
620	2.150000E-1
630	2.131000E-1
640	2.111000E-1
650	2.094000E-1
660	2.077000E-1
670	2.065000E-1
680	2.050000E-1
690	2.038000E-1
700	2.021000E-1
710	2.007000E-1
720	1.995000E-1
730	1.981000E-1
"10R 5/2"	""	""	
380	9.650000E-2
390	1.292000E-1
400	1.569000E-1
410	1.736000E-1
420	1.727000E-1
430	1.706000E-1
440	1.672000E-1
450	1.650000E-1
460	1.624000E-1
470	1.607000E-1
480	1.577000E-1
490	1.561000E-1
500	1.547000E-1
510	1.559000E-1
520	1.587000E-1
530	1.605000E-1
540	1.643000E-1
550	1.744000E-1
560	1.922000E-1
570	2.131000E-1
580	2.261000E-1
590	2.312000E-1
600	2.321000E-1
610	2.314000E-1
620	2.297000E-1
630	2.277000E-1
640	2.250000E-1
650	2.234000E-1
660	2.215000E-1
670	2.198000E-1
680	2.186000E-1
690	2.166000E-1
700	2.153000E-1
710	2.136000E-1
720	2.118000E-1
730	2.113000E-1
"10R 5/4"	""	""	
380	9.070000E-2
390	1.104000E-1
400	1.290000E-1
410	1.377000E-1
420	1.362000E-1
430	1.339000E-1
440	1.318000E-1
450	1.303000E-1
460	1.292000E-1
470	1.284000E-1
480	1.279000E-1
490	1.273000E-1
500	1.269000E-1
510	1.261000E-1
520	1.266000E-1
530	1.281000E-1
540	1.337000E-1
550	1.487000E-1
560	1.788000E-1
570	2.220000E-1
580	2.583000E-1
590	2.785000E-1
600	2.860000E-1
610	2.878000E-1
620	2.867000E-1
630	2.844000E-1
640	2.819000E-1
650	2.795000E-1
660	2.776000E-1
670	2.756000E-1
680	2.741000E-1
690	2.721000E-1
700	2.699000E-1
710	2.685000E-1
720	2.662000E-1
730	2.644000E-1
"10R 5/6"	""	""	
380	8.420000E-2
390	9.310000E-2
400	1.032000E-1
410	1.075000E-1
420	1.056000E-1
430	1.042000E-1
440	1.030000E-1
450	1.022000E-1
460	1.012000E-1
470	1.001000E-1
480	9.950000E-2
490	9.930000E-2
500	1.002000E-1
510	1.024000E-1
520	1.053000E-1
530	1.070000E-1
540	1.110000E-1
550	1.228000E-1
560	1.513000E-1
570	2.033000E-1
580	2.630000E-1
590	3.079000E-1
600	3.311000E-1
610	3.397000E-1
620	3.414000E-1
630	3.396000E-1
640	3.369000E-1
650	3.341000E-1
660	3.319000E-1
670	3.295000E-1
680	3.274000E-1
690	3.253000E-1
700	3.231000E-1
710	3.212000E-1
720	3.186000E-1
730	3.163000E-1
"10R 5/8"	""	""	
380	6.810000E-2
390	7.450000E-2
400	7.800000E-2
410	7.870000E-2
420	7.770000E-2
430	7.650000E-2
440	7.710000E-2
450	7.770000E-2
460	7.830000E-2
470	7.850000E-2
480	7.830000E-2
490	7.860000E-2
500	8.230000E-2
510	9.870000E-2
520	1.260000E-1
530	1.396000E-1
540	1.400000E-1
550	1.317000E-1
560	1.197000E-1
570	1.163000E-1
580	1.534000E-1
590	2.616000E-1
600	3.859000E-1
610	4.588000E-1
620	4.817000E-1
630	4.838000E-1
640	4.789000E-1
650	4.723000E-1
660	4.672000E-1
670	4.655000E-1
680	4.674000E-1
690	4.712000E-1
700	4.771000E-1
710	4.824000E-1
720	4.836000E-1
730	4.840000E-1
"10R 5/10"	""	""	
380	6.240000E-2
390	6.200000E-2
400	6.080000E-2
410	5.970000E-2
420	5.950000E-2
430	5.910000E-2
440	5.870000E-2
450	5.850000E-2
460	5.830000E-2
470	5.880000E-2
480	5.930000E-2
490	6.040000E-2
500	6.270000E-2
510	6.690000E-2
520	7.190000E-2
530	7.500000E-2
540	7.870000E-2
550	8.920000E-2
560	1.162000E-1
570	1.721000E-1
580	2.531000E-1
590	3.390000E-1
600	4.059000E-1
610	4.475000E-1
620	4.693000E-1
630	4.801000E-1
640	4.859000E-1
650	4.902000E-1
660	4.940000E-1
670	4.976000E-1
680	5.020000E-1
690	5.056000E-1
700	5.089000E-1
710	5.124000E-1
720	5.152000E-1
730	5.184000E-1
"10R 5/12"	""	""	
380	4.170000E-2
390	5.100000E-2
400	4.180000E-2
410	4.560000E-2
420	4.330000E-2
430	4.630000E-2
440	4.630000E-2
450	4.810000E-2
460	4.880000E-2
470	4.920000E-2
480	4.720000E-2
490	4.800000E-2
500	5.270000E-2
510	5.380000E-2
520	5.250000E-2
530	5.690000E-2
540	6.930000E-2
550	8.560000E-2
560	1.135000E-1
570	1.680000E-1
580	2.453000E-1
590	3.396000E-1
600	4.295000E-1
610	4.883000E-1
620	5.172000E-1
630	5.337000E-1
640	5.468000E-1
650	5.577000E-1
660	5.682000E-1
670	5.759000E-1
680	5.835000E-1
690	5.911000E-1
700	5.979000E-1
710	6.070000E-1
720	6.140000E-1
730	6.214000E-1
"10R 6/1"	""	""	
380	1.175000E-1
390	1.559000E-1
400	2.260000E-1
410	2.742000E-1
420	2.819000E-1
430	2.804000E-1
440	2.783000E-1
450	2.762000E-1
460	2.746000E-1
470	2.725000E-1
480	2.700000E-1
490	2.687000E-1
500	2.679000E-1
510	2.698000E-1
520	2.728000E-1
530	2.739000E-1
540	2.756000E-1
550	2.833000E-1
560	2.979000E-1
570	3.180000E-1
580	3.308000E-1
590	3.366000E-1
600	3.379000E-1
610	3.379000E-1
620	3.367000E-1
630	3.349000E-1
640	3.326000E-1
650	3.308000E-1
660	3.294000E-1
670	3.281000E-1
680	3.268000E-1
690	3.252000E-1
700	3.235000E-1
710	3.219000E-1
720	3.201000E-1
730	3.190000E-1
"10R 6/2"	""	""	
380	1.199000E-1
390	1.545000E-1
400	2.156000E-1
410	2.510000E-1
420	2.554000E-1
430	2.530000E-1
440	2.499000E-1
450	2.489000E-1
460	2.486000E-1
470	2.493000E-1
480	2.491000E-1
490	2.485000E-1
500	2.470000E-1
510	2.468000E-1
520	2.470000E-1
530	2.465000E-1
540	2.473000E-1
550	2.535000E-1
560	2.681000E-1
570	2.984000E-1
580	3.365000E-1
590	3.670000E-1
600	3.745000E-1
610	3.622000E-1
620	3.452000E-1
630	3.308000E-1
640	3.180000E-1
650	3.066000E-1
660	2.987000E-1
670	2.960000E-1
680	2.983000E-1
690	3.046000E-1
700	3.139000E-1
710	3.238000E-1
720	3.268000E-1
730	3.282000E-1
"10R 6/4"	""	""	
380	1.197000E-1
390	1.478000E-1
400	1.952000E-1
410	2.204000E-1
420	2.211000E-1
430	2.173000E-1
440	2.139000E-1
450	2.114000E-1
460	2.089000E-1
470	2.065000E-1
480	2.033000E-1
490	2.010000E-1
500	2.000000E-1
510	2.038000E-1
520	2.113000E-1
530	2.163000E-1
540	2.240000E-1
550	2.436000E-1
560	2.811000E-1
570	3.332000E-1
580	3.749000E-1
590	3.975000E-1
600	4.063000E-1
610	4.089000E-1
620	4.084000E-1
630	4.061000E-1
640	4.034000E-1
650	4.013000E-1
660	3.993000E-1
670	3.971000E-1
680	3.954000E-1
690	3.931000E-1
700	3.910000E-1
710	3.885000E-1
720	3.861000E-1
730	3.846000E-1
"10R 6/6"	""	""	
380	1.130000E-1
390	1.338000E-1
400	1.659000E-1
410	1.809000E-1
420	1.804000E-1
430	1.767000E-1
440	1.732000E-1
450	1.714000E-1
460	1.686000E-1
470	1.668000E-1
480	1.640000E-1
490	1.621000E-1
500	1.615000E-1
510	1.654000E-1
520	1.723000E-1
530	1.775000E-1
540	1.857000E-1
550	2.073000E-1
560	2.521000E-1
570	3.227000E-1
580	3.924000E-1
590	4.396000E-1
600	4.621000E-1
610	4.715000E-1
620	4.735000E-1
630	4.724000E-1
640	4.700000E-1
650	4.680000E-1
660	4.665000E-1
670	4.642000E-1
680	4.627000E-1
690	4.606000E-1
700	4.582000E-1
710	4.564000E-1
720	4.538000E-1
730	4.515000E-1
"10R 6/8"	""	""	
380	1.076000E-1
390	1.183000E-1
400	1.375000E-1
410	1.460000E-1
420	1.444000E-1
430	1.432000E-1
440	1.414000E-1
450	1.410000E-1
460	1.396000E-1
470	1.391000E-1
480	1.375000E-1
490	1.377000E-1
500	1.397000E-1
510	1.478000E-1
520	1.586000E-1
530	1.644000E-1
540	1.705000E-1
550	1.868000E-1
560	2.272000E-1
570	3.035000E-1
580	3.990000E-1
590	4.848000E-1
600	5.402000E-1
610	5.693000E-1
620	5.810000E-1
630	5.847000E-1
640	5.849000E-1
650	5.843000E-1
660	5.843000E-1
670	5.835000E-1
680	5.829000E-1
690	5.825000E-1
700	5.808000E-1
710	5.799000E-1
720	5.790000E-1
730	5.774000E-1
"10R 6/10"	""	""	
380	1.004000E-1
390	1.073000E-1
400	1.169000E-1
410	1.180000E-1
420	1.121000E-1
430	1.073000E-1
440	1.049000E-1
450	1.033000E-1
460	1.023000E-1
470	1.034000E-1
480	1.027000E-1
490	9.800000E-2
500	9.620000E-2
510	1.012000E-1
520	1.034000E-1
530	9.960000E-2
540	1.037000E-1
550	1.320000E-1
560	2.141000E-1
570	3.496000E-1
580	4.655000E-1
590	5.388000E-1
600	5.815000E-1
610	6.017000E-1
620	6.082000E-1
630	6.094000E-1
640	6.089000E-1
650	6.091000E-1
660	6.091000E-1
670	6.087000E-1
680	6.085000E-1
690	6.076000E-1
700	6.071000E-1
710	6.071000E-1
720	6.063000E-1
730	6.058000E-1
"10R 6/12"	""	""	
380	8.010000E-2
390	8.320000E-2
400	8.600000E-2
410	8.440000E-2
420	7.970000E-2
430	7.630000E-2
440	7.460000E-2
450	7.370000E-2
460	7.340000E-2
470	7.430000E-2
480	7.310000E-2
490	7.000000E-2
500	6.990000E-2
510	7.380000E-2
520	7.420000E-2
530	7.250000E-2
540	7.980000E-2
550	1.071000E-1
560	1.833000E-1
570	3.170000E-1
580	4.428000E-1
590	5.422000E-1
600	6.203000E-1
610	6.674000E-1
620	6.898000E-1
630	7.010000E-1
640	7.081000E-1
650	7.147000E-1
660	7.205000E-1
670	7.250000E-1
680	7.297000E-1
690	7.337000E-1
700	7.374000E-1
710	7.413000E-1
720	7.439000E-1
730	7.473000E-1
"10R 7/1"	""	""	
380	1.426000E-1
390	1.863000E-1
400	2.881000E-1
410	3.797000E-1
420	4.025000E-1
430	4.036000E-1
440	4.014000E-1
450	4.000000E-1
460	3.993000E-1
470	3.991000E-1
480	3.987000E-1
490	3.992000E-1
500	3.990000E-1
510	3.982000E-1
520	3.979000E-1
530	3.965000E-1
540	3.976000E-1
550	4.059000E-1
560	4.215000E-1
570	4.437000E-1
580	4.568000E-1
590	4.628000E-1
600	4.643000E-1
610	4.641000E-1
620	4.627000E-1
630	4.603000E-1
640	4.576000E-1
650	4.556000E-1
660	4.540000E-1
670	4.519000E-1
680	4.504000E-1
690	4.480000E-1
700	4.461000E-1
710	4.444000E-1
720	4.419000E-1
730	4.400000E-1
"10R 7/2"	""	""	
380	1.371000E-1
390	1.823000E-1
400	2.707000E-1
410	3.471000E-1
420	3.632000E-1
430	3.635000E-1
440	3.611000E-1
450	3.609000E-1
460	3.603000E-1
470	3.608000E-1
480	3.612000E-1
490	3.625000E-1
500	3.635000E-1
510	3.636000E-1
520	3.638000E-1
530	3.630000E-1
540	3.660000E-1
550	3.792000E-1
560	4.058000E-1
570	4.446000E-1
580	4.728000E-1
590	4.874000E-1
600	4.926000E-1
610	4.941000E-1
620	4.934000E-1
630	4.913000E-1
640	4.888000E-1
650	4.867000E-1
660	4.851000E-1
670	4.834000E-1
680	4.819000E-1
690	4.800000E-1
700	4.778000E-1
710	4.760000E-1
720	4.736000E-1
730	4.716000E-1
"10R 7/4"	""	""	
380	1.280000E-1
390	1.773000E-1
400	2.515000E-1
410	3.108000E-1
420	3.209000E-1
430	3.182000E-1
440	3.154000E-1
450	3.125000E-1
460	3.112000E-1
470	3.093000E-1
480	3.113000E-1
490	3.165000E-1
500	3.226000E-1
510	3.266000E-1
520	3.280000E-1
530	3.289000E-1
540	3.333000E-1
550	3.514000E-1
560	3.911000E-1
570	4.542000E-1
580	5.118000E-1
590	5.470000E-1
600	5.635000E-1
610	5.700000E-1
620	5.712000E-1
630	5.704000E-1
640	5.679000E-1
650	5.665000E-1
660	5.656000E-1
670	5.639000E-1
680	5.636000E-1
690	5.617000E-1
700	5.599000E-1
710	5.591000E-1
720	5.565000E-1
730	5.548000E-1
"10R 7/6"	""	""	
380	1.240000E-1
390	1.628000E-1
400	2.284000E-1
410	2.699000E-1
420	2.767000E-1
430	2.747000E-1
440	2.733000E-1
450	2.716000E-1
460	2.709000E-1
470	2.691000E-1
480	2.672000E-1
490	2.665000E-1
500	2.687000E-1
510	2.795000E-1
520	2.943000E-1
530	3.021000E-1
540	3.096000E-1
550	3.295000E-1
560	3.753000E-1
570	4.558000E-1
580	5.442000E-1
590	6.143000E-1
600	6.549000E-1
610	6.748000E-1
620	6.826000E-1
630	6.854000E-1
640	6.858000E-1
650	6.857000E-1
660	6.866000E-1
670	6.869000E-1
680	6.881000E-1
690	6.883000E-1
700	6.876000E-1
710	6.880000E-1
720	6.875000E-1
730	6.876000E-1
"10R 7/8"	""	""	
380	1.251000E-1
390	1.519000E-1
400	1.943000E-1
410	2.194000E-1
420	2.200000E-1
430	2.181000E-1
440	2.165000E-1
450	2.162000E-1
460	2.153000E-1
470	2.142000E-1
480	2.123000E-1
490	2.117000E-1
500	2.147000E-1
510	2.283000E-1
520	2.470000E-1
530	2.572000E-1
540	2.654000E-1
550	2.862000E-1
560	3.360000E-1
570	4.275000E-1
580	5.394000E-1
590	6.429000E-1
600	7.177000E-1
610	7.614000E-1
620	7.820000E-1
630	7.904000E-1
640	7.931000E-1
650	7.951000E-1
660	7.969000E-1
670	7.979000E-1
680	7.997000E-1
690	8.003000E-1
700	8.008000E-1
710	8.017000E-1
720	8.011000E-1
730	8.018000E-1
"10R 7/10"	""	""	
380	1.150000E-1
390	1.379000E-1
400	1.693000E-1
410	1.848000E-1
420	1.830000E-1
430	1.803000E-1
440	1.779000E-1
450	1.769000E-1
460	1.761000E-1
470	1.747000E-1
480	1.731000E-1
490	1.721000E-1
500	1.740000E-1
510	1.864000E-1
520	2.061000E-1
530	2.187000E-1
540	2.310000E-1
550	2.586000E-1
560	3.180000E-1
570	4.223000E-1
580	5.541000E-1
590	6.898000E-1
600	7.942000E-1
610	8.531000E-1
620	8.783000E-1
630	8.875000E-1
640	8.901000E-1
650	8.908000E-1
660	8.921000E-1
670	8.940000E-1
680	8.991000E-1
690	9.045000E-1
700	9.104000E-1
710	9.156000E-1
720	9.175000E-1
730	9.197000E-1
"10R 7/12"	""	""	
380	1.246000E-1
390	1.412000E-1
400	1.609000E-1
410	1.650000E-1
420	1.581000E-1
430	1.510000E-1
440	1.480000E-1
450	1.456000E-1
460	1.445000E-1
470	1.468000E-1
480	1.467000E-1
490	1.400000E-1
500	1.362000E-1
510	1.469000E-1
520	1.563000E-1
530	1.493000E-1
540	1.512000E-1
550	1.946000E-1
560	3.191000E-1
570	5.045000E-1
580	6.610000E-1
590	7.741000E-1
600	8.501000E-1
610	8.895000E-1
620	9.055000E-1
630	9.124000E-1
640	9.167000E-1
650	9.204000E-1
660	9.231000E-1
670	9.230000E-1
680	9.249000E-1
690	9.259000E-1
700	9.269000E-1
710	9.291000E-1
720	9.297000E-1
730	9.322000E-1
"10R 8/1"	""	""	
380	1.538000E-1
390	2.043000E-1
400	3.365000E-1
410	4.892000E-1
420	5.463000E-1
430	5.519000E-1
440	5.494000E-1
450	5.478000E-1
460	5.458000E-1
470	5.427000E-1
480	5.397000E-1
490	5.376000E-1
500	5.369000E-1
510	5.399000E-1
520	5.451000E-1
530	5.465000E-1
540	5.485000E-1
550	5.581000E-1
560	5.750000E-1
570	5.997000E-1
580	6.142000E-1
590	6.214000E-1
600	6.234000E-1
610	6.242000E-1
620	6.232000E-1
630	6.212000E-1
640	6.189000E-1
650	6.173000E-1
660	6.162000E-1
670	6.146000E-1
680	6.138000E-1
690	6.122000E-1
700	6.107000E-1
710	6.095000E-1
720	6.074000E-1
730	6.058000E-1
"10R 8/2"	""	""	
380	1.511000E-1
390	2.078000E-1
400	3.402000E-1
410	4.838000E-1
420	5.284000E-1
430	5.314000E-1
440	5.283000E-1
450	5.270000E-1
460	5.276000E-1
470	5.280000E-1
480	5.280000E-1
490	5.267000E-1
500	5.257000E-1
510	5.267000E-1
520	5.300000E-1
530	5.302000E-1
540	5.311000E-1
550	5.391000E-1
560	5.559000E-1
570	5.926000E-1
580	6.357000E-1
590	6.698000E-1
600	6.796000E-1
610	6.685000E-1
620	6.510000E-1
630	6.359000E-1
640	6.216000E-1
650	6.092000E-1
660	6.006000E-1
670	5.982000E-1
680	6.026000E-1
690	6.112000E-1
700	6.238000E-1
710	6.370000E-1
720	6.420000E-1
730	6.440000E-1
"10R 8/4"	""	""	
380	1.553000E-1
390	1.960000E-1
400	3.055000E-1
410	4.083000E-1
420	4.362000E-1
430	4.371000E-1
440	4.348000E-1
450	4.342000E-1
460	4.329000E-1
470	4.307000E-1
480	4.280000E-1
490	4.265000E-1
500	4.287000E-1
510	4.412000E-1
520	4.585000E-1
530	4.671000E-1
540	4.749000E-1
550	4.964000E-1
560	5.425000E-1
570	6.188000E-1
580	6.927000E-1
590	7.450000E-1
600	7.724000E-1
610	7.859000E-1
620	7.911000E-1
630	7.923000E-1
640	7.918000E-1
650	7.921000E-1
660	7.930000E-1
670	7.934000E-1
680	7.944000E-1
690	7.949000E-1
700	7.948000E-1
710	7.954000E-1
720	7.951000E-1
730	7.955000E-1
"10R 8/6"	""	""	
380	1.486000E-1
390	1.899000E-1
400	2.952000E-1
410	3.788000E-1
420	3.921000E-1
430	3.822000E-1
440	3.775000E-1
450	3.741000E-1
460	3.721000E-1
470	3.768000E-1
480	3.762000E-1
490	3.619000E-1
500	3.531000E-1
510	3.711000E-1
520	3.839000E-1
530	3.663000E-1
540	3.651000E-1
550	4.312000E-1
560	5.754000E-1
570	7.194000E-1
580	7.933000E-1
590	8.280000E-1
600	8.457000E-1
610	8.540000E-1
620	8.567000E-1
630	8.567000E-1
640	8.558000E-1
650	8.560000E-1
660	8.568000E-1
670	8.569000E-1
680	8.576000E-1
690	8.571000E-1
700	8.570000E-1
710	8.573000E-1
720	8.562000E-1
730	8.572000E-1
"10R 8/8"	""	""	
380	1.410000E-1
390	1.864000E-1
400	2.713000E-1
410	3.329000E-1
420	3.378000E-1
430	3.278000E-1
440	3.236000E-1
450	3.203000E-1
460	3.189000E-1
470	3.230000E-1
480	3.225000E-1
490	3.092000E-1
500	3.014000E-1
510	3.199000E-1
520	3.333000E-1
530	3.172000E-1
540	3.168000E-1
550	3.828000E-1
560	5.392000E-1
570	7.209000E-1
580	8.352000E-1
590	8.956000E-1
600	9.275000E-1
610	9.427000E-1
620	9.478000E-1
630	9.489000E-1
640	9.489000E-1
650	9.500000E-1
660	9.512000E-1
670	9.514000E-1
680	9.531000E-1
690	9.533000E-1
700	9.536000E-1
710	9.545000E-1
720	9.543000E-1
730	9.554000E-1
"10R 9/1"	""	""	
380	1.876000E-1
390	2.248000E-1
400	3.769000E-1
410	5.963000E-1
420	7.184000E-1
430	7.478000E-1
440	7.549000E-1
450	7.607000E-1
460	7.628000E-1
470	7.627000E-1
480	7.611000E-1
490	7.616000E-1
500	7.619000E-1
510	7.621000E-1
520	7.640000E-1
530	7.634000E-1
540	7.651000E-1
550	7.728000E-1
560	7.840000E-1
570	8.042000E-1
580	8.240000E-1
590	8.385000E-1
600	8.420000E-1
610	8.425000E-1
620	8.464000E-1
630	8.548000E-1
640	8.641000E-1
650	8.738000E-1
660	8.796000E-1
670	8.768000E-1
680	8.730000E-1
690	8.709000E-1
700	8.723000E-1
710	8.780000E-1
720	8.844000E-1
730	8.932000E-1
"10R 9/2"	""	""	
380	1.817000E-1
390	2.272000E-1
400	3.820000E-1
410	5.858000E-1
420	6.854000E-1
430	7.003000E-1
440	6.992000E-1
450	6.981000E-1
460	6.973000E-1
470	6.946000E-1
480	6.913000E-1
490	6.894000E-1
500	6.884000E-1
510	6.919000E-1
520	7.002000E-1
530	7.055000E-1
540	7.145000E-1
550	7.376000E-1
560	7.750000E-1
570	8.246000E-1
580	8.577000E-1
590	8.751000E-1
600	8.828000E-1
610	8.879000E-1
620	8.901000E-1
630	8.911000E-1
640	8.909000E-1
650	8.920000E-1
660	8.941000E-1
670	8.958000E-1
680	8.986000E-1
690	9.007000E-1
700	9.024000E-1
710	9.040000E-1
720	9.048000E-1
730	9.065000E-1
"2.5YR 2.5/2"	""	""	
380	3.290000E-2
390	3.400000E-2
400	3.470000E-2
410	3.540000E-2
420	3.470000E-2
430	3.510000E-2
440	3.450000E-2
450	3.470000E-2
460	3.460000E-2
470	3.460000E-2
480	3.450000E-2
490	3.480000E-2
500	3.510000E-2
510	3.530000E-2
520	3.570000E-2
530	3.590000E-2
540	3.680000E-2
550	3.890000E-2
560	4.240000E-2
570	4.760000E-2
580	5.640000E-2
590	6.640000E-2
600	7.020000E-2
610	6.950000E-2
620	6.800000E-2
630	6.620000E-2
640	6.450000E-2
650	6.320000E-2
660	6.220000E-2
670	6.110000E-2
680	6.050000E-2
690	5.960000E-2
700	5.900000E-2
710	5.870000E-2
720	5.790000E-2
730	5.710000E-2
"2.5YR 3/2"	""	""	
380	4.310000E-2
390	4.690000E-2
400	4.860000E-2
410	4.900000E-2
420	4.930000E-2
430	4.880000E-2
440	4.850000E-2
450	4.800000E-2
460	4.800000E-2
470	4.780000E-2
480	4.780000E-2
490	4.790000E-2
500	4.800000E-2
510	4.810000E-2
520	4.840000E-2
530	4.900000E-2
540	5.040000E-2
550	5.370000E-2
560	5.900000E-2
570	6.560000E-2
580	7.580000E-2
590	8.800000E-2
600	9.220000E-2
610	9.170000E-2
620	8.970000E-2
630	8.760000E-2
640	8.570000E-2
650	8.410000E-2
660	8.270000E-2
670	8.170000E-2
680	8.080000E-2
690	7.980000E-2
700	7.920000E-2
710	7.870000E-2
720	7.800000E-2
730	7.820000E-2
"2.5YR 4/2"	""	""	
380	7.070000E-2
390	8.620000E-2
400	9.390000E-2
410	9.730000E-2
420	9.400000E-2
430	9.000000E-2
440	8.820000E-2
450	8.610000E-2
460	8.530000E-2
470	8.570000E-2
480	8.460000E-2
490	8.090000E-2
500	7.900000E-2
510	8.020000E-2
520	7.900000E-2
530	7.630000E-2
540	8.060000E-2
550	9.780000E-2
560	1.252000E-1
570	1.424000E-1
580	1.451000E-1
590	1.445000E-1
600	1.430000E-1
610	1.411000E-1
620	1.391000E-1
630	1.371000E-1
640	1.353000E-1
650	1.335000E-1
660	1.319000E-1
670	1.306000E-1
680	1.293000E-1
690	1.279000E-1
700	1.266000E-1
710	1.255000E-1
720	1.243000E-1
730	1.230000E-1
"2.5YR 4/4"	""	""	
380	6.080000E-2
390	6.980000E-2
400	7.100000E-2
410	7.050000E-2
420	6.770000E-2
430	6.650000E-2
440	6.540000E-2
450	6.470000E-2
460	6.430000E-2
470	6.450000E-2
480	6.290000E-2
490	6.130000E-2
500	6.220000E-2
510	6.280000E-2
520	6.120000E-2
530	6.210000E-2
540	6.980000E-2
550	8.690000E-2
560	1.141000E-1
570	1.361000E-1
580	1.544000E-1
590	1.760000E-1
600	1.853000E-1
610	1.856000E-1
620	1.828000E-1
630	1.794000E-1
640	1.764000E-1
650	1.736000E-1
660	1.714000E-1
670	1.691000E-1
680	1.674000E-1
690	1.653000E-1
700	1.639000E-1
710	1.623000E-1
720	1.610000E-1
730	1.592000E-1
"2.5YR 4/6"	""	""	
380	5.360000E-2
390	4.770000E-2
400	4.770000E-2
410	4.780000E-2
420	4.740000E-2
430	4.740000E-2
440	4.680000E-2
450	4.710000E-2
460	4.690000E-2
470	4.710000E-2
480	4.740000E-2
490	4.790000E-2
500	4.870000E-2
510	5.000000E-2
520	5.170000E-2
530	5.350000E-2
540	5.730000E-2
550	6.700000E-2
560	8.890000E-2
570	1.268000E-1
580	1.690000E-1
590	1.987000E-1
600	2.118000E-1
610	2.146000E-1
620	2.123000E-1
630	2.088000E-1
640	2.046000E-1
650	2.009000E-1
660	1.977000E-1
670	1.947000E-1
680	1.918000E-1
690	1.895000E-1
700	1.871000E-1
710	1.849000E-1
720	1.828000E-1
730	1.807000E-1
"2.5YR 4/8"	""	""	
380	3.540000E-2
390	3.270000E-2
400	3.200000E-2
410	3.240000E-2
420	3.190000E-2
430	3.260000E-2
440	3.230000E-2
450	3.280000E-2
460	3.290000E-2
470	3.360000E-2
480	3.440000E-2
490	3.550000E-2
500	3.730000E-2
510	4.020000E-2
520	4.340000E-2
530	4.570000E-2
540	4.920000E-2
550	5.830000E-2
560	8.070000E-2
570	1.242000E-1
580	1.796000E-1
590	2.267000E-1
600	2.536000E-1
610	2.647000E-1
620	2.672000E-1
630	2.662000E-1
640	2.638000E-1
650	2.612000E-1
660	2.592000E-1
670	2.575000E-1
680	2.558000E-1
690	2.541000E-1
700	2.522000E-1
710	2.511000E-1
720	2.495000E-1
730	2.483000E-1
"2.5YR 5/2"	""	""	
380	9.510000E-2
390	1.180000E-1
400	1.463000E-1
410	1.604000E-1
420	1.605000E-1
430	1.596000E-1
440	1.574000E-1
450	1.561000E-1
460	1.548000E-1
470	1.536000E-1
480	1.521000E-1
490	1.515000E-1
500	1.518000E-1
510	1.552000E-1
520	1.600000E-1
530	1.621000E-1
540	1.648000E-1
550	1.728000E-1
560	1.893000E-1
570	2.121000E-1
580	2.284000E-1
590	2.360000E-1
600	2.381000E-1
610	2.378000E-1
620	2.364000E-1
630	2.345000E-1
640	2.323000E-1
650	2.306000E-1
660	2.287000E-1
670	2.270000E-1
680	2.255000E-1
690	2.236000E-1
700	2.222000E-1
710	2.209000E-1
720	2.190000E-1
730	2.180000E-1
"2.5YR 5/4"	""	""	
380	9.220000E-2
390	1.134000E-1
400	1.307000E-1
410	1.339000E-1
420	1.296000E-1
430	1.244000E-1
440	1.223000E-1
450	1.204000E-1
460	1.193000E-1
470	1.208000E-1
480	1.200000E-1
490	1.146000E-1
500	1.119000E-1
510	1.180000E-1
520	1.212000E-1
530	1.156000E-1
540	1.182000E-1
550	1.459000E-1
560	2.055000E-1
570	2.581000E-1
580	2.760000E-1
590	2.812000E-1
600	2.819000E-1
610	2.814000E-1
620	2.797000E-1
630	2.774000E-1
640	2.751000E-1
650	2.734000E-1
660	2.715000E-1
670	2.698000E-1
680	2.682000E-1
690	2.662000E-1
700	2.645000E-1
710	2.633000E-1
720	2.610000E-1
730	2.598000E-1
"2.5YR 5/6"	""	""	
380	7.750000E-2
390	8.930000E-2
400	9.850000E-2
410	9.850000E-2
420	9.430000E-2
430	9.070000E-2
440	8.880000E-2
450	8.760000E-2
460	8.670000E-2
470	8.780000E-2
480	8.690000E-2
490	8.290000E-2
500	8.200000E-2
510	8.630000E-2
520	8.720000E-2
530	8.440000E-2
540	9.030000E-2
550	1.177000E-1
560	1.824000E-1
570	2.561000E-1
580	2.923000E-1
590	3.062000E-1
600	3.114000E-1
610	3.120000E-1
620	3.099000E-1
630	3.072000E-1
640	3.045000E-1
650	3.023000E-1
660	3.001000E-1
670	2.983000E-1
680	2.961000E-1
690	2.941000E-1
700	2.923000E-1
710	2.905000E-1
720	2.884000E-1
730	2.875000E-1
"2.5YR 5/8"	""	""	
380	6.530000E-2
390	6.660000E-2
400	6.820000E-2
410	6.750000E-2
420	6.500000E-2
430	6.440000E-2
440	6.370000E-2
450	6.340000E-2
460	6.340000E-2
470	6.370000E-2
480	6.270000E-2
490	6.180000E-2
500	6.380000E-2
510	6.700000E-2
520	6.830000E-2
530	6.960000E-2
540	7.770000E-2
550	1.003000E-1
560	1.557000E-1
570	2.404000E-1
580	3.020000E-1
590	3.353000E-1
600	3.523000E-1
610	3.579000E-1
620	3.571000E-1
630	3.546000E-1
640	3.517000E-1
650	3.496000E-1
660	3.476000E-1
670	3.457000E-1
680	3.439000E-1
690	3.425000E-1
700	3.414000E-1
710	3.401000E-1
720	3.384000E-1
730	3.381000E-1
"2.5YR 5/10"	""	""	
380	4.610000E-2
390	4.780000E-2
400	4.390000E-2
410	4.460000E-2
420	4.390000E-2
430	4.430000E-2
440	4.430000E-2
450	4.460000E-2
460	4.470000E-2
470	4.540000E-2
480	4.620000E-2
490	4.790000E-2
500	5.130000E-2
510	6.090000E-2
520	7.510000E-2
530	8.340000E-2
540	8.860000E-2
550	1.007000E-1
560	1.323000E-1
570	1.975000E-1
580	2.906000E-1
590	3.831000E-1
600	4.353000E-1
610	4.461000E-1
620	4.438000E-1
630	4.400000E-1
640	4.362000E-1
650	4.376000E-1
660	4.432000E-1
670	4.459000E-1
680	4.444000E-1
690	4.425000E-1
700	4.371000E-1
710	4.326000E-1
720	4.417000E-1
730	4.699000E-1
"2.5YR 6/2"	""	""	
380	1.158000E-1
390	1.592000E-1
400	2.174000E-1
410	2.517000E-1
420	2.540000E-1
430	2.467000E-1
440	2.440000E-1
450	2.408000E-1
460	2.393000E-1
470	2.409000E-1
480	2.392000E-1
490	2.316000E-1
500	2.270000E-1
510	2.372000E-1
520	2.442000E-1
530	2.359000E-1
540	2.358000E-1
550	2.661000E-1
560	3.135000E-1
570	3.402000E-1
580	3.453000E-1
590	3.458000E-1
600	3.446000E-1
610	3.433000E-1
620	3.409000E-1
630	3.383000E-1
640	3.355000E-1
650	3.327000E-1
660	3.308000E-1
670	3.288000E-1
680	3.265000E-1
690	3.242000E-1
700	3.223000E-1
710	3.197000E-1
720	3.178000E-1
730	3.158000E-1
"2.5YR 6/4"	""	""	
380	1.102000E-1
390	1.443000E-1
400	1.892000E-1
410	2.093000E-1
420	2.061000E-1
430	1.988000E-1
440	1.956000E-1
450	1.929000E-1
460	1.921000E-1
470	1.940000E-1
480	1.936000E-1
490	1.857000E-1
500	1.814000E-1
510	1.926000E-1
520	2.010000E-1
530	1.928000E-1
540	1.941000E-1
550	2.335000E-1
560	3.102000E-1
570	3.679000E-1
580	3.858000E-1
590	3.911000E-1
600	3.925000E-1
610	3.917000E-1
620	3.898000E-1
630	3.872000E-1
640	3.843000E-1
650	3.824000E-1
660	3.801000E-1
670	3.783000E-1
680	3.760000E-1
690	3.739000E-1
700	3.721000E-1
710	3.700000E-1
720	3.676000E-1
730	3.660000E-1
"2.5YR 6/6"	""	""	
380	1.018000E-1
390	1.258000E-1
400	1.549000E-1
410	1.661000E-1
420	1.612000E-1
430	1.552000E-1
440	1.532000E-1
450	1.515000E-1
460	1.507000E-1
470	1.535000E-1
480	1.533000E-1
490	1.462000E-1
500	1.428000E-1
510	1.531000E-1
520	1.603000E-1
530	1.523000E-1
540	1.548000E-1
550	1.970000E-1
560	2.924000E-1
570	3.827000E-1
580	4.206000E-1
590	4.356000E-1
600	4.421000E-1
610	4.444000E-1
620	4.441000E-1
630	4.432000E-1
640	4.419000E-1
650	4.412000E-1
660	4.405000E-1
670	4.399000E-1
680	4.398000E-1
690	4.390000E-1
700	4.388000E-1
710	4.385000E-1
720	4.373000E-1
730	4.371000E-1
"2.5YR 6/8"	""	""	
380	9.420000E-2
390	1.034000E-1
400	1.162000E-1
410	1.221000E-1
420	1.208000E-1
430	1.197000E-1
440	1.193000E-1
450	1.191000E-1
460	1.193000E-1
470	1.190000E-1
480	1.185000E-1
490	1.193000E-1
500	1.229000E-1
510	1.368000E-1
520	1.568000E-1
530	1.685000E-1
540	1.765000E-1
550	1.936000E-1
560	2.343000E-1
570	3.086000E-1
580	3.962000E-1
590	4.684000E-1
600	5.108000E-1
610	5.312000E-1
620	5.389000E-1
630	5.407000E-1
640	5.400000E-1
650	5.394000E-1
660	5.386000E-1
670	5.381000E-1
680	5.377000E-1
690	5.365000E-1
700	5.359000E-1
710	5.348000E-1
720	5.332000E-1
730	5.330000E-1
"2.5YR 6/10"	""	""	
380	7.920000E-2
390	8.590000E-2
400	9.070000E-2
410	9.100000E-2
420	8.810000E-2
430	8.630000E-2
440	8.520000E-2
450	8.490000E-2
460	8.540000E-2
470	8.630000E-2
480	8.610000E-2
490	8.400000E-2
500	8.580000E-2
510	9.720000E-2
520	1.079000E-1
530	1.068000E-1
540	1.124000E-1
550	1.486000E-1
560	2.448000E-1
570	3.746000E-1
580	4.657000E-1
590	5.218000E-1
600	5.576000E-1
610	5.784000E-1
620	5.897000E-1
630	5.970000E-1
640	6.028000E-1
650	6.087000E-1
660	6.145000E-1
670	6.200000E-1
680	6.254000E-1
690	6.297000E-1
700	6.346000E-1
710	6.387000E-1
720	6.420000E-1
730	6.472000E-1
"2.5YR 6/12"	""	""	
380	6.780000E-2
390	6.010000E-2
400	5.930000E-2
410	5.750000E-2
420	5.640000E-2
430	5.650000E-2
440	5.620000E-2
450	5.670000E-2
460	5.650000E-2
470	5.670000E-2
480	5.740000E-2
490	5.880000E-2
500	6.340000E-2
510	7.850000E-2
520	1.058000E-1
530	1.253000E-1
540	1.373000E-1
550	1.579000E-1
560	2.031000E-1
570	2.872000E-1
580	4.001000E-1
590	5.164000E-1
600	6.026000E-1
610	6.511000E-1
620	6.738000E-1
630	6.840000E-1
640	6.887000E-1
650	6.922000E-1
660	6.956000E-1
670	6.985000E-1
680	7.019000E-1
690	7.046000E-1
700	7.069000E-1
710	7.094000E-1
720	7.102000E-1
730	7.123000E-1
"2.5YR 6/14"	""	""	
380	6.140000E-2
390	5.310000E-2
400	4.990000E-2
410	4.860000E-2
420	4.790000E-2
430	4.740000E-2
440	4.750000E-2
450	4.770000E-2
460	4.790000E-2
470	4.840000E-2
480	4.900000E-2
490	5.080000E-2
500	5.550000E-2
510	7.190000E-2
520	1.013000E-1
530	1.224000E-1
540	1.352000E-1
550	1.560000E-1
560	2.023000E-1
570	2.881000E-1
580	4.039000E-1
590	5.276000E-1
600	6.269000E-1
610	6.890000E-1
620	7.224000E-1
630	7.404000E-1
640	7.509000E-1
650	7.596000E-1
660	7.675000E-1
670	7.744000E-1
680	7.812000E-1
690	7.867000E-1
700	7.923000E-1
710	7.971000E-1
720	7.999000E-1
730	8.049000E-1
"2.5YR 7/2"	""	""	
380	1.365000E-1
390	1.874000E-1
400	2.805000E-1
410	3.579000E-1
420	3.713000E-1
430	3.646000E-1
440	3.606000E-1
450	3.571000E-1
460	3.556000E-1
470	3.576000E-1
480	3.561000E-1
490	3.468000E-1
500	3.407000E-1
510	3.533000E-1
520	3.635000E-1
530	3.533000E-1
540	3.524000E-1
550	3.898000E-1
560	4.479000E-1
570	4.813000E-1
580	4.881000E-1
590	4.896000E-1
600	4.893000E-1
610	4.884000E-1
620	4.866000E-1
630	4.838000E-1
640	4.808000E-1
650	4.785000E-1
660	4.766000E-1
670	4.745000E-1
680	4.731000E-1
690	4.710000E-1
700	4.691000E-1
710	4.673000E-1
720	4.646000E-1
730	4.628000E-1
"2.5YR 7/4"	""	""	
380	1.237000E-1
390	1.607000E-1
400	2.377000E-1
410	2.879000E-1
420	2.967000E-1
430	2.955000E-1
440	2.940000E-1
450	2.935000E-1
460	2.925000E-1
470	2.915000E-1
480	2.890000E-1
490	2.882000E-1
500	2.913000E-1
510	3.051000E-1
520	3.244000E-1
530	3.344000E-1
540	3.420000E-1
550	3.605000E-1
560	3.991000E-1
570	4.596000E-1
580	5.125000E-1
590	5.443000E-1
600	5.582000E-1
610	5.632000E-1
620	5.643000E-1
630	5.632000E-1
640	5.609000E-1
650	5.590000E-1
660	5.579000E-1
670	5.564000E-1
680	5.552000E-1
690	5.536000E-1
700	5.517000E-1
710	5.503000E-1
720	5.476000E-1
730	5.459000E-1
"2.5YR 7/6"	""	""	
380	1.276000E-1
390	1.666000E-1
400	2.248000E-1
410	2.601000E-1
420	2.578000E-1
430	2.502000E-1
440	2.472000E-1
450	2.448000E-1
460	2.441000E-1
470	2.474000E-1
480	2.472000E-1
490	2.380000E-1
500	2.338000E-1
510	2.518000E-1
520	2.689000E-1
530	2.592000E-1
540	2.607000E-1
550	3.170000E-1
560	4.389000E-1
570	5.497000E-1
580	5.968000E-1
590	6.153000E-1
600	6.235000E-1
610	6.264000E-1
620	6.259000E-1
630	6.241000E-1
640	6.218000E-1
650	6.202000E-1
660	6.190000E-1
670	6.177000E-1
680	6.163000E-1
690	6.147000E-1
700	6.137000E-1
710	6.121000E-1
720	6.102000E-1
730	6.096000E-1
"2.5YR 7/8"	""	""	
380	1.202000E-1
390	1.463000E-1
400	1.844000E-1
410	2.030000E-1
420	1.995000E-1
430	1.936000E-1
440	1.915000E-1
450	1.903000E-1
460	1.907000E-1
470	1.942000E-1
480	1.948000E-1
490	1.872000E-1
500	1.842000E-1
510	2.020000E-1
520	2.183000E-1
530	2.100000E-1
540	2.125000E-1
550	2.693000E-1
560	4.066000E-1
570	5.556000E-1
580	6.310000E-1
590	6.645000E-1
600	6.810000E-1
610	6.886000E-1
620	6.910000E-1
630	6.917000E-1
640	6.922000E-1
650	6.930000E-1
660	6.945000E-1
670	6.956000E-1
680	6.972000E-1
690	6.984000E-1
700	7.001000E-1
710	7.012000E-1
720	7.011000E-1
730	7.030000E-1
"2.5YR 7/10"	""	""	
380	1.195000E-1
390	1.326000E-1
400	1.466000E-1
410	1.514000E-1
420	1.466000E-1
430	1.420000E-1
440	1.410000E-1
450	1.396000E-1
460	1.400000E-1
470	1.419000E-1
480	1.425000E-1
490	1.387000E-1
500	1.384000E-1
510	1.554000E-1
520	1.772000E-1
530	1.773000E-1
540	1.809000E-1
550	2.287000E-1
560	3.555000E-1
570	5.226000E-1
580	6.441000E-1
590	7.174000E-1
600	7.605000E-1
610	7.832000E-1
620	7.939000E-1
630	8.002000E-1
640	8.049000E-1
650	8.092000E-1
660	8.137000E-1
670	8.165000E-1
680	8.192000E-1
690	8.217000E-1
700	8.246000E-1
710	8.270000E-1
720	8.297000E-1
730	8.332000E-1
"2.5YR 7/12"	""	""	
380	1.016000E-1
390	1.026000E-1
400	1.097000E-1
410	1.108000E-1
420	1.075000E-1
430	1.050000E-1
440	1.046000E-1
450	1.054000E-1
460	1.059000E-1
470	1.074000E-1
480	1.073000E-1
490	1.062000E-1
500	1.097000E-1
510	1.316000E-1
520	1.632000E-1
530	1.707000E-1
540	1.749000E-1
550	2.161000E-1
560	3.342000E-1
570	5.127000E-1
580	6.646000E-1
590	7.689000E-1
600	8.344000E-1
610	8.688000E-1
620	8.846000E-1
630	8.926000E-1
640	8.976000E-1
650	9.026000E-1
660	9.076000E-1
670	9.110000E-1
680	9.140000E-1
690	9.156000E-1
700	9.181000E-1
710	9.197000E-1
720	9.196000E-1
730	9.225000E-1
"2.5YR 8/2"	""	""	
380	1.509000E-1
390	2.055000E-1
400	3.360000E-1
410	4.755000E-1
420	5.195000E-1
430	5.176000E-1
440	5.140000E-1
450	5.113000E-1
460	5.103000E-1
470	5.130000E-1
480	5.122000E-1
490	5.020000E-1
500	4.955000E-1
510	5.101000E-1
520	5.223000E-1
530	5.107000E-1
540	5.096000E-1
550	5.517000E-1
560	6.123000E-1
570	6.458000E-1
580	6.526000E-1
590	6.549000E-1
600	6.552000E-1
610	6.557000E-1
620	6.547000E-1
630	6.527000E-1
640	6.504000E-1
650	6.491000E-1
660	6.484000E-1
670	6.473000E-1
680	6.467000E-1
690	6.458000E-1
700	6.452000E-1
710	6.439000E-1
720	6.421000E-1
730	6.419000E-1
"2.5YR 8/4"	""	""	
380	1.477000E-1
390	1.959000E-1
400	3.040000E-1
410	3.940000E-1
420	4.167000E-1
430	4.170000E-1
440	4.162000E-1
450	4.159000E-1
460	4.158000E-1
470	4.149000E-1
480	4.124000E-1
490	4.122000E-1
500	4.162000E-1
510	4.354000E-1
520	4.627000E-1
530	4.767000E-1
540	4.862000E-1
550	5.082000E-1
560	5.549000E-1
570	6.303000E-1
580	6.979000E-1
590	7.376000E-1
600	7.490000E-1
610	7.481000E-1
620	7.480000E-1
630	7.493000E-1
640	7.511000E-1
650	7.588000E-1
660	7.696000E-1
670	7.740000E-1
680	7.716000E-1
690	7.662000E-1
700	7.559000E-1
710	7.469000E-1
720	7.530000E-1
730	7.780000E-1
"2.5YR 8/6"	""	""	
380	1.469000E-1
390	1.885000E-1
400	2.800000E-1
410	3.470000E-1
420	3.547000E-1
430	3.481000E-1
440	3.455000E-1
450	3.433000E-1
460	3.432000E-1
470	3.467000E-1
480	3.459000E-1
490	3.360000E-1
500	3.324000E-1
510	3.588000E-1
520	3.853000E-1
530	3.769000E-1
540	3.786000E-1
550	4.443000E-1
560	5.834000E-1
570	7.166000E-1
580	7.794000E-1
590	8.070000E-1
600	8.205000E-1
610	8.268000E-1
620	8.288000E-1
630	8.285000E-1
640	8.275000E-1
650	8.274000E-1
660	8.281000E-1
670	8.284000E-1
680	8.287000E-1
690	8.283000E-1
700	8.287000E-1
710	8.288000E-1
720	8.274000E-1
730	8.283000E-1
"2.5YR 8/8"	""	""	
380	1.391000E-1
390	1.747000E-1
400	2.428000E-1
410	2.853000E-1
420	2.868000E-1
430	2.802000E-1
440	2.784000E-1
450	2.776000E-1
460	2.782000E-1
470	2.810000E-1
480	2.810000E-1
490	2.732000E-1
500	2.725000E-1
510	3.016000E-1
520	3.347000E-1
530	3.315000E-1
540	3.350000E-1
550	4.036000E-1
560	5.610000E-1
570	7.409000E-1
580	8.491000E-1
590	9.029000E-1
600	9.303000E-1
610	9.433000E-1
620	9.481000E-1
630	9.494000E-1
640	9.494000E-1
650	9.506000E-1
660	9.521000E-1
670	9.529000E-1
680	9.542000E-1
690	9.548000E-1
700	9.558000E-1
710	9.558000E-1
720	9.554000E-1
730	9.568000E-1
"2.5YR 9/2"	""	""	
380	1.777000E-1
390	2.269000E-1
400	3.825000E-1
410	5.849000E-1
420	6.828000E-1
430	6.980000E-1
440	6.990000E-1
450	6.986000E-1
460	6.987000E-1
470	6.976000E-1
480	6.951000E-1
490	6.954000E-1
500	6.970000E-1
510	7.059000E-1
520	7.184000E-1
530	7.242000E-1
540	7.300000E-1
550	7.469000E-1
560	7.776000E-1
570	8.243000E-1
580	8.571000E-1
590	8.740000E-1
600	8.786000E-1
610	8.798000E-1
620	8.807000E-1
630	8.817000E-1
640	8.824000E-1
650	8.859000E-1
660	8.907000E-1
670	8.929000E-1
680	8.938000E-1
690	8.927000E-1
700	8.905000E-1
710	8.877000E-1
720	8.902000E-1
730	9.002000E-1
"5YR 2.5/1"	""	""	
380	3.940000E-2
390	3.990000E-2
400	4.230000E-2
410	4.250000E-2
420	4.230000E-2
430	4.190000E-2
440	4.170000E-2
450	4.160000E-2
460	4.100000E-2
470	4.090000E-2
480	4.050000E-2
490	4.040000E-2
500	4.040000E-2
510	4.040000E-2
520	4.080000E-2
530	4.120000E-2
540	4.160000E-2
550	4.270000E-2
560	4.420000E-2
570	4.790000E-2
580	5.340000E-2
590	5.710000E-2
600	5.630000E-2
610	5.430000E-2
620	5.240000E-2
630	5.100000E-2
640	5.000000E-2
650	4.930000E-2
660	4.920000E-2
670	4.880000E-2
680	4.890000E-2
690	4.890000E-2
700	4.890000E-2
710	4.870000E-2
720	4.920000E-2
730	4.910000E-2
"5YR 3/1"	""	""	
380	5.150000E-2
390	5.430000E-2
400	5.630000E-2
410	5.550000E-2
420	5.610000E-2
430	5.460000E-2
440	5.430000E-2
450	5.390000E-2
460	5.320000E-2
470	5.320000E-2
480	5.270000E-2
490	5.270000E-2
500	5.260000E-2
510	5.260000E-2
520	5.290000E-2
530	5.320000E-2
540	5.470000E-2
550	5.810000E-2
560	6.350000E-2
570	6.980000E-2
580	7.480000E-2
590	7.740000E-2
600	7.720000E-2
610	7.610000E-2
620	7.480000E-2
630	7.330000E-2
640	7.210000E-2
650	7.130000E-2
660	7.040000E-2
670	6.980000E-2
680	6.940000E-2
690	6.860000E-2
700	6.790000E-2
710	6.780000E-2
720	6.710000E-2
730	6.650000E-2
"5YR 3/2"	""	""	
380	4.480000E-2
390	4.770000E-2
400	4.810000E-2
410	4.890000E-2
420	4.890000E-2
430	4.880000E-2
440	4.840000E-2
450	4.820000E-2
460	4.790000E-2
470	4.790000E-2
480	4.770000E-2
490	4.800000E-2
500	4.890000E-2
510	5.180000E-2
520	5.510000E-2
530	5.600000E-2
540	5.630000E-2
550	5.700000E-2
560	5.860000E-2
570	6.220000E-2
580	7.190000E-2
590	8.530000E-2
600	9.100000E-2
610	9.130000E-2
620	8.980000E-2
630	8.800000E-2
640	8.650000E-2
650	8.500000E-2
660	8.400000E-2
670	8.300000E-2
680	8.220000E-2
690	8.120000E-2
700	8.080000E-2
710	7.980000E-2
720	7.910000E-2
730	7.880000E-2
"5YR 4/1"	""	""	
380	7.380000E-2
390	9.060000E-2
400	1.031000E-1
410	1.073000E-1
420	1.068000E-1
430	1.053000E-1
440	1.038000E-1
450	1.025000E-1
460	1.012000E-1
470	1.004000E-1
480	9.900000E-2
490	9.840000E-2
500	9.810000E-2
510	9.970000E-2
520	1.026000E-1
530	1.041000E-1
540	1.061000E-1
550	1.114000E-1
560	1.198000E-1
570	1.290000E-1
580	1.336000E-1
590	1.347000E-1
600	1.342000E-1
610	1.331000E-1
620	1.319000E-1
630	1.305000E-1
640	1.289000E-1
650	1.275000E-1
660	1.265000E-1
670	1.254000E-1
680	1.246000E-1
690	1.236000E-1
700	1.227000E-1
710	1.219000E-1
720	1.205000E-1
730	1.201000E-1
"5YR 4/2"	""	""	
380	7.140000E-2
390	7.740000E-2
400	8.650000E-2
410	8.880000E-2
420	8.820000E-2
430	8.640000E-2
440	8.530000E-2
450	8.450000E-2
460	8.350000E-2
470	8.280000E-2
480	8.210000E-2
490	8.180000E-2
500	8.190000E-2
510	8.420000E-2
520	8.780000E-2
530	9.010000E-2
540	9.350000E-2
550	1.010000E-1
560	1.145000E-1
570	1.312000E-1
580	1.416000E-1
590	1.453000E-1
600	1.455000E-1
610	1.444000E-1
620	1.428000E-1
630	1.408000E-1
640	1.389000E-1
650	1.374000E-1
660	1.359000E-1
670	1.346000E-1
680	1.335000E-1
690	1.323000E-1
700	1.309000E-1
710	1.302000E-1
720	1.291000E-1
730	1.279000E-1
"5YR 4/4"	""	""	
380	5.480000E-2
390	5.560000E-2
400	5.760000E-2
410	5.870000E-2
420	5.760000E-2
430	5.740000E-2
440	5.720000E-2
450	5.710000E-2
460	5.690000E-2
470	5.710000E-2
480	5.730000E-2
490	5.820000E-2
500	6.010000E-2
510	6.420000E-2
520	6.950000E-2
530	7.240000E-2
540	7.520000E-2
550	8.290000E-2
560	1.002000E-1
570	1.287000E-1
580	1.554000E-1
590	1.705000E-1
600	1.754000E-1
610	1.753000E-1
620	1.731000E-1
630	1.704000E-1
640	1.673000E-1
650	1.647000E-1
660	1.623000E-1
670	1.603000E-1
680	1.584000E-1
690	1.566000E-1
700	1.549000E-1
710	1.530000E-1
720	1.518000E-1
730	1.498000E-1
"5YR 4/6"	""	""	
380	4.180000E-2
390	4.210000E-2
400	4.120000E-2
410	4.170000E-2
420	4.210000E-2
430	4.100000E-2
440	4.120000E-2
450	4.100000E-2
460	4.130000E-2
470	4.210000E-2
480	4.360000E-2
490	4.630000E-2
500	4.920000E-2
510	5.130000E-2
520	5.240000E-2
530	5.350000E-2
540	5.680000E-2
550	6.680000E-2
560	9.260000E-2
570	1.445000E-1
580	2.083000E-1
590	2.423000E-1
600	2.288000E-1
610	2.031000E-1
620	1.868000E-1
630	1.778000E-1
640	1.706000E-1
650	1.658000E-1
660	1.681000E-1
670	1.798000E-1
680	1.974000E-1
690	2.149000E-1
700	2.295000E-1
710	2.346000E-1
720	2.287000E-1
730	2.263000E-1
"5YR 5/1"	""	""	
380	9.160000E-2
390	1.187000E-1
400	1.543000E-1
410	1.726000E-1
420	1.734000E-1
430	1.714000E-1
440	1.696000E-1
450	1.677000E-1
460	1.658000E-1
470	1.642000E-1
480	1.621000E-1
490	1.608000E-1
500	1.604000E-1
510	1.641000E-1
520	1.700000E-1
530	1.728000E-1
540	1.757000E-1
550	1.830000E-1
560	1.945000E-1
570	2.076000E-1
580	2.143000E-1
590	2.166000E-1
600	2.164000E-1
610	2.153000E-1
620	2.137000E-1
630	2.120000E-1
640	2.098000E-1
650	2.083000E-1
660	2.066000E-1
670	2.051000E-1
680	2.040000E-1
690	2.024000E-1
700	2.007000E-1
710	1.996000E-1
720	1.979000E-1
730	1.966000E-1
"5YR 5/2"	""	""	
380	9.150000E-2
390	1.170000E-1
400	1.416000E-1
410	1.532000E-1
420	1.532000E-1
430	1.516000E-1
440	1.506000E-1
450	1.496000E-1
460	1.487000E-1
470	1.479000E-1
480	1.465000E-1
490	1.461000E-1
500	1.475000E-1
510	1.542000E-1
520	1.634000E-1
530	1.675000E-1
540	1.704000E-1
550	1.776000E-1
560	1.916000E-1
570	2.110000E-1
580	2.252000E-1
590	2.318000E-1
600	2.335000E-1
610	2.331000E-1
620	2.316000E-1
630	2.296000E-1
640	2.273000E-1
650	2.256000E-1
660	2.239000E-1
670	2.224000E-1
680	2.210000E-1
690	2.193000E-1
700	2.178000E-1
710	2.161000E-1
720	2.147000E-1
730	2.134000E-1
"5YR 5/4"	""	""	
380	8.060000E-2
390	9.490000E-2
400	1.080000E-1
410	1.128000E-1
420	1.120000E-1
430	1.109000E-1
440	1.099000E-1
450	1.095000E-1
460	1.094000E-1
470	1.089000E-1
480	1.083000E-1
490	1.089000E-1
500	1.113000E-1
510	1.199000E-1
520	1.322000E-1
530	1.387000E-1
540	1.433000E-1
550	1.544000E-1
560	1.787000E-1
570	2.171000E-1
580	2.512000E-1
590	2.705000E-1
600	2.777000E-1
610	2.795000E-1
620	2.784000E-1
630	2.763000E-1
640	2.738000E-1
650	2.713000E-1
660	2.693000E-1
670	2.674000E-1
680	2.657000E-1
690	2.638000E-1
700	2.618000E-1
710	2.600000E-1
720	2.582000E-1
730	2.561000E-1
"5YR 5/6"	""	""	
380	7.070000E-2
390	7.570000E-2
400	7.800000E-2
410	7.990000E-2
420	7.810000E-2
430	7.780000E-2
440	7.730000E-2
450	7.710000E-2
460	7.720000E-2
470	7.720000E-2
480	7.750000E-2
490	7.850000E-2
500	8.200000E-2
510	9.270000E-2
520	1.085000E-1
530	1.177000E-1
540	1.233000E-1
550	1.352000E-1
560	1.631000E-1
570	2.122000E-1
580	2.637000E-1
590	2.986000E-1
600	3.143000E-1
610	3.186000E-1
620	3.175000E-1
630	3.146000E-1
640	3.106000E-1
650	3.073000E-1
660	3.042000E-1
670	3.021000E-1
680	3.000000E-1
690	2.981000E-1
700	2.964000E-1
710	2.947000E-1
720	2.926000E-1
730	2.905000E-1
"5YR 5/8"	""	""	
380	5.670000E-2
390	5.580000E-2
400	5.440000E-2
410	5.400000E-2
420	5.380000E-2
430	5.390000E-2
440	5.340000E-2
450	5.370000E-2
460	5.360000E-2
470	5.410000E-2
480	5.460000E-2
490	5.650000E-2
500	6.080000E-2
510	7.370000E-2
520	9.440000E-2
530	1.068000E-1
540	1.134000E-1
550	1.262000E-1
560	1.581000E-1
570	2.185000E-1
580	2.886000E-1
590	3.391000E-1
600	3.560000E-1
610	3.538000E-1
620	3.512000E-1
630	3.512000E-1
640	3.532000E-1
650	3.620000E-1
660	3.751000E-1
670	3.800000E-1
680	3.733000E-1
690	3.616000E-1
700	3.447000E-1
710	3.318000E-1
720	3.390000E-1
730	3.704000E-1
"5YR 6/1"	""	""	
380	1.213000E-1
390	1.517000E-1
400	2.201000E-1
410	2.598000E-1
420	2.677000E-1
430	2.664000E-1
440	2.639000E-1
450	2.635000E-1
460	2.612000E-1
470	2.603000E-1
480	2.573000E-1
490	2.560000E-1
500	2.566000E-1
510	2.622000E-1
520	2.708000E-1
530	2.739000E-1
540	2.754000E-1
550	2.809000E-1
560	2.908000E-1
570	3.052000E-1
580	3.149000E-1
590	3.193000E-1
600	3.197000E-1
610	3.184000E-1
620	3.166000E-1
630	3.145000E-1
640	3.117000E-1
650	3.099000E-1
660	3.083000E-1
670	3.067000E-1
680	3.061000E-1
690	3.045000E-1
700	3.024000E-1
710	3.013000E-1
720	2.989000E-1
730	2.969000E-1
"5YR 6/2"	""	""	
380	1.174000E-1
390	1.489000E-1
400	2.015000E-1
410	2.332000E-1
420	2.372000E-1
430	2.356000E-1
440	2.337000E-1
450	2.327000E-1
460	2.315000E-1
470	2.303000E-1
480	2.278000E-1
490	2.270000E-1
500	2.285000E-1
510	2.369000E-1
520	2.489000E-1
530	2.542000E-1
540	2.579000E-1
550	2.671000E-1
560	2.851000E-1
570	3.104000E-1
580	3.278000E-1
590	3.356000E-1
600	3.378000E-1
610	3.376000E-1
620	3.361000E-1
630	3.340000E-1
640	3.315000E-1
650	3.294000E-1
660	3.276000E-1
670	3.257000E-1
680	3.242000E-1
690	3.222000E-1
700	3.203000E-1
710	3.185000E-1
720	3.164000E-1
730	3.148000E-1
"5YR 6/4"	""	""	
380	1.061000E-1
390	1.342000E-1
400	1.683000E-1
410	1.866000E-1
420	1.868000E-1
430	1.868000E-1
440	1.853000E-1
450	1.851000E-1
460	1.848000E-1
470	1.841000E-1
480	1.835000E-1
490	1.829000E-1
500	1.864000E-1
510	2.003000E-1
520	2.198000E-1
530	2.308000E-1
540	2.373000E-1
550	2.521000E-1
560	2.829000E-1
570	3.307000E-1
580	3.722000E-1
590	3.958000E-1
600	4.055000E-1
610	4.088000E-1
620	4.080000E-1
630	4.068000E-1
640	4.044000E-1
650	4.021000E-1
660	4.008000E-1
670	3.991000E-1
680	3.971000E-1
690	3.959000E-1
700	3.938000E-1
710	3.917000E-1
720	3.899000E-1
730	3.883000E-1
"5YR 6/6"	""	""	
380	9.880000E-2
390	1.164000E-1
400	1.354000E-1
410	1.455000E-1
420	1.448000E-1
430	1.433000E-1
440	1.433000E-1
450	1.434000E-1
460	1.436000E-1
470	1.438000E-1
480	1.434000E-1
490	1.438000E-1
500	1.486000E-1
510	1.667000E-1
520	1.942000E-1
530	2.109000E-1
540	2.201000E-1
550	2.370000E-1
560	2.731000E-1
570	3.333000E-1
580	3.924000E-1
590	4.311000E-1
600	4.493000E-1
610	4.563000E-1
620	4.577000E-1
630	4.567000E-1
640	4.546000E-1
650	4.529000E-1
660	4.515000E-1
670	4.498000E-1
680	4.489000E-1
690	4.476000E-1
700	4.460000E-1
710	4.443000E-1
720	4.419000E-1
730	4.409000E-1
"5YR 6/8"	""	""	
380	8.950000E-2
390	9.760000E-2
400	1.044000E-1
410	1.077000E-1
420	1.053000E-1
430	1.045000E-1
440	1.038000E-1
450	1.043000E-1
460	1.046000E-1
470	1.048000E-1
480	1.047000E-1
490	1.059000E-1
500	1.112000E-1
510	1.309000E-1
520	1.635000E-1
530	1.847000E-1
540	1.957000E-1
550	2.135000E-1
560	2.533000E-1
570	3.240000E-1
580	4.019000E-1
590	4.607000E-1
600	4.922000E-1
610	5.060000E-1
620	5.100000E-1
630	5.100000E-1
640	5.081000E-1
650	5.066000E-1
660	5.051000E-1
670	5.037000E-1
680	5.030000E-1
690	5.011000E-1
700	4.998000E-1
710	4.980000E-1
720	4.958000E-1
730	4.950000E-1
"5YR 6/10"	""	""	
380	6.670000E-2
390	7.310000E-2
400	7.070000E-2
410	7.250000E-2
420	7.040000E-2
430	7.000000E-2
440	7.040000E-2
450	7.010000E-2
460	7.080000E-2
470	7.090000E-2
480	7.160000E-2
490	7.360000E-2
500	7.860000E-2
510	9.860000E-2
520	1.338000E-1
530	1.591000E-1
540	1.719000E-1
550	1.903000E-1
560	2.337000E-1
570	3.186000E-1
580	4.311000E-1
590	5.341000E-1
600	5.815000E-1
610	5.780000E-1
620	5.595000E-1
630	5.424000E-1
640	5.263000E-1
650	5.130000E-1
660	5.055000E-1
670	5.068000E-1
680	5.154000E-1
690	5.288000E-1
700	5.449000E-1
710	5.578000E-1
720	5.655000E-1
730	5.757000E-1
"5YR 6/12"	""	""	
380	4.960000E-2
390	4.850000E-2
400	4.550000E-2
410	4.480000E-2
420	4.470000E-2
430	4.390000E-2
440	4.470000E-2
450	4.480000E-2
460	4.480000E-2
470	4.570000E-2
480	4.610000E-2
490	4.860000E-2
500	5.380000E-2
510	7.390000E-2
520	1.143000E-1
530	1.477000E-1
540	1.652000E-1
550	1.849000E-1
560	2.294000E-1
570	3.209000E-1
580	4.472000E-1
590	5.609000E-1
600	6.176000E-1
610	6.262000E-1
620	6.166000E-1
630	6.051000E-1
640	5.923000E-1
650	5.801000E-1
660	5.710000E-1
670	5.674000E-1
680	5.753000E-1
690	5.916000E-1
700	6.104000E-1
710	6.282000E-1
720	6.374000E-1
730	6.437000E-1
"5YR 7/1"	""	""	
380	1.367000E-1
390	1.846000E-1
400	2.861000E-1
410	3.722000E-1
420	3.967000E-1
430	3.958000E-1
440	3.934000E-1
450	3.922000E-1
460	3.900000E-1
470	3.887000E-1
480	3.849000E-1
490	3.840000E-1
500	3.843000E-1
510	3.917000E-1
520	4.031000E-1
530	4.067000E-1
540	4.092000E-1
550	4.169000E-1
560	4.296000E-1
570	4.481000E-1
580	4.589000E-1
590	4.630000E-1
600	4.638000E-1
610	4.633000E-1
620	4.618000E-1
630	4.598000E-1
640	4.565000E-1
650	4.545000E-1
660	4.530000E-1
670	4.505000E-1
680	4.493000E-1
690	4.478000E-1
700	4.449000E-1
710	4.433000E-1
720	4.416000E-1
730	4.391000E-1
"5YR 7/2"	""	""	
380	1.342000E-1
390	1.798000E-1
400	2.710000E-1
410	3.395000E-1
420	3.560000E-1
430	3.549000E-1
440	3.534000E-1
450	3.526000E-1
460	3.511000E-1
470	3.501000E-1
480	3.469000E-1
490	3.464000E-1
500	3.483000E-1
510	3.596000E-1
520	3.759000E-1
530	3.830000E-1
540	3.875000E-1
550	3.989000E-1
560	4.198000E-1
570	4.496000E-1
580	4.696000E-1
590	4.786000E-1
600	4.821000E-1
610	4.826000E-1
620	4.813000E-1
630	4.796000E-1
640	4.767000E-1
650	4.746000E-1
660	4.732000E-1
670	4.711000E-1
680	4.699000E-1
690	4.682000E-1
700	4.658000E-1
710	4.641000E-1
720	4.621000E-1
730	4.597000E-1
"5YR 7/4"	""	""	
380	1.335000E-1
390	1.645000E-1
400	2.324000E-1
410	2.745000E-1
420	2.822000E-1
430	2.804000E-1
440	2.785000E-1
450	2.789000E-1
460	2.787000E-1
470	2.779000E-1
480	2.758000E-1
490	2.753000E-1
500	2.796000E-1
510	2.977000E-1
520	3.241000E-1
530	3.383000E-1
540	3.467000E-1
550	3.651000E-1
560	4.022000E-1
570	4.600000E-1
580	5.102000E-1
590	5.393000E-1
600	5.522000E-1
610	5.571000E-1
620	5.574000E-1
630	5.566000E-1
640	5.541000E-1
650	5.521000E-1
660	5.510000E-1
670	5.495000E-1
680	5.481000E-1
690	5.470000E-1
700	5.449000E-1
710	5.430000E-1
720	5.411000E-1
730	5.398000E-1
"5YR 7/6"	""	""	
380	1.256000E-1
390	1.522000E-1
400	1.984000E-1
410	2.233000E-1
420	2.251000E-1
430	2.236000E-1
440	2.225000E-1
450	2.229000E-1
460	2.234000E-1
470	2.233000E-1
480	2.220000E-1
490	2.222000E-1
500	2.280000E-1
510	2.536000E-1
520	2.937000E-1
530	3.177000E-1
540	3.303000E-1
550	3.514000E-1
560	3.953000E-1
570	4.679000E-1
580	5.396000E-1
590	5.883000E-1
600	6.131000E-1
610	6.242000E-1
620	6.273000E-1
630	6.277000E-1
640	6.265000E-1
650	6.256000E-1
660	6.250000E-1
670	6.244000E-1
680	6.242000E-1
690	6.237000E-1
700	6.228000E-1
710	6.216000E-1
720	6.200000E-1
730	6.198000E-1
"5YR 7/8"	""	""	
380	1.171000E-1
390	1.356000E-1
400	1.612000E-1
410	1.731000E-1
420	1.719000E-1
430	1.700000E-1
440	1.692000E-1
450	1.704000E-1
460	1.713000E-1
470	1.721000E-1
480	1.715000E-1
490	1.724000E-1
500	1.796000E-1
510	2.106000E-1
520	2.640000E-1
530	3.009000E-1
540	3.192000E-1
550	3.431000E-1
560	3.918000E-1
570	4.753000E-1
580	5.662000E-1
590	6.376000E-1
600	6.788000E-1
610	6.987000E-1
620	7.069000E-1
630	7.100000E-1
640	7.102000E-1
650	7.108000E-1
660	7.119000E-1
670	7.127000E-1
680	7.141000E-1
690	7.147000E-1
700	7.153000E-1
710	7.156000E-1
720	7.151000E-1
730	7.159000E-1
"5YR 7/10"	""	""	
380	1.003000E-1
390	1.083000E-1
400	1.184000E-1
410	1.219000E-1
420	1.188000E-1
430	1.170000E-1
440	1.164000E-1
450	1.175000E-1
460	1.182000E-1
470	1.197000E-1
480	1.202000E-1
490	1.192000E-1
500	1.238000E-1
510	1.515000E-1
520	1.950000E-1
530	2.092000E-1
540	2.176000E-1
550	2.758000E-1
560	4.137000E-1
570	5.678000E-1
580	6.525000E-1
590	6.914000E-1
600	7.111000E-1
610	7.202000E-1
620	7.230000E-1
630	7.240000E-1
640	7.241000E-1
650	7.242000E-1
660	7.255000E-1
670	7.260000E-1
680	7.272000E-1
690	7.278000E-1
700	7.284000E-1
710	7.288000E-1
720	7.284000E-1
730	7.297000E-1
"5YR 7/12"	""	""	
380	9.050000E-2
390	8.180000E-2
400	8.250000E-2
410	8.060000E-2
420	7.930000E-2
430	7.890000E-2
440	7.850000E-2
450	7.930000E-2
460	7.970000E-2
470	8.040000E-2
480	8.080000E-2
490	8.280000E-2
500	8.980000E-2
510	1.186000E-1
520	1.820000E-1
530	2.413000E-1
540	2.733000E-1
550	3.022000E-1
560	3.571000E-1
570	4.601000E-1
580	5.953000E-1
590	7.212000E-1
600	7.986000E-1
610	8.334000E-1
620	8.466000E-1
630	8.524000E-1
640	8.539000E-1
650	8.553000E-1
660	8.602000E-1
670	8.676000E-1
680	8.769000E-1
690	8.843000E-1
700	8.898000E-1
710	8.924000E-1
720	8.915000E-1
730	8.932000E-1
"5YR 8/1"	""	""	
380	1.618000E-1
390	2.109000E-1
400	3.434000E-1
410	4.913000E-1
420	5.445000E-1
430	5.477000E-1
440	5.441000E-1
450	5.416000E-1
460	5.393000E-1
470	5.363000E-1
480	5.320000E-1
490	5.295000E-1
500	5.284000E-1
510	5.353000E-1
520	5.472000E-1
530	5.525000E-1
540	5.564000E-1
550	5.673000E-1
560	5.822000E-1
570	6.009000E-1
580	6.096000E-1
590	6.127000E-1
600	6.129000E-1
610	6.129000E-1
620	6.114000E-1
630	6.091000E-1
640	6.061000E-1
650	6.038000E-1
660	6.022000E-1
670	6.006000E-1
680	5.994000E-1
690	5.976000E-1
700	5.957000E-1
710	5.942000E-1
720	5.916000E-1
730	5.910000E-1
"5YR 8/2"	""	""	
380	1.550000E-1
390	2.011000E-1
400	3.237000E-1
410	4.524000E-1
420	4.936000E-1
430	4.967000E-1
440	4.950000E-1
450	4.943000E-1
460	4.933000E-1
470	4.920000E-1
480	4.885000E-1
490	4.875000E-1
500	4.902000E-1
510	5.046000E-1
520	5.254000E-1
530	5.348000E-1
540	5.403000E-1
550	5.541000E-1
560	5.790000E-1
570	6.155000E-1
580	6.409000E-1
590	6.538000E-1
600	6.587000E-1
610	6.610000E-1
620	6.607000E-1
630	6.595000E-1
640	6.572000E-1
650	6.562000E-1
660	6.553000E-1
670	6.542000E-1
680	6.540000E-1
690	6.527000E-1
700	6.520000E-1
710	6.508000E-1
720	6.488000E-1
730	6.485000E-1
"5YR 8/4"	""	""	
380	1.371000E-1
390	1.878000E-1
400	2.881000E-1
410	3.756000E-1
420	3.976000E-1
430	3.983000E-1
440	3.975000E-1
450	3.987000E-1
460	3.990000E-1
470	3.990000E-1
480	3.970000E-1
490	3.970000E-1
500	4.024000E-1
510	4.255000E-1
520	4.579000E-1
530	4.751000E-1
540	4.858000E-1
550	5.089000E-1
560	5.569000E-1
570	6.346000E-1
580	7.057000E-1
590	7.471000E-1
600	7.569000E-1
610	7.518000E-1
620	7.453000E-1
630	7.405000E-1
640	7.368000E-1
650	7.366000E-1
660	7.397000E-1
670	7.415000E-1
680	7.420000E-1
690	7.419000E-1
700	7.386000E-1
710	7.362000E-1
720	7.420000E-1
730	7.604000E-1
"5YR 8/6"	""	""	
380	1.523000E-1
390	1.841000E-1
400	2.620000E-1
410	3.133000E-1
420	3.226000E-1
430	3.203000E-1
440	3.197000E-1
450	3.209000E-1
460	3.216000E-1
470	3.219000E-1
480	3.201000E-1
490	3.204000E-1
500	3.282000E-1
510	3.635000E-1
520	4.198000E-1
530	4.545000E-1
540	4.717000E-1
550	4.969000E-1
560	5.469000E-1
570	6.307000E-1
580	7.187000E-1
590	7.845000E-1
600	8.213000E-1
610	8.395000E-1
620	8.470000E-1
630	8.503000E-1
640	8.510000E-1
650	8.521000E-1
660	8.538000E-1
670	8.549000E-1
680	8.566000E-1
690	8.579000E-1
700	8.592000E-1
710	8.596000E-1
720	8.594000E-1
730	8.610000E-1
"5YR 8/8"	""	""	
380	1.286000E-1
390	1.621000E-1
400	2.063000E-1
410	2.386000E-1
420	2.410000E-1
430	2.389000E-1
440	2.401000E-1
450	2.411000E-1
460	2.436000E-1
470	2.443000E-1
480	2.436000E-1
490	2.448000E-1
500	2.535000E-1
510	2.941000E-1
520	3.664000E-1
530	4.172000E-1
540	4.408000E-1
550	4.688000E-1
560	5.323000E-1
570	6.464000E-1
580	7.656000E-1
590	8.483000E-1
600	8.891000E-1
610	9.080000E-1
620	9.169000E-1
630	9.205000E-1
640	9.219000E-1
650	9.238000E-1
660	9.262000E-1
670	9.280000E-1
680	9.315000E-1
690	9.342000E-1
700	9.354000E-1
710	9.374000E-1
720	9.388000E-1
730	9.399000E-1
"5YR 9/1"	""	""	
380	1.794000E-1
390	2.229000E-1
400	3.760000E-1
410	5.976000E-1
420	7.157000E-1
430	7.345000E-1
440	7.361000E-1
450	7.361000E-1
460	7.372000E-1
470	7.400000E-1
480	7.385000E-1
490	7.349000E-1
500	7.323000E-1
510	7.442000E-1
520	7.564000E-1
530	7.508000E-1
540	7.510000E-1
550	7.792000E-1
560	8.154000E-1
570	8.376000E-1
580	8.421000E-1
590	8.445000E-1
600	8.462000E-1
610	8.486000E-1
620	8.493000E-1
630	8.497000E-1
640	8.490000E-1
650	8.493000E-1
660	8.504000E-1
670	8.512000E-1
680	8.525000E-1
690	8.534000E-1
700	8.541000E-1
710	8.543000E-1
720	8.546000E-1
730	8.558000E-1
"5YR 9/2"	""	""	
380	1.850000E-1
390	2.387000E-1
400	3.926000E-1
410	5.793000E-1
420	6.545000E-1
430	6.632000E-1
440	6.633000E-1
450	6.653000E-1
460	6.669000E-1
470	6.719000E-1
480	6.726000E-1
490	6.676000E-1
500	6.663000E-1
510	6.904000E-1
520	7.198000E-1
530	7.183000E-1
540	7.191000E-1
550	7.629000E-1
560	8.292000E-1
570	8.704000E-1
580	8.833000E-1
590	8.893000E-1
600	8.924000E-1
610	8.952000E-1
620	8.969000E-1
630	8.983000E-1
640	8.992000E-1
650	9.009000E-1
660	9.029000E-1
670	9.035000E-1
680	9.050000E-1
690	9.051000E-1
700	9.059000E-1
710	9.076000E-1
720	9.088000E-1
730	9.110000E-1
"5YR 9/4"	""	""	
380	1.670000E-1
390	2.062000E-1
400	3.428000E-1
410	5.163000E-1
420	5.866000E-1
430	5.912000E-1
440	5.895000E-1
450	5.900000E-1
460	5.903000E-1
470	5.940000E-1
480	5.935000E-1
490	5.866000E-1
500	5.861000E-1
510	6.188000E-1
520	6.602000E-1
530	6.615000E-1
540	6.651000E-1
550	7.281000E-1
560	8.327000E-1
570	9.032000E-1
580	9.244000E-1
590	9.331000E-1
600	9.380000E-1
610	9.421000E-1
620	9.439000E-1
630	9.444000E-1
640	9.444000E-1
650	9.452000E-1
660	9.469000E-1
670	9.480000E-1
680	9.500000E-1
690	9.515000E-1
700	9.527000E-1
710	9.534000E-1
720	9.536000E-1
730	9.552000E-1
"7.5YR 3/2"	""	""	
380	3.370000E-2
390	3.940000E-2
400	4.080000E-2
410	4.200000E-2
420	4.140000E-2
430	4.170000E-2
440	4.190000E-2
450	4.140000E-2
460	4.160000E-2
470	4.130000E-2
480	4.140000E-2
490	4.180000E-2
500	4.340000E-2
510	4.870000E-2
520	5.480000E-2
530	5.710000E-2
540	5.710000E-2
550	5.650000E-2
560	5.620000E-2
570	5.840000E-2
580	6.860000E-2
590	8.390000E-2
600	9.110000E-2
610	9.220000E-2
620	9.140000E-2
630	9.010000E-2
640	8.870000E-2
650	8.760000E-2
660	8.670000E-2
670	8.600000E-2
680	8.560000E-2
690	8.470000E-2
700	8.460000E-2
710	8.360000E-2
720	8.310000E-2
730	8.280000E-2
"7.5YR 4/2"	""	""	
380	7.350000E-2
390	7.510000E-2
400	8.720000E-2
410	8.740000E-2
420	8.790000E-2
430	8.600000E-2
440	8.510000E-2
450	8.440000E-2
460	8.330000E-2
470	8.360000E-2
480	8.230000E-2
490	8.210000E-2
500	8.140000E-2
510	8.110000E-2
520	8.190000E-2
530	8.310000E-2
540	8.810000E-2
550	1.007000E-1
560	1.260000E-1
570	1.590000E-1
580	1.743000E-1
590	1.671000E-1
600	1.489000E-1
610	1.332000E-1
620	1.251000E-1
630	1.203000E-1
640	1.171000E-1
650	1.161000E-1
660	1.172000E-1
670	1.205000E-1
680	1.237000E-1
690	1.245000E-1
700	1.238000E-1
710	1.217000E-1
720	1.205000E-1
730	1.255000E-1
"7.5YR 4/4"	""	""	
380	5.630000E-2
390	5.690000E-2
400	5.880000E-2
410	5.860000E-2
420	5.850000E-2
430	5.800000E-2
440	5.740000E-2
450	5.780000E-2
460	5.730000E-2
470	5.750000E-2
480	5.770000E-2
490	5.860000E-2
500	6.060000E-2
510	6.690000E-2
520	7.650000E-2
530	8.230000E-2
540	8.690000E-2
550	9.660000E-2
560	1.158000E-1
570	1.430000E-1
580	1.642000E-1
590	1.747000E-1
600	1.772000E-1
610	1.761000E-1
620	1.740000E-1
630	1.714000E-1
640	1.687000E-1
650	1.664000E-1
660	1.646000E-1
670	1.628000E-1
680	1.614000E-1
690	1.596000E-1
700	1.583000E-1
710	1.569000E-1
720	1.556000E-1
730	1.544000E-1
"7.5YR 4/6"	""	""	
380	3.620000E-2
390	3.900000E-2
400	3.640000E-2
410	3.770000E-2
420	3.780000E-2
430	3.780000E-2
440	3.860000E-2
450	3.840000E-2
460	3.900000E-2
470	3.930000E-2
480	3.950000E-2
490	4.080000E-2
500	4.360000E-2
510	5.240000E-2
520	6.500000E-2
530	7.050000E-2
540	7.490000E-2
550	9.030000E-2
560	1.201000E-1
570	1.477000E-1
580	1.636000E-1
590	1.746000E-1
600	1.827000E-1
610	1.890000E-1
620	1.940000E-1
630	1.982000E-1
640	2.025000E-1
650	2.069000E-1
660	2.114000E-1
670	2.164000E-1
680	2.211000E-1
690	2.256000E-1
700	2.310000E-1
710	2.355000E-1
720	2.394000E-1
730	2.451000E-1
"7.5YR 5/2"	""	""	
380	9.100000E-2
390	1.095000E-1
400	1.326000E-1
410	1.417000E-1
420	1.414000E-1
430	1.409000E-1
440	1.394000E-1
450	1.392000E-1
460	1.385000E-1
470	1.379000E-1
480	1.367000E-1
490	1.367000E-1
500	1.387000E-1
510	1.469000E-1
520	1.583000E-1
530	1.638000E-1
540	1.669000E-1
550	1.741000E-1
560	1.882000E-1
570	2.074000E-1
580	2.204000E-1
590	2.261000E-1
600	2.270000E-1
610	2.265000E-1
620	2.250000E-1
630	2.228000E-1
640	2.207000E-1
650	2.190000E-1
660	2.173000E-1
670	2.155000E-1
680	2.145000E-1
690	2.128000E-1
700	2.111000E-1
710	2.099000E-1
720	2.079000E-1
730	2.073000E-1
"7.5YR 5/4"	""	""	
380	8.250000E-2
390	9.570000E-2
400	1.063000E-1
410	1.092000E-1
420	1.069000E-1
430	1.042000E-1
440	1.031000E-1
450	1.026000E-1
460	1.028000E-1
470	1.037000E-1
480	1.034000E-1
490	1.017000E-1
500	1.029000E-1
510	1.152000E-1
520	1.301000E-1
530	1.311000E-1
540	1.347000E-1
550	1.629000E-1
560	2.149000E-1
570	2.511000E-1
580	2.602000E-1
590	2.621000E-1
600	2.616000E-1
610	2.601000E-1
620	2.581000E-1
630	2.555000E-1
640	2.529000E-1
650	2.508000E-1
660	2.490000E-1
670	2.473000E-1
680	2.456000E-1
690	2.436000E-1
700	2.417000E-1
710	2.404000E-1
720	2.385000E-1
730	2.372000E-1
"7.5YR 5/6"	""	""	
380	6.000000E-2
390	6.280000E-2
400	6.440000E-2
410	6.490000E-2
420	6.250000E-2
430	6.230000E-2
440	6.190000E-2
450	6.240000E-2
460	6.230000E-2
470	6.270000E-2
480	6.280000E-2
490	6.300000E-2
500	6.640000E-2
510	7.920000E-2
520	9.610000E-2
530	1.000000E-1
540	1.052000E-1
550	1.354000E-1
560	2.007000E-1
570	2.589000E-1
580	2.795000E-1
590	2.851000E-1
600	2.858000E-1
610	2.847000E-1
620	2.822000E-1
630	2.796000E-1
640	2.767000E-1
650	2.746000E-1
660	2.726000E-1
670	2.707000E-1
680	2.691000E-1
690	2.672000E-1
700	2.655000E-1
710	2.639000E-1
720	2.623000E-1
730	2.608000E-1
"7.5YR 5/8"	""	""	
380	4.790000E-2
390	4.830000E-2
400	4.560000E-2
410	4.700000E-2
420	4.580000E-2
430	4.650000E-2
440	4.660000E-2
450	4.680000E-2
460	4.680000E-2
470	4.720000E-2
480	4.820000E-2
490	5.010000E-2
500	5.510000E-2
510	7.180000E-2
520	1.029000E-1
530	1.261000E-1
540	1.369000E-1
550	1.502000E-1
560	1.786000E-1
570	2.270000E-1
580	2.763000E-1
590	3.094000E-1
600	3.249000E-1
610	3.306000E-1
620	3.314000E-1
630	3.306000E-1
640	3.292000E-1
650	3.278000E-1
660	3.270000E-1
670	3.263000E-1
680	3.261000E-1
690	3.256000E-1
700	3.251000E-1
710	3.244000E-1
720	3.238000E-1
730	3.246000E-1
"7.5YR 6/2"	""	""	
380	1.060000E-1
390	1.375000E-1
400	1.884000E-1
410	2.196000E-1
420	2.233000E-1
430	2.217000E-1
440	2.207000E-1
450	2.210000E-1
460	2.227000E-1
470	2.256000E-1
480	2.287000E-1
490	2.310000E-1
500	2.317000E-1
510	2.338000E-1
520	2.399000E-1
530	2.459000E-1
540	2.527000E-1
550	2.687000E-1
560	2.966000E-1
570	3.273000E-1
580	3.439000E-1
590	3.474000E-1
600	3.392000E-1
610	3.275000E-1
620	3.224000E-1
630	3.266000E-1
640	3.340000E-1
650	3.395000E-1
660	3.422000E-1
670	3.396000E-1
680	3.313000E-1
690	3.241000E-1
700	3.253000E-1
710	3.332000E-1
720	3.426000E-1
730	3.552000E-1
"7.5YR 6/4"	""	""	
380	1.041000E-1
390	1.311000E-1
400	1.612000E-1
410	1.765000E-1
420	1.762000E-1
430	1.745000E-1
440	1.734000E-1
450	1.738000E-1
460	1.738000E-1
470	1.734000E-1
480	1.727000E-1
490	1.728000E-1
500	1.774000E-1
510	1.963000E-1
520	2.247000E-1
530	2.407000E-1
540	2.490000E-1
550	2.632000E-1
560	2.917000E-1
570	3.337000E-1
580	3.673000E-1
590	3.853000E-1
600	3.913000E-1
610	3.923000E-1
620	3.914000E-1
630	3.901000E-1
640	3.885000E-1
650	3.870000E-1
660	3.852000E-1
670	3.822000E-1
680	3.789000E-1
690	3.753000E-1
700	3.728000E-1
710	3.726000E-1
720	3.730000E-1
730	3.744000E-1
"7.5YR 6/6"	""	""	
380	8.420000E-2
390	1.034000E-1
400	1.173000E-1
410	1.230000E-1
420	1.210000E-1
430	1.190000E-1
440	1.190000E-1
450	1.198000E-1
460	1.210000E-1
470	1.224000E-1
480	1.227000E-1
490	1.212000E-1
500	1.247000E-1
510	1.471000E-1
520	1.786000E-1
530	1.860000E-1
540	1.921000E-1
550	2.356000E-1
560	3.192000E-1
570	3.832000E-1
580	4.048000E-1
590	4.125000E-1
600	4.159000E-1
610	4.174000E-1
620	4.174000E-1
630	4.168000E-1
640	4.161000E-1
650	4.156000E-1
660	4.156000E-1
670	4.153000E-1
680	4.154000E-1
690	4.157000E-1
700	4.149000E-1
710	4.145000E-1
720	4.138000E-1
730	4.141000E-1
"7.5YR 6/8"	""	""	
380	7.650000E-2
390	8.240000E-2
400	8.660000E-2
410	8.690000E-2
420	8.540000E-2
430	8.430000E-2
440	8.370000E-2
450	8.470000E-2
460	8.680000E-2
470	9.090000E-2
480	9.690000E-2
490	1.032000E-1
500	1.094000E-1
510	1.212000E-1
520	1.503000E-1
530	1.918000E-1
540	2.208000E-1
550	2.480000E-1
560	2.944000E-1
570	3.610000E-1
580	4.197000E-1
590	4.550000E-1
600	4.674000E-1
610	4.690000E-1
620	4.732000E-1
630	4.853000E-1
640	5.006000E-1
650	5.139000E-1
660	5.230000E-1
670	5.200000E-1
680	5.042000E-1
690	4.927000E-1
700	4.942000E-1
710	5.028000E-1
720	5.144000E-1
730	5.289000E-1
"7.5YR 6/10"	""	""	
380	4.920000E-2
390	5.180000E-2
400	4.790000E-2
410	4.670000E-2
420	4.750000E-2
430	4.610000E-2
440	4.750000E-2
450	4.710000E-2
460	4.780000E-2
470	4.860000E-2
480	4.910000E-2
490	5.190000E-2
500	5.670000E-2
510	7.630000E-2
520	1.214000E-1
530	1.590000E-1
540	1.784000E-1
550	2.179000E-1
560	2.979000E-1
570	3.805000E-1
580	4.288000E-1
590	4.583000E-1
600	4.771000E-1
610	4.897000E-1
620	4.989000E-1
630	5.053000E-1
640	5.114000E-1
650	5.174000E-1
660	5.229000E-1
670	5.288000E-1
680	5.347000E-1
690	5.390000E-1
700	5.449000E-1
710	5.508000E-1
720	5.543000E-1
730	5.602000E-1
"7.5YR 7/2"	""	""	
380	1.364000E-1
390	1.786000E-1
400	2.620000E-1
410	3.254000E-1
420	3.370000E-1
430	3.370000E-1
440	3.358000E-1
450	3.357000E-1
460	3.352000E-1
470	3.338000E-1
480	3.315000E-1
490	3.305000E-1
500	3.330000E-1
510	3.473000E-1
520	3.679000E-1
530	3.770000E-1
540	3.817000E-1
550	3.950000E-1
560	4.247000E-1
570	4.681000E-1
580	4.926000E-1
590	4.955000E-1
600	4.861000E-1
610	4.744000E-1
620	4.689000E-1
630	4.681000E-1
640	4.696000E-1
650	4.773000E-1
660	4.889000E-1
670	4.937000E-1
680	4.887000E-1
690	4.788000E-1
700	4.646000E-1
710	4.536000E-1
720	4.594000E-1
730	4.852000E-1
"7.5YR 7/4"	""	""	
380	1.181000E-1
390	1.599000E-1
400	2.256000E-1
410	2.706000E-1
420	2.755000E-1
430	2.720000E-1
440	2.691000E-1
450	2.673000E-1
460	2.671000E-1
470	2.666000E-1
480	2.652000E-1
490	2.616000E-1
500	2.623000E-1
510	2.865000E-1
520	3.254000E-1
530	3.374000E-1
540	3.447000E-1
550	3.917000E-1
560	4.686000E-1
570	5.181000E-1
580	5.322000E-1
590	5.369000E-1
600	5.388000E-1
610	5.398000E-1
620	5.394000E-1
630	5.380000E-1
640	5.365000E-1
650	5.355000E-1
660	5.345000E-1
670	5.340000E-1
680	5.334000E-1
690	5.323000E-1
700	5.312000E-1
710	5.305000E-1
720	5.283000E-1
730	5.285000E-1
"7.5YR 7/6"	""	""	
380	1.194000E-1
390	1.424000E-1
400	1.774000E-1
410	1.952000E-1
420	1.961000E-1
430	1.950000E-1
440	1.947000E-1
450	1.964000E-1
460	1.977000E-1
470	1.984000E-1
480	1.981000E-1
490	1.989000E-1
500	2.068000E-1
510	2.406000E-1
520	2.995000E-1
530	3.406000E-1
540	3.601000E-1
550	3.823000E-1
560	4.235000E-1
570	4.876000E-1
580	5.447000E-1
590	5.803000E-1
600	5.966000E-1
610	6.036000E-1
620	6.056000E-1
630	6.051000E-1
640	6.035000E-1
650	6.023000E-1
660	6.017000E-1
670	6.008000E-1
680	6.006000E-1
690	5.997000E-1
700	5.982000E-1
710	5.975000E-1
720	5.958000E-1
730	5.946000E-1
"7.5YR 7/8"	""	""	
380	1.119000E-1
390	1.183000E-1
400	1.345000E-1
410	1.400000E-1
420	1.387000E-1
430	1.369000E-1
440	1.367000E-1
450	1.378000E-1
460	1.391000E-1
470	1.400000E-1
480	1.404000E-1
490	1.418000E-1
500	1.483000E-1
510	1.783000E-1
520	2.377000E-1
530	2.845000E-1
540	3.112000E-1
550	3.453000E-1
560	4.082000E-1
570	5.070000E-1
580	6.048000E-1
590	6.573000E-1
600	6.547000E-1
610	6.343000E-1
620	6.196000E-1
630	6.107000E-1
640	6.029000E-1
650	5.974000E-1
660	6.011000E-1
670	6.160000E-1
680	6.373000E-1
690	6.581000E-1
700	6.742000E-1
710	6.802000E-1
720	6.740000E-1
730	6.714000E-1
"7.5YR 7/10"	""	""	
380	9.620000E-2
390	9.360000E-2
400	9.810000E-2
410	9.950000E-2
420	9.690000E-2
430	9.630000E-2
440	9.630000E-2
450	9.780000E-2
460	9.930000E-2
470	1.004000E-1
480	1.013000E-1
490	1.023000E-1
500	1.093000E-1
510	1.437000E-1
520	2.123000E-1
530	2.590000E-1
540	2.793000E-1
550	3.339000E-1
560	4.490000E-1
570	5.603000E-1
580	6.161000E-1
590	6.453000E-1
600	6.633000E-1
610	6.758000E-1
620	6.839000E-1
630	6.903000E-1
640	6.955000E-1
650	7.009000E-1
660	7.067000E-1
670	7.121000E-1
680	7.178000E-1
690	7.220000E-1
700	7.264000E-1
710	7.305000E-1
720	7.331000E-1
730	7.378000E-1
"7.5YR 7/12"	""	""	
380	7.130000E-2
390	6.360000E-2
400	6.070000E-2
410	5.950000E-2
420	5.880000E-2
430	5.870000E-2
440	5.870000E-2
450	5.930000E-2
460	5.950000E-2
470	6.020000E-2
480	6.110000E-2
490	6.340000E-2
500	7.040000E-2
510	9.940000E-2
520	1.691000E-1
530	2.359000E-1
540	2.715000E-1
550	3.272000E-1
560	4.418000E-1
570	5.667000E-1
580	6.376000E-1
590	6.749000E-1
600	6.966000E-1
610	7.099000E-1
620	7.184000E-1
630	7.247000E-1
640	7.297000E-1
650	7.349000E-1
660	7.402000E-1
670	7.442000E-1
680	7.483000E-1
690	7.521000E-1
700	7.555000E-1
710	7.600000E-1
720	7.629000E-1
730	7.673000E-1
"7.5YR 8/2"	""	""	
380	1.554000E-1
390	2.041000E-1
400	3.210000E-1
410	4.345000E-1
420	4.659000E-1
430	4.675000E-1
440	4.644000E-1
450	4.646000E-1
460	4.647000E-1
470	4.639000E-1
480	4.614000E-1
490	4.603000E-1
500	4.635000E-1
510	4.833000E-1
520	5.148000E-1
530	5.325000E-1
540	5.434000E-1
550	5.619000E-1
560	5.902000E-1
570	6.248000E-1
580	6.458000E-1
590	6.557000E-1
600	6.594000E-1
610	6.609000E-1
620	6.608000E-1
630	6.592000E-1
640	6.572000E-1
650	6.557000E-1
660	6.551000E-1
670	6.542000E-1
680	6.536000E-1
690	6.528000E-1
700	6.515000E-1
710	6.506000E-1
720	6.489000E-1
730	6.483000E-1
"7.5YR 8/4"	""	""	
380	1.538000E-1
390	1.898000E-1
400	2.914000E-1
410	3.698000E-1
420	3.880000E-1
430	3.876000E-1
440	3.859000E-1
450	3.870000E-1
460	3.887000E-1
470	3.895000E-1
480	3.882000E-1
490	3.885000E-1
500	3.949000E-1
510	4.279000E-1
520	4.838000E-1
530	5.197000E-1
540	5.394000E-1
550	5.659000E-1
560	6.084000E-1
570	6.642000E-1
580	7.045000E-1
590	7.267000E-1
600	7.366000E-1
610	7.413000E-1
620	7.433000E-1
630	7.431000E-1
640	7.420000E-1
650	7.420000E-1
660	7.425000E-1
670	7.423000E-1
680	7.437000E-1
690	7.445000E-1
700	7.439000E-1
710	7.445000E-1
720	7.439000E-1
730	7.437000E-1
"7.5YR 8/6"	""	""	
380	1.369000E-1
390	1.667000E-1
400	2.380000E-1
410	2.831000E-1
420	2.872000E-1
430	2.851000E-1
440	2.848000E-1
450	2.874000E-1
460	2.899000E-1
470	2.932000E-1
480	2.932000E-1
490	2.895000E-1
500	2.947000E-1
510	3.396000E-1
520	4.061000E-1
530	4.270000E-1
540	4.369000E-1
550	5.043000E-1
560	6.288000E-1
570	7.272000E-1
580	7.634000E-1
590	7.775000E-1
600	7.841000E-1
610	7.875000E-1
620	7.884000E-1
630	7.880000E-1
640	7.866000E-1
650	7.863000E-1
660	7.868000E-1
670	7.867000E-1
680	7.872000E-1
690	7.875000E-1
700	7.875000E-1
710	7.874000E-1
720	7.862000E-1
730	7.867000E-1
"7.5YR 8/8"	""	""	
380	1.409000E-1
390	1.553000E-1
400	1.957000E-1
410	2.117000E-1
420	2.130000E-1
430	2.106000E-1
440	2.112000E-1
450	2.153000E-1
460	2.177000E-1
470	2.213000E-1
480	2.220000E-1
490	2.217000E-1
500	2.303000E-1
510	2.787000E-1
520	3.660000E-1
530	4.156000E-1
540	4.344000E-1
550	4.929000E-1
560	6.176000E-1
570	7.401000E-1
580	7.989000E-1
590	8.264000E-1
600	8.416000E-1
610	8.501000E-1
620	8.550000E-1
630	8.591000E-1
640	8.615000E-1
650	8.644000E-1
660	8.679000E-1
670	8.686000E-1
680	8.710000E-1
690	8.737000E-1
700	8.753000E-1
710	8.777000E-1
720	8.794000E-1
730	8.822000E-1
"7.5YR 8/10"	""	""	
380	1.243000E-1
390	1.329000E-1
400	1.516000E-1
410	1.582000E-1
420	1.550000E-1
430	1.528000E-1
440	1.524000E-1
450	1.540000E-1
460	1.558000E-1
470	1.579000E-1
480	1.593000E-1
490	1.606000E-1
500	1.679000E-1
510	2.088000E-1
520	3.013000E-1
530	3.785000E-1
540	4.155000E-1
550	4.817000E-1
560	6.185000E-1
570	7.631000E-1
580	8.387000E-1
590	8.730000E-1
600	8.895000E-1
610	8.976000E-1
620	9.021000E-1
630	9.048000E-1
640	9.066000E-1
650	9.087000E-1
660	9.103000E-1
670	9.088000E-1
680	9.109000E-1
690	9.135000E-1
700	9.152000E-1
710	9.170000E-1
720	9.173000E-1
730	9.192000E-1
"7.5YR 9/2"	""	""	
380	1.785000E-1
390	2.204000E-1
400	3.685000E-1
410	5.483000E-1
420	6.217000E-1
430	6.314000E-1
440	6.303000E-1
450	6.318000E-1
460	6.336000E-1
470	6.335000E-1
480	6.318000E-1
490	6.320000E-1
500	6.365000E-1
510	6.615000E-1
520	7.012000E-1
530	7.245000E-1
540	7.386000E-1
550	7.607000E-1
560	7.937000E-1
570	8.371000E-1
580	8.652000E-1
590	8.799000E-1
600	8.866000E-1
610	8.908000E-1
620	8.928000E-1
630	8.932000E-1
640	8.930000E-1
650	8.936000E-1
660	8.951000E-1
670	8.962000E-1
680	8.985000E-1
690	8.997000E-1
700	9.014000E-1
710	9.022000E-1
720	9.022000E-1
730	9.038000E-1
"7.5YR 9/4"	""	""	
380	1.603000E-1
390	1.959000E-1
400	3.234000E-1
410	4.721000E-1
420	5.261000E-1
430	5.324000E-1
440	5.330000E-1
450	5.362000E-1
460	5.402000E-1
470	5.418000E-1
480	5.418000E-1
490	5.434000E-1
500	5.519000E-1
510	5.910000E-1
520	6.545000E-1
530	6.942000E-1
540	7.134000E-1
550	7.372000E-1
560	7.772000E-1
570	8.366000E-1
580	8.830000E-1
590	9.094000E-1
600	9.216000E-1
610	9.279000E-1
620	9.312000E-1
630	9.321000E-1
640	9.321000E-1
650	9.330000E-1
660	9.347000E-1
670	9.356000E-1
680	9.385000E-1
690	9.398000E-1
700	9.411000E-1
710	9.426000E-1
720	9.421000E-1
730	9.433000E-1
"10YR 2.5/1"	""	""	
380	3.810000E-2
390	3.750000E-2
400	3.830000E-2
410	3.880000E-2
420	3.830000E-2
430	3.830000E-2
440	3.800000E-2
450	3.750000E-2
460	3.760000E-2
470	3.750000E-2
480	3.740000E-2
490	3.740000E-2
500	3.780000E-2
510	3.860000E-2
520	3.970000E-2
530	4.020000E-2
540	4.090000E-2
550	4.270000E-2
560	4.520000E-2
570	4.780000E-2
580	4.910000E-2
590	4.970000E-2
600	4.970000E-2
610	5.010000E-2
620	5.000000E-2
630	4.980000E-2
640	4.910000E-2
650	4.870000E-2
660	4.830000E-2
670	4.780000E-2
680	4.750000E-2
690	4.720000E-2
700	4.700000E-2
710	4.690000E-2
720	4.670000E-2
730	4.600000E-2
"10YR 3/1"	""	""	
380	5.540000E-2
390	5.130000E-2
400	5.300000E-2
410	5.310000E-2
420	5.260000E-2
430	5.300000E-2
440	5.160000E-2
450	5.200000E-2
460	5.160000E-2
470	5.130000E-2
480	5.140000E-2
490	5.110000E-2
500	5.190000E-2
510	5.310000E-2
520	5.500000E-2
530	5.620000E-2
540	5.720000E-2
550	6.030000E-2
560	6.510000E-2
570	7.020000E-2
580	7.270000E-2
590	7.260000E-2
600	7.170000E-2
610	7.090000E-2
620	6.950000E-2
630	6.870000E-2
640	6.780000E-2
650	6.680000E-2
660	6.660000E-2
670	6.600000E-2
680	6.530000E-2
690	6.520000E-2
700	6.480000E-2
710	6.400000E-2
720	6.420000E-2
730	6.460000E-2
"10YR 3/2"	""	""	
380	4.240000E-2
390	4.050000E-2
400	4.240000E-2
410	4.290000E-2
420	4.300000E-2
430	4.320000E-2
440	4.240000E-2
450	4.280000E-2
460	4.250000E-2
470	4.270000E-2
480	4.280000E-2
490	4.300000E-2
500	4.450000E-2
510	4.720000E-2
520	5.140000E-2
530	5.350000E-2
540	5.540000E-2
550	5.970000E-2
560	6.690000E-2
570	7.550000E-2
580	8.040000E-2
590	8.150000E-2
600	8.140000E-2
610	8.040000E-2
620	7.920000E-2
630	7.830000E-2
640	7.720000E-2
650	7.640000E-2
660	7.610000E-2
670	7.550000E-2
680	7.500000E-2
690	7.510000E-2
700	7.430000E-2
710	7.390000E-2
720	7.410000E-2
730	7.390000E-2
"10YR 4/1"	""	""	
380	7.380000E-2
390	8.360000E-2
400	9.410000E-2
410	9.900000E-2
420	9.740000E-2
430	9.610000E-2
440	9.470000E-2
450	9.410000E-2
460	9.430000E-2
470	9.520000E-2
480	9.640000E-2
490	9.730000E-2
500	9.800000E-2
510	9.960000E-2
520	1.033000E-1
530	1.069000E-1
540	1.096000E-1
550	1.145000E-1
560	1.220000E-1
570	1.305000E-1
580	1.345000E-1
590	1.355000E-1
600	1.348000E-1
610	1.337000E-1
620	1.323000E-1
630	1.309000E-1
640	1.294000E-1
650	1.280000E-1
660	1.270000E-1
670	1.260000E-1
680	1.250000E-1
690	1.241000E-1
700	1.231000E-1
710	1.220000E-1
720	1.212000E-1
730	1.202000E-1
"10YR 4/2"	""	""	
380	6.490000E-2
390	7.340000E-2
400	7.950000E-2
410	8.200000E-2
420	8.050000E-2
430	7.970000E-2
440	7.910000E-2
450	7.880000E-2
460	7.830000E-2
470	7.820000E-2
480	7.770000E-2
490	7.810000E-2
500	7.980000E-2
510	8.660000E-2
520	9.670000E-2
530	1.024000E-1
540	1.057000E-1
550	1.122000E-1
560	1.231000E-1
570	1.355000E-1
580	1.424000E-1
590	1.444000E-1
600	1.438000E-1
610	1.427000E-1
620	1.409000E-1
630	1.390000E-1
640	1.373000E-1
650	1.358000E-1
660	1.345000E-1
670	1.334000E-1
680	1.322000E-1
690	1.310000E-1
700	1.300000E-1
710	1.290000E-1
720	1.277000E-1
730	1.271000E-1
"10YR 4/4"	""	""	
380	4.580000E-2
390	4.670000E-2
400	4.600000E-2
410	4.650000E-2
420	4.640000E-2
430	4.620000E-2
440	4.630000E-2
450	4.630000E-2
460	4.640000E-2
470	4.660000E-2
480	4.710000E-2
490	4.840000E-2
500	5.120000E-2
510	5.990000E-2
520	7.440000E-2
530	8.370000E-2
540	8.900000E-2
550	9.820000E-2
560	1.157000E-1
570	1.392000E-1
580	1.563000E-1
590	1.637000E-1
600	1.649000E-1
610	1.638000E-1
620	1.616000E-1
630	1.592000E-1
640	1.566000E-1
650	1.547000E-1
660	1.530000E-1
670	1.515000E-1
680	1.499000E-1
690	1.487000E-1
700	1.474000E-1
710	1.462000E-1
720	1.450000E-1
730	1.439000E-1
"10YR 5/1"	""	""	
380	1.001000E-1
390	1.227000E-1
400	1.571000E-1
410	1.729000E-1
420	1.739000E-1
430	1.719000E-1
440	1.698000E-1
450	1.688000E-1
460	1.680000E-1
470	1.666000E-1
480	1.649000E-1
490	1.639000E-1
500	1.644000E-1
510	1.703000E-1
520	1.794000E-1
530	1.837000E-1
540	1.859000E-1
550	1.907000E-1
560	1.974000E-1
570	2.050000E-1
580	2.083000E-1
590	2.087000E-1
600	2.079000E-1
610	2.068000E-1
620	2.051000E-1
630	2.034000E-1
640	2.013000E-1
650	1.996000E-1
660	1.982000E-1
670	1.969000E-1
680	1.957000E-1
690	1.944000E-1
700	1.928000E-1
710	1.916000E-1
720	1.900000E-1
730	1.890000E-1
"10YR 5/2"	""	""	
380	8.700000E-2
390	1.078000E-1
400	1.275000E-1
410	1.374000E-1
420	1.367000E-1
430	1.357000E-1
440	1.350000E-1
450	1.346000E-1
460	1.348000E-1
470	1.343000E-1
480	1.335000E-1
490	1.340000E-1
500	1.366000E-1
510	1.480000E-1
520	1.641000E-1
530	1.725000E-1
540	1.763000E-1
550	1.829000E-1
560	1.952000E-1
570	2.119000E-1
580	2.227000E-1
590	2.271000E-1
600	2.279000E-1
610	2.271000E-1
620	2.255000E-1
630	2.236000E-1
640	2.215000E-1
650	2.199000E-1
660	2.183000E-1
670	2.168000E-1
680	2.153000E-1
690	2.138000E-1
700	2.125000E-1
710	2.109000E-1
720	2.092000E-1
730	2.084000E-1
"10YR 5/4"	""	""	
380	7.300000E-2
390	8.000000E-2
400	9.220000E-2
410	9.550000E-2
420	9.500000E-2
430	9.440000E-2
440	9.390000E-2
450	9.480000E-2
460	9.500000E-2
470	9.540000E-2
480	9.550000E-2
490	9.680000E-2
500	1.013000E-1
510	1.179000E-1
520	1.444000E-1
530	1.607000E-1
540	1.680000E-1
550	1.778000E-1
560	1.965000E-1
570	2.233000E-1
580	2.433000E-1
590	2.530000E-1
600	2.557000E-1
610	2.557000E-1
620	2.544000E-1
630	2.524000E-1
640	2.501000E-1
650	2.482000E-1
660	2.466000E-1
670	2.451000E-1
680	2.435000E-1
690	2.422000E-1
700	2.404000E-1
710	2.390000E-1
720	2.378000E-1
730	2.364000E-1
"10YR 5/6"	""	""	
380	5.730000E-2
390	6.080000E-2
400	6.130000E-2
410	6.260000E-2
420	6.100000E-2
430	6.090000E-2
440	6.090000E-2
450	6.160000E-2
460	6.180000E-2
470	6.210000E-2
480	6.240000E-2
490	6.360000E-2
500	6.850000E-2
510	8.680000E-2
520	1.167000E-1
530	1.303000E-1
540	1.371000E-1
550	1.670000E-1
560	2.226000E-1
570	2.622000E-1
580	2.733000E-1
590	2.760000E-1
600	2.763000E-1
610	2.758000E-1
620	2.745000E-1
630	2.728000E-1
640	2.711000E-1
650	2.700000E-1
660	2.689000E-1
670	2.681000E-1
680	2.673000E-1
690	2.664000E-1
700	2.655000E-1
710	2.650000E-1
720	2.634000E-1
730	2.629000E-1
"10YR 5/8"	""	""	
380	3.910000E-2
390	3.770000E-2
400	3.740000E-2
410	3.670000E-2
420	3.680000E-2
430	3.700000E-2
440	3.730000E-2
450	3.780000E-2
460	3.800000E-2
470	3.860000E-2
480	3.960000E-2
490	4.130000E-2
500	4.680000E-2
510	6.540000E-2
520	1.035000E-1
530	1.358000E-1
540	1.513000E-1
550	1.653000E-1
560	1.911000E-1
570	2.320000E-1
580	2.687000E-1
590	2.904000E-1
600	2.995000E-1
610	3.031000E-1
620	3.036000E-1
630	3.031000E-1
640	3.021000E-1
650	3.019000E-1
660	3.017000E-1
670	3.016000E-1
680	3.020000E-1
690	3.025000E-1
700	3.024000E-1
710	3.027000E-1
720	3.026000E-1
730	3.036000E-1
"10YR 6/1"	""	""	
380	1.078000E-1
390	1.477000E-1
400	2.119000E-1
410	2.514000E-1
420	2.588000E-1
430	2.578000E-1
440	2.567000E-1
450	2.561000E-1
460	2.560000E-1
470	2.546000E-1
480	2.532000E-1
490	2.529000E-1
500	2.543000E-1
510	2.626000E-1
520	2.741000E-1
530	2.790000E-1
540	2.808000E-1
550	2.855000E-1
560	2.933000E-1
570	3.042000E-1
580	3.098000E-1
590	3.120000E-1
600	3.121000E-1
610	3.115000E-1
620	3.102000E-1
630	3.085000E-1
640	3.065000E-1
650	3.050000E-1
660	3.037000E-1
670	3.023000E-1
680	3.013000E-1
690	2.996000E-1
700	2.984000E-1
710	2.971000E-1
720	2.955000E-1
730	2.944000E-1
"10YR 6/2"	""	""	
380	1.182000E-1
390	1.471000E-1
400	1.922000E-1
410	2.184000E-1
420	2.194000E-1
430	2.170000E-1
440	2.154000E-1
450	2.158000E-1
460	2.159000E-1
470	2.157000E-1
480	2.148000E-1
490	2.148000E-1
500	2.184000E-1
510	2.362000E-1
520	2.645000E-1
530	2.798000E-1
540	2.842000E-1
550	2.882000E-1
560	2.949000E-1
570	3.093000E-1
580	3.246000E-1
590	3.372000E-1
600	3.438000E-1
610	3.466000E-1
620	3.466000E-1
630	3.455000E-1
640	3.437000E-1
650	3.423000E-1
660	3.412000E-1
670	3.405000E-1
680	3.397000E-1
690	3.385000E-1
700	3.379000E-1
710	3.364000E-1
720	3.352000E-1
730	3.336000E-1
"10YR 6/4"	""	""	
380	1.030000E-1
390	1.225000E-1
400	1.511000E-1
410	1.630000E-1
420	1.624000E-1
430	1.606000E-1
440	1.597000E-1
450	1.603000E-1
460	1.609000E-1
470	1.613000E-1
480	1.610000E-1
490	1.615000E-1
500	1.664000E-1
510	1.883000E-1
520	2.268000E-1
530	2.523000E-1
540	2.658000E-1
550	2.833000E-1
560	3.107000E-1
570	3.444000E-1
580	3.663000E-1
590	3.765000E-1
600	3.793000E-1
610	3.794000E-1
620	3.783000E-1
630	3.761000E-1
640	3.734000E-1
650	3.714000E-1
660	3.696000E-1
670	3.678000E-1
680	3.666000E-1
690	3.646000E-1
700	3.627000E-1
710	3.610000E-1
720	3.587000E-1
730	3.566000E-1
"10YR 6/6"	""	""	
380	9.590000E-2
390	1.035000E-1
400	1.161000E-1
410	1.193000E-1
420	1.165000E-1
430	1.149000E-1
440	1.143000E-1
450	1.153000E-1
460	1.159000E-1
470	1.175000E-1
480	1.180000E-1
490	1.180000E-1
500	1.228000E-1
510	1.485000E-1
520	1.940000E-1
530	2.165000E-1
540	2.264000E-1
550	2.676000E-1
560	3.389000E-1
570	3.864000E-1
580	3.988000E-1
590	4.016000E-1
600	4.017000E-1
610	4.008000E-1
620	3.985000E-1
630	3.963000E-1
640	3.934000E-1
650	3.914000E-1
660	3.897000E-1
670	3.878000E-1
680	3.864000E-1
690	3.844000E-1
700	3.830000E-1
710	3.809000E-1
720	3.792000E-1
730	3.774000E-1
"10YR 6/8"	""	""	
380	6.930000E-2
390	7.080000E-2
400	7.290000E-2
410	7.440000E-2
420	7.270000E-2
430	7.220000E-2
440	7.280000E-2
450	7.330000E-2
460	7.410000E-2
470	7.470000E-2
480	7.530000E-2
490	7.660000E-2
500	8.270000E-2
510	1.092000E-1
520	1.621000E-1
530	1.973000E-1
540	2.138000E-1
550	2.603000E-1
560	3.414000E-1
570	3.988000E-1
580	4.166000E-1
590	4.224000E-1
600	4.248000E-1
610	4.260000E-1
620	4.259000E-1
630	4.253000E-1
640	4.244000E-1
650	4.241000E-1
660	4.239000E-1
670	4.241000E-1
680	4.248000E-1
690	4.247000E-1
700	4.248000E-1
710	4.248000E-1
720	4.247000E-1
730	4.249000E-1
"10YR 6/10"	""	""	
380	5.310000E-2
390	5.200000E-2
400	4.780000E-2
410	4.930000E-2
420	4.750000E-2
430	4.750000E-2
440	4.810000E-2
450	4.800000E-2
460	4.880000E-2
470	4.920000E-2
480	4.990000E-2
490	5.210000E-2
500	5.820000E-2
510	8.380000E-2
520	1.448000E-1
530	2.048000E-1
540	2.374000E-1
550	2.763000E-1
560	3.353000E-1
570	3.838000E-1
580	4.091000E-1
590	4.259000E-1
600	4.378000E-1
610	4.472000E-1
620	4.552000E-1
630	4.610000E-1
640	4.663000E-1
650	4.723000E-1
660	4.782000E-1
670	4.841000E-1
680	4.904000E-1
690	4.954000E-1
700	5.007000E-1
710	5.065000E-1
720	5.103000E-1
730	5.152000E-1
"10YR 7/1"	""	""	
380	1.277000E-1
390	1.757000E-1
400	2.723000E-1
410	3.449000E-1
420	3.610000E-1
430	3.610000E-1
440	3.600000E-1
450	3.597000E-1
460	3.602000E-1
470	3.591000E-1
480	3.572000E-1
490	3.567000E-1
500	3.596000E-1
510	3.736000E-1
520	3.935000E-1
530	4.028000E-1
540	4.061000E-1
550	4.131000E-1
560	4.238000E-1
570	4.394000E-1
580	4.478000E-1
590	4.513000E-1
600	4.515000E-1
610	4.513000E-1
620	4.499000E-1
630	4.475000E-1
640	4.450000E-1
650	4.431000E-1
660	4.415000E-1
670	4.399000E-1
680	4.384000E-1
690	4.366000E-1
700	4.345000E-1
710	4.327000E-1
720	4.303000E-1
730	4.287000E-1
"10YR 7/2"	""	""	
380	1.214000E-1
390	1.613000E-1
400	2.358000E-1
410	2.895000E-1
420	3.039000E-1
430	3.083000E-1
440	3.132000E-1
450	3.191000E-1
460	3.254000E-1
470	3.301000E-1
480	3.335000E-1
490	3.383000E-1
500	3.447000E-1
510	3.601000E-1
520	3.812000E-1
530	3.953000E-1
540	4.059000E-1
550	4.185000E-1
560	4.312000E-1
570	4.473000E-1
580	4.597000E-1
590	4.696000E-1
600	4.755000E-1
610	4.796000E-1
620	4.815000E-1
630	4.830000E-1
640	4.833000E-1
650	4.840000E-1
660	4.855000E-1
670	4.876000E-1
680	4.909000E-1
690	4.941000E-1
700	4.969000E-1
710	5.002000E-1
720	5.008000E-1
730	5.015000E-1
"10YR 7/4"	""	""	
380	1.274000E-1
390	1.598000E-1
400	2.133000E-1
410	2.459000E-1
420	2.468000E-1
430	2.434000E-1
440	2.423000E-1
450	2.432000E-1
460	2.447000E-1
470	2.469000E-1
480	2.472000E-1
490	2.451000E-1
500	2.491000E-1
510	2.817000E-1
520	3.335000E-1
530	3.537000E-1
540	3.616000E-1
550	4.026000E-1
560	4.644000E-1
570	5.003000E-1
580	5.079000E-1
590	5.096000E-1
600	5.092000E-1
610	5.087000E-1
620	5.067000E-1
630	5.041000E-1
640	5.014000E-1
650	4.990000E-1
660	4.971000E-1
670	4.953000E-1
680	4.936000E-1
690	4.913000E-1
700	4.896000E-1
710	4.877000E-1
720	4.858000E-1
730	4.843000E-1
"10YR 7/6"	""	""	
380	1.151000E-1
390	1.376000E-1
400	1.662000E-1
410	1.795000E-1
420	1.794000E-1
430	1.772000E-1
440	1.767000E-1
450	1.784000E-1
460	1.798000E-1
470	1.811000E-1
480	1.812000E-1
490	1.825000E-1
500	1.899000E-1
510	2.246000E-1
520	2.933000E-1
530	3.479000E-1
540	3.761000E-1
550	4.038000E-1
560	4.448000E-1
570	4.972000E-1
580	5.348000E-1
590	5.547000E-1
600	5.620000E-1
610	5.649000E-1
620	5.651000E-1
630	5.637000E-1
640	5.615000E-1
650	5.600000E-1
660	5.593000E-1
670	5.581000E-1
680	5.574000E-1
690	5.562000E-1
700	5.549000E-1
710	5.537000E-1
720	5.522000E-1
730	5.514000E-1
"10YR 7/8"	""	""	
380	9.950000E-2
390	1.053000E-1
400	1.220000E-1
410	1.257000E-1
420	1.248000E-1
430	1.228000E-1
440	1.230000E-1
450	1.245000E-1
460	1.258000E-1
470	1.272000E-1
480	1.280000E-1
490	1.298000E-1
500	1.374000E-1
510	1.722000E-1
520	2.506000E-1
530	3.249000E-1
540	3.664000E-1
550	4.008000E-1
560	4.481000E-1
570	5.100000E-1
580	5.582000E-1
590	5.852000E-1
600	5.970000E-1
610	6.023000E-1
620	6.036000E-1
630	6.034000E-1
640	6.021000E-1
650	6.017000E-1
660	6.017000E-1
670	6.009000E-1
680	6.012000E-1
690	6.012000E-1
700	6.007000E-1
710	6.002000E-1
720	5.998000E-1
730	5.994000E-1
"10YR 7/10"	""	""	
380	8.490000E-2
390	7.930000E-2
400	8.210000E-2
410	8.320000E-2
420	8.100000E-2
430	8.050000E-2
440	8.010000E-2
450	8.110000E-2
460	8.200000E-2
470	8.270000E-2
480	8.380000E-2
490	8.560000E-2
500	9.250000E-2
510	1.245000E-1
520	2.049000E-1
530	2.867000E-1
540	3.319000E-1
550	3.904000E-1
560	4.882000E-1
570	5.682000E-1
580	5.985000E-1
590	6.097000E-1
600	6.143000E-1
610	6.167000E-1
620	6.172000E-1
630	6.167000E-1
640	6.160000E-1
650	6.161000E-1
660	6.161000E-1
670	6.166000E-1
680	6.170000E-1
690	6.163000E-1
700	6.168000E-1
710	6.169000E-1
720	6.163000E-1
730	6.173000E-1
"10YR 7/12"	""	""	
380	6.310000E-2
390	5.470000E-2
400	5.340000E-2
410	5.220000E-2
420	5.070000E-2
430	5.080000E-2
440	5.040000E-2
450	5.080000E-2
460	5.150000E-2
470	5.210000E-2
480	5.340000E-2
490	5.600000E-2
500	6.200000E-2
510	8.810000E-2
520	1.645000E-1
530	2.685000E-1
540	3.445000E-1
550	4.110000E-1
560	4.928000E-1
570	5.614000E-1
580	5.983000E-1
590	6.206000E-1
600	6.352000E-1
610	6.460000E-1
620	6.539000E-1
630	6.601000E-1
640	6.653000E-1
650	6.709000E-1
660	6.766000E-1
670	6.813000E-1
680	6.864000E-1
690	6.907000E-1
700	6.949000E-1
710	6.998000E-1
720	7.035000E-1
730	7.086000E-1
"10YR 8/1"	""	""	
380	1.570000E-1
390	2.004000E-1
400	3.270000E-1
410	4.638000E-1
420	5.114000E-1
430	5.171000E-1
440	5.171000E-1
450	5.184000E-1
460	5.200000E-1
470	5.201000E-1
480	5.194000E-1
490	5.196000E-1
500	5.223000E-1
510	5.371000E-1
520	5.588000E-1
530	5.698000E-1
540	5.755000E-1
550	5.851000E-1
560	5.962000E-1
570	6.107000E-1
580	6.173000E-1
590	6.204000E-1
600	6.219000E-1
610	6.233000E-1
620	6.233000E-1
630	6.231000E-1
640	6.220000E-1
650	6.219000E-1
660	6.223000E-1
670	6.229000E-1
680	6.238000E-1
690	6.237000E-1
700	6.242000E-1
710	6.248000E-1
720	6.249000E-1
730	6.255000E-1
"10YR 8/2"	""	""	
380	1.554000E-1
390	1.986000E-1
400	3.174000E-1
410	4.329000E-1
420	4.675000E-1
430	4.687000E-1
440	4.677000E-1
450	4.683000E-1
460	4.695000E-1
470	4.696000E-1
480	4.678000E-1
490	4.680000E-1
500	4.727000E-1
510	4.982000E-1
520	5.389000E-1
530	5.619000E-1
540	5.728000E-1
550	5.879000E-1
560	6.077000E-1
570	6.318000E-1
580	6.446000E-1
590	6.503000E-1
600	6.523000E-1
610	6.532000E-1
620	6.527000E-1
630	6.513000E-1
640	6.492000E-1
650	6.484000E-1
660	6.476000E-1
670	6.468000E-1
680	6.468000E-1
690	6.459000E-1
700	6.449000E-1
710	6.440000E-1
720	6.428000E-1
730	6.415000E-1
"10YR 8/4"	""	""	
380	1.531000E-1
390	1.862000E-1
400	2.703000E-1
410	3.350000E-1
420	3.468000E-1
430	3.455000E-1
440	3.454000E-1
450	3.475000E-1
460	3.504000E-1
470	3.522000E-1
480	3.523000E-1
490	3.538000E-1
500	3.630000E-1
510	4.076000E-1
520	4.894000E-1
530	5.479000E-1
540	5.709000E-1
550	5.842000E-1
560	5.996000E-1
570	6.305000E-1
580	6.654000E-1
590	6.972000E-1
600	7.180000E-1
610	7.301000E-1
620	7.354000E-1
630	7.380000E-1
640	7.394000E-1
650	7.414000E-1
660	7.443000E-1
670	7.478000E-1
680	7.520000E-1
690	7.556000E-1
700	7.589000E-1
710	7.626000E-1
720	7.642000E-1
730	7.666000E-1
"10YR 8/6"	""	""	
380	1.388000E-1
390	1.765000E-1
400	2.496000E-1
410	2.916000E-1
420	2.987000E-1
430	2.976000E-1
440	2.988000E-1
450	3.012000E-1
460	3.040000E-1
470	3.058000E-1
480	3.056000E-1
490	3.073000E-1
500	3.181000E-1
510	3.667000E-1
520	4.578000E-1
530	5.287000E-1
540	5.622000E-1
550	5.884000E-1
560	6.259000E-1
570	6.829000E-1
580	7.304000E-1
590	7.592000E-1
600	7.726000E-1
610	7.796000E-1
620	7.819000E-1
630	7.826000E-1
640	7.819000E-1
650	7.819000E-1
660	7.832000E-1
670	7.836000E-1
680	7.849000E-1
690	7.851000E-1
700	7.855000E-1
710	7.855000E-1
720	7.846000E-1
730	7.857000E-1
"10YR 8/8"	""	""	
380	1.294000E-1
390	1.440000E-1
400	1.758000E-1
410	1.905000E-1
420	1.888000E-1
430	1.872000E-1
440	1.871000E-1
450	1.894000E-1
460	1.924000E-1
470	1.942000E-1
480	1.949000E-1
490	1.969000E-1
500	2.069000E-1
510	2.569000E-1
520	3.734000E-1
530	4.947000E-1
540	5.631000E-1
550	5.925000E-1
560	6.082000E-1
570	6.365000E-1
580	6.899000E-1
590	7.541000E-1
600	7.938000E-1
610	8.140000E-1
620	8.236000E-1
630	8.288000E-1
640	8.316000E-1
650	8.358000E-1
660	8.408000E-1
670	8.462000E-1
680	8.530000E-1
690	8.588000E-1
700	8.646000E-1
710	8.703000E-1
720	8.740000E-1
730	8.774000E-1
"10YR 8/10"	""	""	
380	1.165000E-1
390	1.225000E-1
400	1.326000E-1
410	1.367000E-1
420	1.344000E-1
430	1.327000E-1
440	1.329000E-1
450	1.349000E-1
460	1.368000E-1
470	1.383000E-1
480	1.394000E-1
490	1.411000E-1
500	1.498000E-1
510	1.943000E-1
520	3.032000E-1
530	4.171000E-1
540	4.844000E-1
550	5.595000E-1
560	6.721000E-1
570	7.636000E-1
580	7.997000E-1
590	8.150000E-1
600	8.224000E-1
610	8.276000E-1
620	8.305000E-1
630	8.329000E-1
640	8.348000E-1
650	8.368000E-1
660	8.390000E-1
670	8.401000E-1
680	8.419000E-1
690	8.431000E-1
700	8.443000E-1
710	8.462000E-1
720	8.467000E-1
730	8.490000E-1
"10YR 9/1"	""	""	
380	1.800000E-1
390	2.195000E-1
400	3.636000E-1
410	5.439000E-1
420	6.290000E-1
430	6.525000E-1
440	6.704000E-1
450	6.848000E-1
460	6.920000E-1
470	6.967000E-1
480	7.003000E-1
490	7.036000E-1
500	7.087000E-1
510	7.217000E-1
520	7.342000E-1
530	7.372000E-1
540	7.445000E-1
550	7.711000E-1
560	7.987000E-1
570	8.156000E-1
580	8.193000E-1
590	8.216000E-1
600	8.228000E-1
610	8.249000E-1
620	8.256000E-1
630	8.259000E-1
640	8.255000E-1
650	8.261000E-1
660	8.276000E-1
670	8.294000E-1
680	8.319000E-1
690	8.335000E-1
700	8.355000E-1
710	8.370000E-1
720	8.381000E-1
730	8.402000E-1
"10YR 9/2"	""	""	
380	1.712000E-1
390	2.088000E-1
400	3.481000E-1
410	5.157000E-1
420	5.838000E-1
430	5.952000E-1
440	5.995000E-1
450	6.049000E-1
460	6.111000E-1
470	6.167000E-1
480	6.191000E-1
490	6.186000E-1
500	6.252000E-1
510	6.645000E-1
520	7.167000E-1
530	7.332000E-1
540	7.419000E-1
550	7.810000E-1
560	8.259000E-1
570	8.512000E-1
580	8.577000E-1
590	8.619000E-1
600	8.650000E-1
610	8.688000E-1
620	8.709000E-1
630	8.721000E-1
640	8.726000E-1
650	8.744000E-1
660	8.763000E-1
670	8.785000E-1
680	8.816000E-1
690	8.835000E-1
700	8.854000E-1
710	8.872000E-1
720	8.876000E-1
730	8.901000E-1
"10YR 9/4"	""	""	
380	1.758000E-1
390	2.187000E-1
400	3.315000E-1
410	4.382000E-1
420	4.659000E-1
430	4.643000E-1
440	4.628000E-1
450	4.639000E-1
460	4.661000E-1
470	4.674000E-1
480	4.670000E-1
490	4.670000E-1
500	4.762000E-1
510	5.304000E-1
520	6.352000E-1
530	7.103000E-1
540	7.424000E-1
550	7.877000E-1
560	8.532000E-1
570	9.026000E-1
580	9.203000E-1
590	9.273000E-1
600	9.296000E-1
610	9.316000E-1
620	9.327000E-1
630	9.329000E-1
640	9.319000E-1
650	9.325000E-1
660	9.311000E-1
670	9.254000E-1
680	9.284000E-1
690	9.336000E-1
700	9.357000E-1
710	9.365000E-1
720	9.363000E-1
730	9.370000E-1
"2.5Y 3/2"	""	""	
380	4.030000E-2
390	3.500000E-2
400	3.840000E-2
410	3.840000E-2
420	3.800000E-2
430	3.910000E-2
440	3.810000E-2
450	3.870000E-2
460	3.860000E-2
470	3.870000E-2
480	3.930000E-2
490	3.970000E-2
500	4.190000E-2
510	4.690000E-2
520	5.370000E-2
530	5.730000E-2
540	5.830000E-2
550	6.100000E-2
560	6.640000E-2
570	7.280000E-2
580	7.660000E-2
590	7.720000E-2
600	7.620000E-2
610	7.540000E-2
620	7.390000E-2
630	7.250000E-2
640	7.150000E-2
650	7.070000E-2
660	6.960000E-2
670	6.930000E-2
680	6.890000E-2
690	6.770000E-2
700	6.770000E-2
710	6.760000E-2
720	6.620000E-2
730	6.610000E-2
"2.5Y 4/2"	""	""	
380	6.310000E-2
390	6.980000E-2
400	7.470000E-2
410	7.670000E-2
420	7.620000E-2
430	7.560000E-2
440	7.520000E-2
450	7.490000E-2
460	7.490000E-2
470	7.480000E-2
480	7.470000E-2
490	7.550000E-2
500	7.800000E-2
510	8.690000E-2
520	9.970000E-2
530	1.063000E-1
540	1.085000E-1
550	1.121000E-1
560	1.187000E-1
570	1.273000E-1
580	1.321000E-1
590	1.334000E-1
600	1.330000E-1
610	1.319000E-1
620	1.304000E-1
630	1.290000E-1
640	1.274000E-1
650	1.261000E-1
660	1.250000E-1
670	1.240000E-1
680	1.233000E-1
690	1.224000E-1
700	1.213000E-1
710	1.206000E-1
720	1.196000E-1
730	1.191000E-1
"2.5Y 4/4"	""	""	
380	4.780000E-2
390	4.870000E-2
400	4.870000E-2
410	5.000000E-2
420	4.960000E-2
430	5.000000E-2
440	4.970000E-2
450	4.980000E-2
460	4.970000E-2
470	5.010000E-2
480	5.050000E-2
490	5.190000E-2
500	5.560000E-2
510	6.830000E-2
520	9.000000E-2
530	1.042000E-1
540	1.104000E-1
550	1.180000E-1
560	1.306000E-1
570	1.456000E-1
580	1.544000E-1
590	1.573000E-1
600	1.569000E-1
610	1.556000E-1
620	1.538000E-1
630	1.520000E-1
640	1.502000E-1
650	1.488000E-1
660	1.476000E-1
670	1.463000E-1
680	1.454000E-1
690	1.442000E-1
700	1.433000E-1
710	1.426000E-1
720	1.416000E-1
730	1.408000E-1
"2.5Y 5/2"	""	""	
380	8.440000E-2
390	1.074000E-1
400	1.278000E-1
410	1.388000E-1
420	1.383000E-1
430	1.364000E-1
440	1.359000E-1
450	1.355000E-1
460	1.357000E-1
470	1.352000E-1
480	1.347000E-1
490	1.348000E-1
500	1.374000E-1
510	1.501000E-1
520	1.702000E-1
530	1.815000E-1
540	1.864000E-1
550	1.926000E-1
560	2.015000E-1
570	2.117000E-1
580	2.164000E-1
590	2.174000E-1
600	2.169000E-1
610	2.156000E-1
620	2.142000E-1
630	2.123000E-1
640	2.101000E-1
650	2.084000E-1
660	2.069000E-1
670	2.055000E-1
680	2.042000E-1
690	2.026000E-1
700	2.012000E-1
710	1.999000E-1
720	1.984000E-1
730	1.974000E-1
"2.5Y 5/4"	""	""	
380	7.650000E-2
390	8.290000E-2
400	8.950000E-2
410	9.110000E-2
420	9.040000E-2
430	8.920000E-2
440	8.920000E-2
450	8.940000E-2
460	8.960000E-2
470	9.020000E-2
480	9.040000E-2
490	9.150000E-2
500	9.580000E-2
510	1.132000E-1
520	1.451000E-1
530	1.672000E-1
540	1.775000E-1
550	1.888000E-1
560	2.059000E-1
570	2.259000E-1
580	2.377000E-1
590	2.418000E-1
600	2.421000E-1
610	2.408000E-1
620	2.390000E-1
630	2.368000E-1
640	2.343000E-1
650	2.323000E-1
660	2.304000E-1
670	2.288000E-1
680	2.272000E-1
690	2.255000E-1
700	2.239000E-1
710	2.223000E-1
720	2.208000E-1
730	2.194000E-1
"2.5Y 5/6"	""	""	
380	5.600000E-2
390	5.220000E-2
400	5.180000E-2
410	5.180000E-2
420	5.100000E-2
430	5.060000E-2
440	5.040000E-2
450	5.020000E-2
460	5.050000E-2
470	5.100000E-2
480	5.160000E-2
490	5.320000E-2
500	5.630000E-2
510	6.710000E-2
520	9.180000E-2
530	1.305000E-1
540	1.776000E-1
550	2.161000E-1
560	2.350000E-1
570	2.429000E-1
580	2.447000E-1
590	2.453000E-1
600	2.458000E-1
610	2.465000E-1
620	2.467000E-1
630	2.472000E-1
640	2.475000E-1
650	2.480000E-1
660	2.491000E-1
670	2.503000E-1
680	2.514000E-1
690	2.527000E-1
700	2.539000E-1
710	2.553000E-1
720	2.565000E-1
730	2.582000E-1
"2.5Y 6/2"	""	""	
380	1.016000E-1
390	1.327000E-1
400	1.791000E-1
410	2.053000E-1
420	2.093000E-1
430	2.083000E-1
440	2.084000E-1
450	2.100000E-1
460	2.117000E-1
470	2.128000E-1
480	2.130000E-1
490	2.141000E-1
500	2.190000E-1
510	2.397000E-1
520	2.727000E-1
530	2.910000E-1
540	2.966000E-1
550	2.998000E-1
560	3.035000E-1
570	3.123000E-1
580	3.203000E-1
590	3.266000E-1
600	3.299000E-1
610	3.314000E-1
620	3.315000E-1
630	3.310000E-1
640	3.301000E-1
650	3.293000E-1
660	3.292000E-1
670	3.290000E-1
680	3.289000E-1
690	3.288000E-1
700	3.285000E-1
710	3.281000E-1
720	3.273000E-1
730	3.273000E-1
"2.5Y 6/4"	""	""	
380	9.550000E-2
390	1.100000E-1
400	1.307000E-1
410	1.396000E-1
420	1.387000E-1
430	1.375000E-1
440	1.380000E-1
450	1.389000E-1
460	1.399000E-1
470	1.409000E-1
480	1.409000E-1
490	1.421000E-1
500	1.489000E-1
510	1.771000E-1
520	2.277000E-1
530	2.635000E-1
540	2.781000E-1
550	2.892000E-1
560	3.051000E-1
570	3.264000E-1
580	3.396000E-1
590	3.455000E-1
600	3.464000E-1
610	3.459000E-1
620	3.441000E-1
630	3.420000E-1
640	3.395000E-1
650	3.372000E-1
660	3.351000E-1
670	3.336000E-1
680	3.320000E-1
690	3.298000E-1
700	3.280000E-1
710	3.263000E-1
720	3.240000E-1
730	3.223000E-1
"2.5Y 6/6"	""	""	
380	8.260000E-2
390	9.220000E-2
400	1.009000E-1
410	1.038000E-1
420	1.018000E-1
430	1.012000E-1
440	1.015000E-1
450	1.028000E-1
460	1.041000E-1
470	1.048000E-1
480	1.049000E-1
490	1.060000E-1
500	1.120000E-1
510	1.424000E-1
520	2.106000E-1
530	2.647000E-1
540	2.731000E-1
550	2.731000E-1
560	3.097000E-1
570	3.692000E-1
580	3.984000E-1
590	3.994000E-1
600	3.841000E-1
610	3.682000E-1
620	3.606000E-1
630	3.586000E-1
640	3.595000E-1
650	3.671000E-1
660	3.789000E-1
670	3.839000E-1
680	3.773000E-1
690	3.658000E-1
700	3.502000E-1
710	3.380000E-1
720	3.427000E-1
730	3.698000E-1
"2.5Y 6/8"	""	""	
380	6.080000E-2
390	6.380000E-2
400	5.990000E-2
410	6.040000E-2
420	5.920000E-2
430	5.890000E-2
440	5.910000E-2
450	5.960000E-2
460	6.000000E-2
470	6.040000E-2
480	6.100000E-2
490	6.310000E-2
500	6.950000E-2
510	9.650000E-2
520	1.616000E-1
530	2.250000E-1
540	2.586000E-1
550	2.998000E-1
560	3.525000E-1
570	3.813000E-1
580	3.863000E-1
590	3.863000E-1
600	3.851000E-1
610	3.837000E-1
620	3.820000E-1
630	3.799000E-1
640	3.777000E-1
650	3.762000E-1
660	3.747000E-1
670	3.736000E-1
680	3.728000E-1
690	3.716000E-1
700	3.702000E-1
710	3.695000E-1
720	3.681000E-1
730	3.672000E-1
"2.5Y 7/2"	""	""	
380	1.317000E-1
390	1.701000E-1
400	2.451000E-1
410	2.973000E-1
420	3.063000E-1
430	3.060000E-1
440	3.051000E-1
450	3.067000E-1
460	3.075000E-1
470	3.079000E-1
480	3.067000E-1
490	3.068000E-1
500	3.131000E-1
510	3.417000E-1
520	3.859000E-1
530	4.111000E-1
540	4.198000E-1
550	4.274000E-1
560	4.375000E-1
570	4.516000E-1
580	4.586000E-1
590	4.614000E-1
600	4.616000E-1
610	4.610000E-1
620	4.591000E-1
630	4.570000E-1
640	4.544000E-1
650	4.519000E-1
660	4.501000E-1
670	4.488000E-1
680	4.470000E-1
690	4.448000E-1
700	4.428000E-1
710	4.413000E-1
720	4.385000E-1
730	4.368000E-1
"2.5Y 7/4"	""	""	
380	1.207000E-1
390	1.515000E-1
400	1.985000E-1
410	2.265000E-1
420	2.303000E-1
430	2.298000E-1
440	2.314000E-1
450	2.349000E-1
460	2.385000E-1
470	2.413000E-1
480	2.426000E-1
490	2.447000E-1
500	2.534000E-1
510	2.902000E-1
520	3.573000E-1
530	4.062000E-1
540	4.274000E-1
550	4.375000E-1
560	4.408000E-1
570	4.491000E-1
580	4.713000E-1
590	4.986000E-1
600	5.112000E-1
610	5.164000E-1
620	5.183000E-1
630	5.190000E-1
640	5.187000E-1
650	5.187000E-1
660	5.194000E-1
670	5.206000E-1
680	5.224000E-1
690	5.241000E-1
700	5.261000E-1
710	5.281000E-1
720	5.286000E-1
730	5.293000E-1
"2.5Y 7/6"	""	""	
380	1.145000E-1
390	1.294000E-1
400	1.535000E-1
410	1.636000E-1
420	1.617000E-1
430	1.606000E-1
440	1.608000E-1
450	1.619000E-1
460	1.640000E-1
470	1.654000E-1
480	1.661000E-1
490	1.676000E-1
500	1.758000E-1
510	2.153000E-1
520	2.999000E-1
530	3.735000E-1
540	4.077000E-1
550	4.300000E-1
560	4.630000E-1
570	5.089000E-1
580	5.355000E-1
590	5.412000E-1
600	5.336000E-1
610	5.238000E-1
620	5.186000E-1
630	5.169000E-1
640	5.175000E-1
650	5.234000E-1
660	5.327000E-1
670	5.358000E-1
680	5.309000E-1
690	5.217000E-1
700	5.092000E-1
710	4.998000E-1
720	5.041000E-1
730	5.267000E-1
"2.5Y 7/8"	""	""	
380	8.720000E-2
390	1.012000E-1
400	1.092000E-1
410	1.125000E-1
420	1.117000E-1
430	1.098000E-1
440	1.106000E-1
450	1.120000E-1
460	1.139000E-1
470	1.157000E-1
480	1.166000E-1
490	1.190000E-1
500	1.272000E-1
510	1.666000E-1
520	2.632000E-1
530	3.696000E-1
540	4.311000E-1
550	4.578000E-1
560	4.743000E-1
570	4.987000E-1
580	5.233000E-1
590	5.439000E-1
600	5.567000E-1
610	5.638000E-1
620	5.670000E-1
630	5.684000E-1
640	5.687000E-1
650	5.698000E-1
660	5.720000E-1
670	5.736000E-1
680	5.762000E-1
690	5.782000E-1
700	5.797000E-1
710	5.819000E-1
720	5.829000E-1
730	5.841000E-1
"2.5Y 7/10"	""	""	
380	7.710000E-2
390	6.790000E-2
400	6.980000E-2
410	6.880000E-2
420	6.770000E-2
430	6.700000E-2
440	6.650000E-2
450	6.750000E-2
460	6.780000E-2
470	6.910000E-2
480	7.060000E-2
490	7.300000E-2
500	7.990000E-2
510	1.102000E-1
520	1.987000E-1
530	3.188000E-1
540	4.065000E-1
550	4.676000E-1
560	5.179000E-1
570	5.461000E-1
580	5.542000E-1
590	5.571000E-1
600	5.581000E-1
610	5.596000E-1
620	5.600000E-1
630	5.603000E-1
640	5.604000E-1
650	5.611000E-1
660	5.621000E-1
670	5.630000E-1
680	5.642000E-1
690	5.645000E-1
700	5.654000E-1
710	5.667000E-1
720	5.668000E-1
730	5.688000E-1
"2.5Y 7/12"	""	""	
380	6.260000E-2
390	5.060000E-2
400	5.090000E-2
410	4.870000E-2
420	4.800000E-2
430	4.810000E-2
440	4.810000E-2
450	4.870000E-2
460	4.880000E-2
470	4.950000E-2
480	5.020000E-2
490	5.260000E-2
500	5.960000E-2
510	8.880000E-2
520	1.724000E-1
530	2.972000E-1
540	4.077000E-1
550	4.821000E-1
560	5.263000E-1
570	5.495000E-1
580	5.577000E-1
590	5.627000E-1
600	5.660000E-1
610	5.693000E-1
620	5.714000E-1
630	5.729000E-1
640	5.739000E-1
650	5.757000E-1
660	5.780000E-1
670	5.802000E-1
680	5.827000E-1
690	5.848000E-1
700	5.871000E-1
710	5.894000E-1
720	5.902000E-1
730	5.928000E-1
"2.5Y 8/2"	""	""	
380	1.370000E-1
390	1.775000E-1
400	2.622000E-1
410	3.442000E-1
420	3.740000E-1
430	3.940000E-1
440	4.192000E-1
450	4.398000E-1
460	4.503000E-1
470	4.541000E-1
480	4.587000E-1
490	4.685000E-1
500	4.826000E-1
510	5.019000E-1
520	5.245000E-1
530	5.467000E-1
540	5.672000E-1
550	5.845000E-1
560	5.971000E-1
570	6.126000E-1
580	6.229000E-1
590	6.312000E-1
600	6.358000E-1
610	6.388000E-1
620	6.405000E-1
630	6.411000E-1
640	6.410000E-1
650	6.426000E-1
660	6.443000E-1
670	6.462000E-1
680	6.495000E-1
690	6.517000E-1
700	6.537000E-1
710	6.569000E-1
720	6.584000E-1
730	6.596000E-1
"2.5Y 8/4"	""	""	
380	1.346000E-1
390	1.786000E-1
400	2.590000E-1
410	3.151000E-1
420	3.272000E-1
430	3.258000E-1
440	3.270000E-1
450	3.297000E-1
460	3.319000E-1
470	3.341000E-1
480	3.336000E-1
490	3.352000E-1
500	3.457000E-1
510	3.949000E-1
520	4.850000E-1
530	5.522000E-1
540	5.812000E-1
550	5.989000E-1
560	6.172000E-1
570	6.418000E-1
580	6.563000E-1
590	6.629000E-1
600	6.653000E-1
610	6.659000E-1
620	6.658000E-1
630	6.661000E-1
640	6.657000E-1
650	6.656000E-1
660	6.656000E-1
670	6.634000E-1
680	6.616000E-1
690	6.602000E-1
700	6.594000E-1
710	6.607000E-1
720	6.625000E-1
730	6.663000E-1
"2.5Y 8/6"	""	""	
380	1.344000E-1
390	1.604000E-1
400	2.132000E-1
410	2.476000E-1
420	2.510000E-1
430	2.499000E-1
440	2.510000E-1
450	2.538000E-1
460	2.568000E-1
470	2.586000E-1
480	2.589000E-1
490	2.608000E-1
500	2.721000E-1
510	3.247000E-1
520	4.319000E-1
530	5.285000E-1
540	5.776000E-1
550	6.048000E-1
560	6.304000E-1
570	6.624000E-1
580	6.827000E-1
590	6.933000E-1
600	6.977000E-1
610	7.003000E-1
620	7.010000E-1
630	7.008000E-1
640	6.996000E-1
650	6.994000E-1
660	6.998000E-1
670	7.001000E-1
680	7.012000E-1
690	7.015000E-1
700	7.011000E-1
710	7.016000E-1
720	7.004000E-1
730	7.015000E-1
"2.5Y 8/8"	""	""	
380	1.171000E-1
390	1.368000E-1
400	1.631000E-1
410	1.757000E-1
420	1.747000E-1
430	1.742000E-1
440	1.749000E-1
450	1.781000E-1
460	1.812000E-1
470	1.839000E-1
480	1.852000E-1
490	1.880000E-1
500	1.987000E-1
510	2.492000E-1
520	3.690000E-1
530	5.028000E-1
540	5.908000E-1
550	6.384000E-1
560	6.673000E-1
570	6.934000E-1
580	7.087000E-1
590	7.189000E-1
600	7.258000E-1
610	7.316000E-1
620	7.355000E-1
630	7.382000E-1
640	7.402000E-1
650	7.429000E-1
660	7.463000E-1
670	7.493000E-1
680	7.529000E-1
690	7.560000E-1
700	7.588000E-1
710	7.613000E-1
720	7.628000E-1
730	7.662000E-1
"2.5Y 8/10"	""	""	
380	1.020000E-1
390	1.057000E-1
400	1.142000E-1
410	1.171000E-1
420	1.148000E-1
430	1.140000E-1
440	1.144000E-1
450	1.161000E-1
460	1.178000E-1
470	1.188000E-1
480	1.197000E-1
490	1.217000E-1
500	1.311000E-1
510	1.764000E-1
520	2.941000E-1
530	4.557000E-1
540	5.956000E-1
550	6.820000E-1
560	7.228000E-1
570	7.484000E-1
580	7.613000E-1
590	7.693000E-1
600	7.719000E-1
610	7.713000E-1
620	7.693000E-1
630	7.673000E-1
640	7.648000E-1
650	7.630000E-1
660	7.631000E-1
670	7.651000E-1
680	7.707000E-1
690	7.772000E-1
700	7.850000E-1
710	7.928000E-1
720	7.968000E-1
730	8.012000E-1
"2.5Y 8/12"	""	""	
380	8.770000E-2
390	8.350000E-2
400	8.180000E-2
410	8.200000E-2
420	7.980000E-2
430	7.910000E-2
440	7.950000E-2
450	8.050000E-2
460	8.190000E-2
470	8.320000E-2
480	8.510000E-2
490	8.780000E-2
500	9.690000E-2
510	1.360000E-1
520	2.444000E-1
530	4.102000E-1
540	5.755000E-1
550	6.901000E-1
560	7.339000E-1
570	7.496000E-1
580	7.702000E-1
590	7.863000E-1
600	7.820000E-1
610	7.708000E-1
620	7.630000E-1
630	7.588000E-1
640	7.547000E-1
650	7.508000E-1
660	7.453000E-1
670	7.345000E-1
680	7.373000E-1
690	7.524000E-1
700	7.673000E-1
710	7.789000E-1
720	7.851000E-1
730	7.925000E-1
"2.5Y 8.5/2"	""	""	
380	1.556000E-1
390	2.040000E-1
400	3.326000E-1
410	4.726000E-1
420	5.197000E-1
430	5.241000E-1
440	5.243000E-1
450	5.265000E-1
460	5.296000E-1
470	5.307000E-1
480	5.303000E-1
490	5.314000E-1
500	5.392000E-1
510	5.759000E-1
520	6.376000E-1
530	6.761000E-1
540	6.912000E-1
550	7.029000E-1
560	7.130000E-1
570	7.270000E-1
580	7.323000E-1
590	7.348000E-1
600	7.356000E-1
610	7.368000E-1
620	7.367000E-1
630	7.358000E-1
640	7.343000E-1
650	7.337000E-1
660	7.335000E-1
670	7.335000E-1
680	7.340000E-1
690	7.339000E-1
700	7.338000E-1
710	7.342000E-1
720	7.327000E-1
730	7.330000E-1
"2.5Y 8.5/4"	""	""	
380	1.450000E-1
390	1.833000E-1
400	2.795000E-1
410	3.573000E-1
420	3.763000E-1
430	3.769000E-1
440	3.784000E-1
450	3.827000E-1
460	3.878000E-1
470	3.939000E-1
480	4.016000E-1
490	4.151000E-1
500	4.368000E-1
510	4.928000E-1
520	5.870000E-1
530	6.547000E-1
540	6.826000E-1
550	6.982000E-1
560	7.125000E-1
570	7.382000E-1
580	7.624000E-1
590	7.819000E-1
600	7.944000E-1
610	8.024000E-1
620	8.066000E-1
630	8.092000E-1
640	8.105000E-1
650	8.130000E-1
660	8.161000E-1
670	8.194000E-1
680	8.233000E-1
690	8.264000E-1
700	8.291000E-1
710	8.324000E-1
720	8.337000E-1
730	8.360000E-1
"2.5Y 8.5/6"	""	""	
380	1.436000E-1
390	1.751000E-1
400	2.400000E-1
410	2.836000E-1
420	2.900000E-1
430	2.890000E-1
440	2.901000E-1
450	2.936000E-1
460	2.985000E-1
470	3.016000E-1
480	3.030000E-1
490	3.057000E-1
500	3.179000E-1
510	3.762000E-1
520	5.019000E-1
530	6.237000E-1
540	6.905000E-1
550	7.222000E-1
560	7.436000E-1
570	7.769000E-1
580	8.089000E-1
590	8.323000E-1
600	8.401000E-1
610	8.366000E-1
620	8.288000E-1
630	8.220000E-1
640	8.153000E-1
650	8.100000E-1
660	8.080000E-1
670	8.090000E-1
680	8.146000E-1
690	8.230000E-1
700	8.335000E-1
710	8.432000E-1
720	8.473000E-1
730	8.518000E-1
"2.5Y 8.5/8"	""	""	
380	1.311000E-1
390	1.516000E-1
400	1.939000E-1
410	2.129000E-1
420	2.142000E-1
430	2.126000E-1
440	2.134000E-1
450	2.171000E-1
460	2.202000E-1
470	2.227000E-1
480	2.239000E-1
490	2.260000E-1
500	2.376000E-1
510	2.939000E-1
520	4.283000E-1
530	5.865000E-1
540	6.991000E-1
550	7.604000E-1
560	7.964000E-1
570	8.280000E-1
580	8.415000E-1
590	8.452000E-1
600	8.422000E-1
610	8.392000E-1
620	8.385000E-1
630	8.393000E-1
640	8.409000E-1
650	8.463000E-1
660	8.525000E-1
670	8.546000E-1
680	8.556000E-1
690	8.555000E-1
700	8.520000E-1
710	8.487000E-1
720	8.522000E-1
730	8.665000E-1
"2.5Y 8.5/10"	""	""	
380	1.209000E-1
390	1.266000E-1
400	1.455000E-1
410	1.489000E-1
420	1.475000E-1
430	1.461000E-1
440	1.472000E-1
450	1.506000E-1
460	1.528000E-1
470	1.553000E-1
480	1.561000E-1
490	1.580000E-1
500	1.693000E-1
510	2.244000E-1
520	3.636000E-1
530	5.441000E-1
540	6.943000E-1
550	7.902000E-1
560	8.377000E-1
570	8.608000E-1
580	8.669000E-1
590	8.708000E-1
600	8.740000E-1
610	8.788000E-1
620	8.824000E-1
630	8.850000E-1
640	8.872000E-1
650	8.899000E-1
660	8.934000E-1
670	8.964000E-1
680	8.997000E-1
690	9.010000E-1
700	9.026000E-1
710	9.051000E-1
720	9.046000E-1
730	9.066000E-1
"2.5Y 9/2"	""	""	
380	1.582000E-1
390	2.161000E-1
400	3.480000E-1
410	5.097000E-1
420	5.706000E-1
430	5.780000E-1
440	5.809000E-1
450	5.842000E-1
460	5.884000E-1
470	5.905000E-1
480	5.900000E-1
490	5.922000E-1
500	6.027000E-1
510	6.489000E-1
520	7.279000E-1
530	7.808000E-1
540	8.021000E-1
550	8.139000E-1
560	8.201000E-1
570	8.326000E-1
580	8.434000E-1
590	8.527000E-1
600	8.574000E-1
610	8.606000E-1
620	8.618000E-1
630	8.624000E-1
640	8.621000E-1
650	8.623000E-1
660	8.637000E-1
670	8.653000E-1
680	8.666000E-1
690	8.674000E-1
700	8.688000E-1
710	8.696000E-1
720	8.687000E-1
730	8.713000E-1
"2.5Y 9/4"	""	""	
380	1.568000E-1
390	1.988000E-1
400	3.043000E-1
410	4.112000E-1
420	4.390000E-1
430	4.412000E-1
440	4.429000E-1
450	4.464000E-1
460	4.508000E-1
470	4.528000E-1
480	4.526000E-1
490	4.550000E-1
500	4.676000E-1
510	5.272000E-1
520	6.426000E-1
530	7.435000E-1
540	7.956000E-1
550	8.190000E-1
560	8.303000E-1
570	8.455000E-1
580	8.590000E-1
590	8.714000E-1
600	8.771000E-1
610	8.807000E-1
620	8.823000E-1
630	8.830000E-1
640	8.826000E-1
650	8.833000E-1
660	8.851000E-1
670	8.862000E-1
680	8.880000E-1
690	8.891000E-1
700	8.901000E-1
710	8.918000E-1
720	8.914000E-1
730	8.928000E-1
"2.5Y 9/6"	""	""	
380	1.550000E-1
390	1.873000E-1
400	2.711000E-1
410	3.335000E-1
420	3.457000E-1
430	3.448000E-1
440	3.462000E-1
450	3.496000E-1
460	3.539000E-1
470	3.564000E-1
480	3.571000E-1
490	3.593000E-1
500	3.725000E-1
510	4.362000E-1
520	5.722000E-1
530	7.107000E-1
540	7.965000E-1
550	8.419000E-1
560	8.718000E-1
570	9.042000E-1
580	9.222000E-1
590	9.321000E-1
600	9.371000E-1
610	9.410000E-1
620	9.432000E-1
630	9.440000E-1
640	9.439000E-1
650	9.449000E-1
660	9.472000E-1
670	9.489000E-1
680	9.510000E-1
690	9.526000E-1
700	9.540000E-1
710	9.557000E-1
720	9.552000E-1
730	9.568000E-1
"5Y 2.5/1"	""	""	
380	2.900000E-2
390	3.490000E-2
400	3.480000E-2
410	3.610000E-2
420	3.570000E-2
430	3.560000E-2
440	3.540000E-2
450	3.550000E-2
460	3.510000E-2
470	3.520000E-2
480	3.530000E-2
490	3.560000E-2
500	3.650000E-2
510	3.880000E-2
520	4.160000E-2
530	4.280000E-2
540	4.310000E-2
550	4.420000E-2
560	4.600000E-2
570	4.840000E-2
580	4.920000E-2
590	4.900000E-2
600	4.840000E-2
610	4.790000E-2
620	4.710000E-2
630	4.660000E-2
640	4.590000E-2
650	4.550000E-2
660	4.520000E-2
670	4.480000E-2
680	4.460000E-2
690	4.430000E-2
700	4.440000E-2
710	4.400000E-2
720	4.370000E-2
730	4.350000E-2
"5Y 3/1"	""	""	
380	4.460000E-2
390	4.840000E-2
400	4.880000E-2
410	4.950000E-2
420	4.920000E-2
430	4.890000E-2
440	4.890000E-2
450	4.900000E-2
460	4.840000E-2
470	4.870000E-2
480	4.840000E-2
490	4.890000E-2
500	4.990000E-2
510	5.350000E-2
520	5.830000E-2
530	6.040000E-2
540	6.070000E-2
550	6.160000E-2
560	6.350000E-2
570	6.620000E-2
580	6.700000E-2
590	6.650000E-2
600	6.570000E-2
610	6.480000E-2
620	6.410000E-2
630	6.330000E-2
640	6.270000E-2
650	6.210000E-2
660	6.170000E-2
670	6.120000E-2
680	6.100000E-2
690	6.030000E-2
700	6.040000E-2
710	6.020000E-2
720	5.960000E-2
730	5.970000E-2
"5Y 3/2"	""	""	
380	3.630000E-2
390	3.680000E-2
400	3.850000E-2
410	3.990000E-2
420	3.910000E-2
430	3.930000E-2
440	3.930000E-2
450	3.930000E-2
460	3.920000E-2
470	3.940000E-2
480	3.950000E-2
490	4.040000E-2
500	4.250000E-2
510	4.820000E-2
520	5.640000E-2
530	6.030000E-2
540	6.140000E-2
550	6.300000E-2
560	6.610000E-2
570	7.000000E-2
580	7.170000E-2
590	7.170000E-2
600	7.100000E-2
610	7.020000E-2
620	6.920000E-2
630	6.830000E-2
640	6.740000E-2
650	6.690000E-2
660	6.630000E-2
670	6.580000E-2
680	6.540000E-2
690	6.510000E-2
700	6.470000E-2
710	6.460000E-2
720	6.390000E-2
730	6.410000E-2
"5Y 4/1"	""	""	
380	6.950000E-2
390	8.110000E-2
400	9.520000E-2
410	1.007000E-1
420	9.970000E-2
430	9.890000E-2
440	9.810000E-2
450	9.760000E-2
460	9.750000E-2
470	9.690000E-2
480	9.640000E-2
490	9.630000E-2
500	9.790000E-2
510	1.043000E-1
520	1.132000E-1
530	1.173000E-1
540	1.181000E-1
550	1.193000E-1
560	1.214000E-1
570	1.246000E-1
580	1.256000E-1
590	1.254000E-1
600	1.246000E-1
610	1.237000E-1
620	1.227000E-1
630	1.214000E-1
640	1.203000E-1
650	1.192000E-1
660	1.183000E-1
670	1.174000E-1
680	1.167000E-1
690	1.160000E-1
700	1.150000E-1
710	1.142000E-1
720	1.133000E-1
730	1.134000E-1
"5Y 4/2"	""	""	
380	5.870000E-2
390	6.310000E-2
400	6.980000E-2
410	7.110000E-2
420	7.070000E-2
430	7.060000E-2
440	7.000000E-2
450	6.980000E-2
460	7.010000E-2
470	7.020000E-2
480	7.030000E-2
490	7.110000E-2
500	7.400000E-2
510	8.470000E-2
520	1.007000E-1
530	1.097000E-1
540	1.123000E-1
550	1.150000E-1
560	1.198000E-1
570	1.259000E-1
580	1.291000E-1
590	1.296000E-1
600	1.287000E-1
610	1.276000E-1
620	1.264000E-1
630	1.249000E-1
640	1.236000E-1
650	1.225000E-1
660	1.215000E-1
670	1.206000E-1
680	1.197000E-1
690	1.188000E-1
700	1.180000E-1
710	1.172000E-1
720	1.163000E-1
730	1.159000E-1
"5Y 4/4"	""	""	
380	3.960000E-2
390	4.340000E-2
400	4.330000E-2
410	4.390000E-2
420	4.390000E-2
430	4.360000E-2
440	4.410000E-2
450	4.420000E-2
460	4.430000E-2
470	4.470000E-2
480	4.540000E-2
490	4.690000E-2
500	5.120000E-2
510	6.550000E-2
520	9.210000E-2
530	1.110000E-1
540	1.177000E-1
550	1.226000E-1
560	1.305000E-1
570	1.410000E-1
580	1.471000E-1
590	1.487000E-1
600	1.475000E-1
610	1.455000E-1
620	1.432000E-1
630	1.408000E-1
640	1.386000E-1
650	1.365000E-1
660	1.349000E-1
670	1.337000E-1
680	1.332000E-1
690	1.325000E-1
700	1.323000E-1
710	1.319000E-1
720	1.310000E-1
730	1.296000E-1
"5Y 5/1"	""	""	
380	9.980000E-2
390	1.215000E-1
400	1.533000E-1
410	1.683000E-1
420	1.694000E-1
430	1.679000E-1
440	1.667000E-1
450	1.670000E-1
460	1.671000E-1
470	1.666000E-1
480	1.657000E-1
490	1.649000E-1
500	1.666000E-1
510	1.777000E-1
520	1.947000E-1
530	2.023000E-1
540	2.024000E-1
550	1.997000E-1
560	1.948000E-1
570	1.926000E-1
580	1.981000E-1
590	2.058000E-1
600	2.076000E-1
610	2.073000E-1
620	2.063000E-1
630	2.045000E-1
640	2.026000E-1
650	2.010000E-1
660	1.997000E-1
670	1.984000E-1
680	1.973000E-1
690	1.960000E-1
700	1.946000E-1
710	1.936000E-1
720	1.921000E-1
730	1.907000E-1
"5Y 5/2"	""	""	
380	8.720000E-2
390	1.091000E-1
400	1.287000E-1
410	1.375000E-1
420	1.375000E-1
430	1.362000E-1
440	1.361000E-1
450	1.365000E-1
460	1.366000E-1
470	1.365000E-1
480	1.363000E-1
490	1.368000E-1
500	1.405000E-1
510	1.565000E-1
520	1.811000E-1
530	1.945000E-1
540	1.982000E-1
550	2.003000E-1
560	2.029000E-1
570	2.073000E-1
580	2.093000E-1
590	2.096000E-1
600	2.086000E-1
610	2.076000E-1
620	2.062000E-1
630	2.042000E-1
640	2.024000E-1
650	2.010000E-1
660	1.995000E-1
670	1.980000E-1
680	1.969000E-1
690	1.954000E-1
700	1.941000E-1
710	1.933000E-1
720	1.912000E-1
730	1.903000E-1
"5Y 5/4"	""	""	
380	6.470000E-2
390	7.380000E-2
400	7.980000E-2
410	8.350000E-2
420	8.250000E-2
430	8.270000E-2
440	8.260000E-2
450	8.330000E-2
460	8.410000E-2
470	8.440000E-2
480	8.520000E-2
490	8.660000E-2
500	9.200000E-2
510	1.146000E-1
520	1.559000E-1
530	1.864000E-1
540	1.979000E-1
550	2.035000E-1
560	2.097000E-1
570	2.176000E-1
580	2.212000E-1
590	2.221000E-1
600	2.214000E-1
610	2.203000E-1
620	2.187000E-1
630	2.171000E-1
640	2.150000E-1
650	2.135000E-1
660	2.122000E-1
670	2.109000E-1
680	2.097000E-1
690	2.088000E-1
700	2.073000E-1
710	2.060000E-1
720	2.050000E-1
730	2.038000E-1
"5Y 5/6"	""	""	
380	5.480000E-2
390	5.440000E-2
400	5.320000E-2
410	5.330000E-2
420	5.370000E-2
430	5.370000E-2
440	5.350000E-2
450	5.360000E-2
460	5.380000E-2
470	5.420000E-2
480	5.520000E-2
490	5.690000E-2
500	6.250000E-2
510	8.430000E-2
520	1.336000E-1
530	1.821000E-1
540	2.071000E-1
550	2.186000E-1
560	2.260000E-1
570	2.344000E-1
580	2.402000E-1
590	2.442000E-1
600	2.451000E-1
610	2.439000E-1
620	2.418000E-1
630	2.405000E-1
640	2.394000E-1
650	2.389000E-1
660	2.403000E-1
670	2.443000E-1
680	2.510000E-1
690	2.598000E-1
700	2.702000E-1
710	2.806000E-1
720	2.876000E-1
730	2.937000E-1
"5Y 6/1"	""	""	
380	1.067000E-1
390	1.449000E-1
400	1.984000E-1
410	2.324000E-1
420	2.367000E-1
430	2.354000E-1
440	2.344000E-1
450	2.345000E-1
460	2.349000E-1
470	2.343000E-1
480	2.334000E-1
490	2.330000E-1
500	2.365000E-1
510	2.530000E-1
520	2.767000E-1
530	2.883000E-1
540	2.913000E-1
550	2.938000E-1
560	2.966000E-1
570	3.017000E-1
580	3.030000E-1
590	3.029000E-1
600	3.017000E-1
610	3.007000E-1
620	2.988000E-1
630	2.969000E-1
640	2.945000E-1
650	2.927000E-1
660	2.911000E-1
670	2.895000E-1
680	2.880000E-1
690	2.864000E-1
700	2.843000E-1
710	2.827000E-1
720	2.806000E-1
730	2.792000E-1
"5Y 6/2"	""	""	
380	1.126000E-1
390	1.425000E-1
400	1.879000E-1
410	2.122000E-1
420	2.143000E-1
430	2.132000E-1
440	2.130000E-1
450	2.142000E-1
460	2.153000E-1
470	2.154000E-1
480	2.151000E-1
490	2.153000E-1
500	2.210000E-1
510	2.454000E-1
520	2.821000E-1
530	3.008000E-1
540	3.035000E-1
550	3.033000E-1
560	3.039000E-1
570	3.116000E-1
580	3.195000E-1
590	3.238000E-1
600	3.195000E-1
610	3.111000E-1
620	3.070000E-1
630	3.061000E-1
640	3.068000E-1
650	3.131000E-1
660	3.236000E-1
670	3.284000E-1
680	3.247000E-1
690	3.164000E-1
700	3.037000E-1
710	2.928000E-1
720	2.976000E-1
730	3.198000E-1
"5Y 6/4"	""	""	
380	8.970000E-2
390	1.153000E-1
400	1.304000E-1
410	1.408000E-1
420	1.396000E-1
430	1.381000E-1
440	1.395000E-1
450	1.403000E-1
460	1.416000E-1
470	1.427000E-1
480	1.427000E-1
490	1.446000E-1
500	1.519000E-1
510	1.840000E-1
520	2.470000E-1
530	2.957000E-1
540	3.153000E-1
550	3.231000E-1
560	3.276000E-1
570	3.338000E-1
580	3.360000E-1
590	3.359000E-1
600	3.347000E-1
610	3.339000E-1
620	3.321000E-1
630	3.298000E-1
640	3.278000E-1
650	3.258000E-1
660	3.241000E-1
670	3.229000E-1
680	3.216000E-1
690	3.195000E-1
700	3.181000E-1
710	3.171000E-1
720	3.145000E-1
730	3.124000E-1
"5Y 6/6"	""	""	
380	7.780000E-2
390	8.170000E-2
400	8.850000E-2
410	9.130000E-2
420	8.980000E-2
430	8.960000E-2
440	8.970000E-2
450	9.070000E-2
460	9.190000E-2
470	9.260000E-2
480	9.350000E-2
490	9.530000E-2
500	1.028000E-1
510	1.355000E-1
520	2.098000E-1
530	2.839000E-1
540	3.208000E-1
550	3.321000E-1
560	3.334000E-1
570	3.361000E-1
580	3.450000E-1
590	3.546000E-1
600	3.559000E-1
610	3.544000E-1
620	3.521000E-1
630	3.500000E-1
640	3.481000E-1
650	3.470000E-1
660	3.465000E-1
670	3.451000E-1
680	3.428000E-1
690	3.396000E-1
700	3.368000E-1
710	3.347000E-1
720	3.350000E-1
730	3.378000E-1
"5Y 6/8"	""	""	
380	5.560000E-2
390	5.140000E-2
400	5.240000E-2
410	5.090000E-2
420	5.060000E-2
430	5.060000E-2
440	5.010000E-2
450	5.090000E-2
460	5.090000E-2
470	5.140000E-2
480	5.290000E-2
490	5.570000E-2
500	6.290000E-2
510	9.060000E-2
520	1.628000E-1
530	2.582000E-1
540	3.251000E-1
550	3.530000E-1
560	3.596000E-1
570	3.619000E-1
580	3.602000E-1
590	3.591000E-1
600	3.576000E-1
610	3.564000E-1
620	3.552000E-1
630	3.538000E-1
640	3.518000E-1
650	3.509000E-1
660	3.508000E-1
670	3.507000E-1
680	3.521000E-1
690	3.536000E-1
700	3.548000E-1
710	3.560000E-1
720	3.562000E-1
730	3.577000E-1
"5Y 7/1"	""	""	
380	1.279000E-1
390	1.713000E-1
400	2.608000E-1
410	3.320000E-1
420	3.488000E-1
430	3.485000E-1
440	3.470000E-1
450	3.473000E-1
460	3.476000E-1
470	3.470000E-1
480	3.459000E-1
490	3.451000E-1
500	3.487000E-1
510	3.679000E-1
520	3.950000E-1
530	4.084000E-1
540	4.115000E-1
550	4.144000E-1
560	4.176000E-1
570	4.234000E-1
580	4.249000E-1
590	4.250000E-1
600	4.236000E-1
610	4.226000E-1
620	4.213000E-1
630	4.190000E-1
640	4.163000E-1
650	4.145000E-1
660	4.129000E-1
670	4.114000E-1
680	4.099000E-1
690	4.082000E-1
700	4.061000E-1
710	4.042000E-1
720	4.025000E-1
730	4.014000E-1
"5Y 7/2"	""	""	
380	1.261000E-1
390	1.690000E-1
400	2.461000E-1
410	3.025000E-1
420	3.126000E-1
430	3.113000E-1
440	3.114000E-1
450	3.120000E-1
460	3.134000E-1
470	3.136000E-1
480	3.127000E-1
490	3.131000E-1
500	3.195000E-1
510	3.492000E-1
520	3.958000E-1
530	4.225000E-1
540	4.308000E-1
550	4.355000E-1
560	4.393000E-1
570	4.461000E-1
580	4.481000E-1
590	4.482000E-1
600	4.472000E-1
610	4.464000E-1
620	4.444000E-1
630	4.421000E-1
640	4.395000E-1
650	4.372000E-1
660	4.355000E-1
670	4.339000E-1
680	4.323000E-1
690	4.301000E-1
700	4.282000E-1
710	4.266000E-1
720	4.236000E-1
730	4.221000E-1
"5Y 7/4"	""	""	
380	1.202000E-1
390	1.479000E-1
400	1.918000E-1
410	2.175000E-1
420	2.199000E-1
430	2.182000E-1
440	2.190000E-1
450	2.212000E-1
460	2.236000E-1
470	2.251000E-1
480	2.252000E-1
490	2.267000E-1
500	2.362000E-1
510	2.784000E-1
520	3.588000E-1
530	4.213000E-1
540	4.475000E-1
550	4.597000E-1
560	4.692000E-1
570	4.814000E-1
580	4.864000E-1
590	4.876000E-1
600	4.855000E-1
610	4.830000E-1
620	4.792000E-1
630	4.751000E-1
640	4.705000E-1
650	4.667000E-1
660	4.637000E-1
670	4.619000E-1
680	4.608000E-1
690	4.601000E-1
700	4.593000E-1
710	4.588000E-1
720	4.568000E-1
730	4.549000E-1
"5Y 7/6"	""	""	
380	1.042000E-1
390	1.184000E-1
400	1.360000E-1
410	1.458000E-1
420	1.446000E-1
430	1.436000E-1
440	1.449000E-1
450	1.472000E-1
460	1.492000E-1
470	1.509000E-1
480	1.515000E-1
490	1.534000E-1
500	1.625000E-1
510	2.084000E-1
520	3.121000E-1
530	4.110000E-1
540	4.555000E-1
550	4.763000E-1
560	4.876000E-1
570	4.857000E-1
580	4.704000E-1
590	4.647000E-1
600	4.758000E-1
610	4.888000E-1
620	4.869000E-1
630	4.770000E-1
640	4.633000E-1
650	4.488000E-1
660	4.381000E-1
670	4.350000E-1
680	4.395000E-1
690	4.496000E-1
700	4.658000E-1
710	4.816000E-1
720	4.887000E-1
730	4.915000E-1
"5Y 7/8"	""	""	
380	8.830000E-2
390	8.920000E-2
400	9.400000E-2
410	9.620000E-2
420	9.420000E-2
430	9.360000E-2
440	9.380000E-2
450	9.490000E-2
460	9.620000E-2
470	9.710000E-2
480	9.790000E-2
490	1.001000E-1
500	1.083000E-1
510	1.467000E-1
520	2.462000E-1
530	3.739000E-1
540	4.639000E-1
550	5.037000E-1
560	5.148000E-1
570	5.197000E-1
580	5.176000E-1
590	5.137000E-1
600	5.072000E-1
610	5.001000E-1
620	4.920000E-1
630	4.846000E-1
640	4.774000E-1
650	4.710000E-1
660	4.662000E-1
670	4.639000E-1
680	4.639000E-1
690	4.645000E-1
700	4.666000E-1
710	4.682000E-1
720	4.668000E-1
730	4.655000E-1
"5Y 7/10"	""	""	
380	6.890000E-2
390	6.170000E-2
400	6.150000E-2
410	6.060000E-2
420	6.010000E-2
430	5.990000E-2
440	6.000000E-2
450	6.040000E-2
460	6.100000E-2
470	6.150000E-2
480	6.220000E-2
490	6.440000E-2
500	7.160000E-2
510	1.039000E-1
520	1.963000E-1
530	3.377000E-1
540	4.675000E-1
550	5.413000E-1
560	5.638000E-1
570	5.680000E-1
580	5.605000E-1
590	5.482000E-1
600	5.296000E-1
610	5.075000E-1
620	4.875000E-1
630	4.726000E-1
640	4.600000E-1
650	4.491000E-1
660	4.415000E-1
670	4.396000E-1
680	4.428000E-1
690	4.497000E-1
700	4.597000E-1
710	4.686000E-1
720	4.715000E-1
730	4.744000E-1
"5Y 7/12"	""	""	
380	5.000000E-2
390	4.410000E-2
400	4.020000E-2
410	3.990000E-2
420	3.940000E-2
430	3.920000E-2
440	3.980000E-2
450	4.030000E-2
460	4.090000E-2
470	4.180000E-2
480	4.270000E-2
490	4.520000E-2
500	5.190000E-2
510	8.070000E-2
520	1.682000E-1
530	3.122000E-1
540	4.573000E-1
550	5.481000E-1
560	5.874000E-1
570	6.039000E-1
580	5.942000E-1
590	5.657000E-1
600	5.257000E-1
610	4.928000E-1
620	4.740000E-1
630	4.644000E-1
640	4.575000E-1
650	4.533000E-1
660	4.571000E-1
670	4.711000E-1
680	4.918000E-1
690	5.123000E-1
700	5.289000E-1
710	5.376000E-1
720	5.353000E-1
730	5.367000E-1
"5Y 8/1"	""	""	
380	1.545000E-1
390	1.969000E-1
400	3.202000E-1
410	4.497000E-1
420	4.925000E-1
430	4.959000E-1
440	4.956000E-1
450	4.965000E-1
460	4.977000E-1
470	4.974000E-1
480	4.961000E-1
490	4.961000E-1
500	5.015000E-1
510	5.269000E-1
520	5.643000E-1
530	5.829000E-1
540	5.876000E-1
550	5.897000E-1
560	5.896000E-1
570	5.946000E-1
580	5.968000E-1
590	5.990000E-1
600	5.995000E-1
610	5.999000E-1
620	5.991000E-1
630	5.972000E-1
640	5.948000E-1
650	5.933000E-1
660	5.922000E-1
670	5.911000E-1
680	5.906000E-1
690	5.891000E-1
700	5.878000E-1
710	5.868000E-1
720	5.848000E-1
730	5.836000E-1
"5Y 8/2"	""	""	
380	1.463000E-1
390	1.980000E-1
400	3.016000E-1
410	4.009000E-1
420	4.251000E-1
430	4.252000E-1
440	4.261000E-1
450	4.274000E-1
460	4.300000E-1
470	4.310000E-1
480	4.302000E-1
490	4.309000E-1
500	4.398000E-1
510	4.805000E-1
520	5.476000E-1
530	5.896000E-1
540	6.034000E-1
550	6.080000E-1
560	6.079000E-1
570	6.124000E-1
580	6.140000E-1
590	6.157000E-1
600	6.159000E-1
610	6.166000E-1
620	6.158000E-1
630	6.142000E-1
640	6.120000E-1
650	6.110000E-1
660	6.100000E-1
670	6.094000E-1
680	6.095000E-1
690	6.084000E-1
700	6.069000E-1
710	6.063000E-1
720	6.050000E-1
730	6.048000E-1
"5Y 8/4"	""	""	
380	1.393000E-1
390	1.749000E-1
400	2.440000E-1
410	2.987000E-1
420	3.049000E-1
430	3.045000E-1
440	3.060000E-1
450	3.084000E-1
460	3.122000E-1
470	3.144000E-1
480	3.143000E-1
490	3.165000E-1
500	3.279000E-1
510	3.823000E-1
520	4.905000E-1
530	5.797000E-1
540	6.170000E-1
550	6.280000E-1
560	6.289000E-1
570	6.350000E-1
580	6.395000E-1
590	6.416000E-1
600	6.356000E-1
610	6.281000E-1
620	6.245000E-1
630	6.236000E-1
640	6.252000E-1
650	6.325000E-1
660	6.434000E-1
670	6.487000E-1
680	6.461000E-1
690	6.388000E-1
700	6.257000E-1
710	6.153000E-1
720	6.212000E-1
730	6.465000E-1
"5Y 8/6"	""	""	
380	1.258000E-1
390	1.511000E-1
400	1.850000E-1
410	2.040000E-1
420	2.057000E-1
430	2.056000E-1
440	2.084000E-1
450	2.148000E-1
460	2.238000E-1
470	2.359000E-1
480	2.503000E-1
490	2.667000E-1
500	2.912000E-1
510	3.540000E-1
520	4.680000E-1
530	5.676000E-1
540	6.154000E-1
550	6.295000E-1
560	6.264000E-1
570	6.271000E-1
580	6.437000E-1
590	6.651000E-1
600	6.728000E-1
610	6.758000E-1
620	6.765000E-1
630	6.761000E-1
640	6.749000E-1
650	6.748000E-1
660	6.747000E-1
670	6.750000E-1
680	6.756000E-1
690	6.756000E-1
700	6.753000E-1
710	6.755000E-1
720	6.741000E-1
730	6.745000E-1
"5Y 8/8"	""	""	
380	1.125000E-1
390	1.221000E-1
400	1.422000E-1
410	1.496000E-1
420	1.478000E-1
430	1.465000E-1
440	1.461000E-1
450	1.477000E-1
460	1.504000E-1
470	1.549000E-1
480	1.659000E-1
490	1.884000E-1
500	2.256000E-1
510	2.986000E-1
520	4.284000E-1
530	5.591000E-1
540	6.343000E-1
550	6.642000E-1
560	6.729000E-1
570	6.797000E-1
580	6.813000E-1
590	6.834000E-1
600	6.851000E-1
610	6.879000E-1
620	6.896000E-1
630	6.910000E-1
640	6.913000E-1
650	6.925000E-1
660	6.945000E-1
670	6.966000E-1
680	6.993000E-1
690	7.007000E-1
700	7.025000E-1
710	7.045000E-1
720	7.046000E-1
730	7.070000E-1
"5Y 8/10"	""	""	
380	9.570000E-2
390	8.890000E-2
400	9.210000E-2
410	9.270000E-2
420	9.090000E-2
430	9.110000E-2
440	9.350000E-2
450	9.740000E-2
460	1.043000E-1
470	1.147000E-1
480	1.283000E-1
490	1.456000E-1
500	1.709000E-1
510	2.337000E-1
520	3.675000E-1
530	5.327000E-1
540	6.527000E-1
550	7.073000E-1
560	7.231000E-1
570	7.304000E-1
580	7.288000E-1
590	7.259000E-1
600	7.191000E-1
610	7.100000E-1
620	7.006000E-1
630	6.929000E-1
640	6.853000E-1
650	6.788000E-1
660	6.747000E-1
670	6.751000E-1
680	6.798000E-1
690	6.858000E-1
700	6.946000E-1
710	7.024000E-1
720	7.054000E-1
730	7.075000E-1
"5Y 8/12"	""	""	
380	7.850000E-2
390	6.680000E-2
400	6.070000E-2
410	5.820000E-2
420	5.780000E-2
430	5.790000E-2
440	5.870000E-2
450	6.190000E-2
460	6.560000E-2
470	7.260000E-2
480	8.300000E-2
490	9.680000E-2
500	1.188000E-1
510	1.738000E-1
520	3.004000E-1
530	4.823000E-1
540	6.424000E-1
550	7.278000E-1
560	7.568000E-1
570	7.681000E-1
580	7.659000E-1
590	7.582000E-1
600	7.421000E-1
610	7.205000E-1
620	6.996000E-1
630	6.833000E-1
640	6.687000E-1
650	6.555000E-1
660	6.473000E-1
670	6.468000E-1
680	6.542000E-1
690	6.667000E-1
700	6.835000E-1
710	6.980000E-1
720	7.047000E-1
730	7.100000E-1
"5Y 8.5/1"	""	""	
380	1.643000E-1
390	2.080000E-1
400	3.384000E-1
410	4.857000E-1
420	5.481000E-1
430	5.682000E-1
440	5.871000E-1
450	6.026000E-1
460	6.089000E-1
470	6.104000E-1
480	6.126000E-1
490	6.184000E-1
500	6.271000E-1
510	6.390000E-1
520	6.533000E-1
530	6.658000E-1
540	6.771000E-1
550	6.880000E-1
560	6.955000E-1
570	7.053000E-1
580	7.077000E-1
590	7.088000E-1
600	7.078000E-1
610	7.072000E-1
620	7.051000E-1
630	7.025000E-1
640	6.993000E-1
650	6.972000E-1
660	6.967000E-1
670	6.963000E-1
680	6.973000E-1
690	6.982000E-1
700	6.990000E-1
710	7.002000E-1
720	6.992000E-1
730	6.998000E-1
"5Y 8.5/2"	""	""	
380	1.580000E-1
390	2.025000E-1
400	3.304000E-1
410	4.601000E-1
420	5.018000E-1
430	5.055000E-1
440	5.060000E-1
450	5.083000E-1
460	5.113000E-1
470	5.125000E-1
480	5.121000E-1
490	5.133000E-1
500	5.229000E-1
510	5.662000E-1
520	6.381000E-1
530	6.845000E-1
540	7.009000E-1
550	7.071000E-1
560	7.082000E-1
570	7.144000E-1
580	7.169000E-1
590	7.193000E-1
600	7.201000E-1
610	7.212000E-1
620	7.208000E-1
630	7.197000E-1
640	7.179000E-1
650	7.171000E-1
660	7.170000E-1
670	7.173000E-1
680	7.188000E-1
690	7.195000E-1
700	7.204000E-1
710	7.215000E-1
720	7.205000E-1
730	7.222000E-1
"5Y 8.5/4"	""	""	
380	1.474000E-1
390	1.740000E-1
400	2.420000E-1
410	2.975000E-1
420	3.175000E-1
430	3.350000E-1
440	3.607000E-1
450	3.841000E-1
460	3.952000E-1
470	4.006000E-1
480	4.094000E-1
490	4.272000E-1
500	4.541000E-1
510	4.902000E-1
520	5.355000E-1
530	5.894000E-1
540	6.496000E-1
550	7.074000E-1
560	7.465000E-1
570	7.704000E-1
580	7.734000E-1
590	7.655000E-1
600	7.478000E-1
610	7.267000E-1
620	7.067000E-1
630	6.910000E-1
640	6.772000E-1
650	6.658000E-1
660	6.590000E-1
670	6.581000E-1
680	6.636000E-1
690	6.730000E-1
700	6.863000E-1
710	6.996000E-1
720	7.063000E-1
730	7.125000E-1
"5Y 8.5/6"	""	""	
380	1.424000E-1
390	1.660000E-1
400	2.092000E-1
410	2.341000E-1
420	2.372000E-1
430	2.411000E-1
440	2.483000E-1
450	2.593000E-1
460	2.748000E-1
470	2.926000E-1
480	3.110000E-1
490	3.303000E-1
500	3.563000E-1
510	4.247000E-1
520	5.536000E-1
530	6.702000E-1
540	7.297000E-1
550	7.513000E-1
560	7.550000E-1
570	7.600000E-1
580	7.607000E-1
590	7.618000E-1
600	7.617000E-1
610	7.632000E-1
620	7.634000E-1
630	7.631000E-1
640	7.625000E-1
650	7.632000E-1
660	7.637000E-1
670	7.639000E-1
680	7.648000E-1
690	7.649000E-1
700	7.648000E-1
710	7.653000E-1
720	7.651000E-1
730	7.676000E-1
"5Y 8.5/8"	""	""	
380	1.253000E-1
390	1.333000E-1
400	1.484000E-1
410	1.570000E-1
420	1.573000E-1
430	1.606000E-1
440	1.671000E-1
450	1.767000E-1
460	1.915000E-1
470	2.119000E-1
480	2.372000E-1
490	2.666000E-1
500	3.042000E-1
510	3.758000E-1
520	5.079000E-1
530	6.439000E-1
540	7.258000E-1
550	7.599000E-1
560	7.691000E-1
570	7.784000E-1
580	7.827000E-1
590	7.867000E-1
600	7.888000E-1
610	7.917000E-1
620	7.942000E-1
630	7.964000E-1
640	7.977000E-1
650	8.001000E-1
660	8.026000E-1
670	8.039000E-1
680	8.057000E-1
690	8.065000E-1
700	8.076000E-1
710	8.103000E-1
720	8.115000E-1
730	8.151000E-1
"5Y 8.5/10"	""	""	
380	1.027000E-1
390	9.200000E-2
400	9.640000E-2
410	9.800000E-2
420	9.610000E-2
430	9.900000E-2
440	1.033000E-1
450	1.104000E-1
460	1.233000E-1
470	1.426000E-1
480	1.714000E-1
490	2.115000E-1
500	2.664000E-1
510	3.559000E-1
520	4.964000E-1
530	6.336000E-1
540	7.166000E-1
550	7.552000E-1
560	7.715000E-1
570	7.889000E-1
580	8.009000E-1
590	8.103000E-1
600	8.161000E-1
610	8.223000E-1
620	8.276000E-1
630	8.319000E-1
640	8.355000E-1
650	8.397000E-1
660	8.432000E-1
670	8.441000E-1
680	8.471000E-1
690	8.508000E-1
700	8.538000E-1
710	8.568000E-1
720	8.594000E-1
730	8.626000E-1
"5Y 8.5/12"	""	""	
380	8.750000E-2
390	7.660000E-2
400	7.180000E-2
410	7.030000E-2
420	6.920000E-2
430	6.950000E-2
440	7.140000E-2
450	7.580000E-2
460	8.350000E-2
470	9.690000E-2
480	1.183000E-1
490	1.506000E-1
500	2.012000E-1
510	2.942000E-1
520	4.528000E-1
530	6.288000E-1
540	7.444000E-1
550	7.977000E-1
560	8.190000E-1
570	8.351000E-1
580	8.425000E-1
590	8.489000E-1
600	8.535000E-1
610	8.588000E-1
620	8.624000E-1
630	8.652000E-1
640	8.671000E-1
650	8.701000E-1
660	8.734000E-1
670	8.771000E-1
680	8.817000E-1
690	8.851000E-1
700	8.887000E-1
710	8.923000E-1
720	8.938000E-1
730	8.973000E-1
"5Y 9/1"	""	""	
380	1.680000E-1
390	2.110000E-1
400	3.547000E-1
410	5.490000E-1
420	6.401000E-1
430	6.548000E-1
440	6.569000E-1
450	6.597000E-1
460	6.630000E-1
470	6.645000E-1
480	6.639000E-1
490	6.656000E-1
500	6.730000E-1
510	7.055000E-1
520	7.555000E-1
530	7.839000E-1
540	7.939000E-1
550	7.999000E-1
560	8.027000E-1
570	8.098000E-1
580	8.112000E-1
590	8.126000E-1
600	8.126000E-1
610	8.139000E-1
620	8.138000E-1
630	8.131000E-1
640	8.117000E-1
650	8.113000E-1
660	8.116000E-1
670	8.123000E-1
680	8.138000E-1
690	8.147000E-1
700	8.160000E-1
710	8.175000E-1
720	8.167000E-1
730	8.184000E-1
"5Y 9/2"	""	""	
380	1.698000E-1
390	2.116000E-1
400	3.479000E-1
410	5.043000E-1
420	5.638000E-1
430	5.712000E-1
440	5.730000E-1
450	5.767000E-1
460	5.807000E-1
470	5.827000E-1
480	5.830000E-1
490	5.854000E-1
500	5.964000E-1
510	6.453000E-1
520	7.295000E-1
530	7.889000E-1
540	8.121000E-1
550	8.204000E-1
560	8.203000E-1
570	8.239000E-1
580	8.229000E-1
590	8.236000E-1
600	8.241000E-1
610	8.261000E-1
620	8.271000E-1
630	8.275000E-1
640	8.270000E-1
650	8.274000E-1
660	8.279000E-1
670	8.290000E-1
680	8.309000E-1
690	8.313000E-1
700	8.320000E-1
710	8.328000E-1
720	8.324000E-1
730	8.340000E-1
"5Y 9/4"	""	""	
380	1.573000E-1
390	1.937000E-1
400	3.012000E-1
410	4.032000E-1
420	4.308000E-1
430	4.308000E-1
440	4.298000E-1
450	4.317000E-1
460	4.358000E-1
470	4.433000E-1
480	4.611000E-1
490	4.973000E-1
500	5.492000E-1
510	6.230000E-1
520	7.139000E-1
530	7.754000E-1
540	8.027000E-1
550	8.207000E-1
560	8.379000E-1
570	8.608000E-1
580	8.720000E-1
590	8.756000E-1
600	8.724000E-1
610	8.669000E-1
620	8.598000E-1
630	8.532000E-1
640	8.465000E-1
650	8.409000E-1
660	8.375000E-1
670	8.377000E-1
680	8.416000E-1
690	8.465000E-1
700	8.535000E-1
710	8.598000E-1
720	8.620000E-1
730	8.645000E-1
"5Y 9/6"	""	""	
380	1.503000E-1
390	1.813000E-1
400	2.461000E-1
410	2.894000E-1
420	2.972000E-1
430	3.003000E-1
440	3.060000E-1
450	3.160000E-1
460	3.307000E-1
470	3.491000E-1
480	3.700000E-1
490	3.931000E-1
500	4.249000E-1
510	5.029000E-1
520	6.422000E-1
530	7.714000E-1
540	8.420000E-1
550	8.702000E-1
560	8.769000E-1
570	8.836000E-1
580	8.840000E-1
590	8.864000E-1
600	8.892000E-1
610	8.946000E-1
620	8.992000E-1
630	9.026000E-1
640	9.049000E-1
650	9.078000E-1
660	9.113000E-1
670	9.139000E-1
680	9.172000E-1
690	9.187000E-1
700	9.201000E-1
710	9.215000E-1
720	9.216000E-1
730	9.239000E-1
"5Y 9/8"	""	""	
380	1.372000E-1
390	1.516000E-1
400	1.752000E-1
410	1.889000E-1
420	1.915000E-1
430	1.961000E-1
440	2.041000E-1
450	2.167000E-1
460	2.350000E-1
470	2.604000E-1
480	2.926000E-1
490	3.318000E-1
500	3.803000E-1
510	4.628000E-1
520	5.987000E-1
530	7.319000E-1
540	8.110000E-1
550	8.450000E-1
560	8.560000E-1
570	8.693000E-1
580	8.776000E-1
590	8.845000E-1
600	8.880000E-1
610	8.920000E-1
620	8.956000E-1
630	8.989000E-1
640	9.011000E-1
650	9.041000E-1
660	9.069000E-1
670	9.079000E-1
680	9.103000E-1
690	9.121000E-1
700	9.141000E-1
710	9.166000E-1
720	9.176000E-1
730	9.208000E-1
"7.5Y 3/2"	""	""	
380	3.650000E-2
390	3.980000E-2
400	4.140000E-2
410	4.040000E-2
420	4.050000E-2
430	4.070000E-2
440	4.030000E-2
450	4.050000E-2
460	4.050000E-2
470	4.050000E-2
480	4.070000E-2
490	4.160000E-2
500	4.350000E-2
510	4.890000E-2
520	5.760000E-2
530	6.250000E-2
540	6.450000E-2
550	6.780000E-2
560	7.030000E-2
570	7.080000E-2
580	6.950000E-2
590	6.830000E-2
600	6.750000E-2
610	6.690000E-2
620	6.620000E-2
630	6.570000E-2
640	6.510000E-2
650	6.500000E-2
660	6.460000E-2
670	6.460000E-2
680	6.450000E-2
690	6.430000E-2
700	6.460000E-2
710	6.440000E-2
720	6.490000E-2
730	6.480000E-2
"7.5Y 4/2"	""	""	
380	6.350000E-2
390	6.830000E-2
400	7.210000E-2
410	7.440000E-2
420	7.350000E-2
430	7.310000E-2
440	7.320000E-2
450	7.290000E-2
460	7.320000E-2
470	7.340000E-2
480	7.330000E-2
490	7.430000E-2
500	7.750000E-2
510	8.950000E-2
520	1.094000E-1
530	1.206000E-1
540	1.230000E-1
550	1.238000E-1
560	1.248000E-1
570	1.269000E-1
580	1.270000E-1
590	1.262000E-1
600	1.249000E-1
610	1.238000E-1
620	1.226000E-1
630	1.211000E-1
640	1.197000E-1
650	1.188000E-1
660	1.179000E-1
670	1.171000E-1
680	1.163000E-1
690	1.154000E-1
700	1.149000E-1
710	1.142000E-1
720	1.131000E-1
730	1.131000E-1
"7.5Y 4/4"	""	""	
380	4.510000E-2
390	4.690000E-2
400	4.710000E-2
410	4.930000E-2
420	4.870000E-2
430	4.830000E-2
440	4.890000E-2
450	4.920000E-2
460	4.930000E-2
470	4.990000E-2
480	5.010000E-2
490	5.160000E-2
500	5.580000E-2
510	7.180000E-2
520	1.032000E-1
530	1.269000E-1
540	1.347000E-1
550	1.361000E-1
560	1.361000E-1
570	1.367000E-1
580	1.361000E-1
590	1.357000E-1
600	1.351000E-1
610	1.344000E-1
620	1.341000E-1
630	1.338000E-1
640	1.334000E-1
650	1.329000E-1
660	1.331000E-1
670	1.331000E-1
680	1.335000E-1
690	1.336000E-1
700	1.338000E-1
710	1.342000E-1
720	1.342000E-1
730	1.350000E-1
"7.5Y 5/2"	""	""	
380	9.020000E-2
390	1.085000E-1
400	1.269000E-1
410	1.340000E-1
420	1.336000E-1
430	1.327000E-1
440	1.324000E-1
450	1.332000E-1
460	1.341000E-1
470	1.343000E-1
480	1.343000E-1
490	1.344000E-1
500	1.381000E-1
510	1.570000E-1
520	1.877000E-1
530	2.046000E-1
540	2.090000E-1
550	2.130000E-1
560	2.161000E-1
570	2.176000E-1
580	2.162000E-1
590	2.147000E-1
600	2.134000E-1
610	2.122000E-1
620	2.110000E-1
630	2.096000E-1
640	2.079000E-1
650	2.066000E-1
660	2.053000E-1
670	2.042000E-1
680	2.033000E-1
690	2.020000E-1
700	2.004000E-1
710	1.994000E-1
720	1.984000E-1
730	1.977000E-1
"7.5Y 5/4"	""	""	
380	7.210000E-2
390	7.540000E-2
400	7.930000E-2
410	8.050000E-2
420	7.910000E-2
430	7.950000E-2
440	7.900000E-2
450	7.970000E-2
460	8.050000E-2
470	8.080000E-2
480	8.100000E-2
490	8.270000E-2
500	8.810000E-2
510	1.122000E-1
520	1.626000E-1
530	2.033000E-1
540	2.183000E-1
550	2.218000E-1
560	2.211000E-1
570	2.201000E-1
580	2.178000E-1
590	2.160000E-1
600	2.141000E-1
610	2.127000E-1
620	2.111000E-1
630	2.094000E-1
640	2.075000E-1
650	2.062000E-1
660	2.051000E-1
670	2.037000E-1
680	2.027000E-1
690	2.018000E-1
700	2.005000E-1
710	1.993000E-1
720	1.980000E-1
730	1.977000E-1
"7.5Y 5/6"	""	""	
380	4.950000E-2
390	4.120000E-2
400	4.310000E-2
410	4.380000E-2
420	4.260000E-2
430	4.360000E-2
440	4.360000E-2
450	4.380000E-2
460	4.460000E-2
470	4.530000E-2
480	4.630000E-2
490	4.860000E-2
500	5.430000E-2
510	7.660000E-2
520	1.322000E-1
530	1.925000E-1
540	2.229000E-1
550	2.311000E-1
560	2.299000E-1
570	2.281000E-1
580	2.247000E-1
590	2.210000E-1
600	2.164000E-1
610	2.117000E-1
620	2.071000E-1
630	2.035000E-1
640	2.002000E-1
650	1.976000E-1
660	1.954000E-1
670	1.946000E-1
680	1.950000E-1
690	1.959000E-1
700	1.962000E-1
710	1.960000E-1
720	1.942000E-1
730	1.927000E-1
"7.5Y 6/2"	""	""	
380	1.016000E-1
390	1.300000E-1
400	1.607000E-1
410	1.800000E-1
420	1.811000E-1
430	1.813000E-1
440	1.839000E-1
450	1.868000E-1
460	1.929000E-1
470	2.116000E-1
480	2.406000E-1
490	2.656000E-1
500	2.778000E-1
510	2.842000E-1
520	2.850000E-1
530	2.782000E-1
540	2.761000E-1
550	2.899000E-1
560	3.101000E-1
570	3.208000E-1
580	3.219000E-1
590	3.216000E-1
600	3.210000E-1
610	3.203000E-1
620	3.192000E-1
630	3.178000E-1
640	3.160000E-1
650	3.145000E-1
660	3.136000E-1
670	3.126000E-1
680	3.114000E-1
690	3.098000E-1
700	3.089000E-1
710	3.079000E-1
720	3.056000E-1
730	3.042000E-1
"7.5Y 6/4"	""	""	
380	8.930000E-2
390	9.850000E-2
400	1.100000E-1
410	1.149000E-1
420	1.146000E-1
430	1.168000E-1
440	1.203000E-1
450	1.267000E-1
460	1.371000E-1
470	1.536000E-1
480	1.770000E-1
490	2.066000E-1
500	2.391000E-1
510	2.659000E-1
520	2.798000E-1
530	2.836000E-1
540	2.854000E-1
550	2.910000E-1
560	3.017000E-1
570	3.174000E-1
580	3.271000E-1
590	3.315000E-1
600	3.324000E-1
610	3.323000E-1
620	3.313000E-1
630	3.300000E-1
640	3.281000E-1
650	3.265000E-1
660	3.255000E-1
670	3.243000E-1
680	3.236000E-1
690	3.222000E-1
700	3.209000E-1
710	3.197000E-1
720	3.181000E-1
730	3.174000E-1
"7.5Y 6/6"	""	""	
380	7.500000E-2
390	7.530000E-2
400	7.980000E-2
410	8.160000E-2
420	7.960000E-2
430	7.980000E-2
440	8.000000E-2
450	8.040000E-2
460	8.170000E-2
470	8.220000E-2
480	8.300000E-2
490	8.510000E-2
500	9.220000E-2
510	1.247000E-1
520	2.034000E-1
530	2.902000E-1
540	3.382000E-1
550	3.537000E-1
560	3.537000E-1
570	3.518000E-1
580	3.465000E-1
590	3.407000E-1
600	3.327000E-1
610	3.240000E-1
620	3.155000E-1
630	3.076000E-1
640	3.005000E-1
650	2.943000E-1
660	2.894000E-1
670	2.869000E-1
680	2.869000E-1
690	2.880000E-1
700	2.905000E-1
710	2.920000E-1
720	2.915000E-1
730	2.909000E-1
"7.5Y 6/8"	""	""	
380	5.170000E-2
390	4.480000E-2
400	4.250000E-2
410	4.390000E-2
420	4.370000E-2
430	4.490000E-2
440	4.790000E-2
450	5.120000E-2
460	5.740000E-2
470	6.670000E-2
480	7.870000E-2
490	9.430000E-2
500	1.163000E-1
510	1.589000E-1
520	2.346000E-1
530	3.008000E-1
540	3.299000E-1
550	3.383000E-1
560	3.383000E-1
570	3.389000E-1
580	3.376000E-1
590	3.370000E-1
600	3.361000E-1
610	3.359000E-1
620	3.358000E-1
630	3.356000E-1
640	3.349000E-1
650	3.349000E-1
660	3.357000E-1
670	3.364000E-1
680	3.369000E-1
690	3.373000E-1
700	3.384000E-1
710	3.392000E-1
720	3.393000E-1
730	3.402000E-1
"7.5Y 7/2"	""	""	
380	1.264000E-1
390	1.717000E-1
400	2.504000E-1
410	3.050000E-1
420	3.153000E-1
430	3.147000E-1
440	3.137000E-1
450	3.155000E-1
460	3.168000E-1
470	3.172000E-1
480	3.165000E-1
490	3.168000E-1
500	3.234000E-1
510	3.549000E-1
520	4.044000E-1
530	4.331000E-1
540	4.413000E-1
550	4.434000E-1
560	4.429000E-1
570	4.462000E-1
580	4.468000E-1
590	4.462000E-1
600	4.435000E-1
610	4.408000E-1
620	4.373000E-1
630	4.343000E-1
640	4.313000E-1
650	4.290000E-1
660	4.277000E-1
670	4.277000E-1
680	4.281000E-1
690	4.276000E-1
700	4.265000E-1
710	4.253000E-1
720	4.230000E-1
730	4.212000E-1
"7.5Y 7/4"	""	""	
380	1.122000E-1
390	1.393000E-1
400	1.789000E-1
410	2.020000E-1
420	2.038000E-1
430	2.028000E-1
440	2.034000E-1
450	2.058000E-1
460	2.089000E-1
470	2.103000E-1
480	2.108000E-1
490	2.125000E-1
500	2.222000E-1
510	2.670000E-1
520	3.556000E-1
530	4.300000E-1
540	4.611000E-1
550	4.697000E-1
560	4.682000E-1
570	4.673000E-1
580	4.636000E-1
590	4.603000E-1
600	4.562000E-1
610	4.522000E-1
620	4.478000E-1
630	4.437000E-1
640	4.395000E-1
650	4.355000E-1
660	4.326000E-1
670	4.301000E-1
680	4.282000E-1
690	4.269000E-1
700	4.263000E-1
710	4.268000E-1
720	4.272000E-1
730	4.276000E-1
"7.5Y 7/6"	""	""	
380	1.085000E-1
390	1.217000E-1
400	1.394000E-1
410	1.454000E-1
420	1.445000E-1
430	1.430000E-1
440	1.433000E-1
450	1.451000E-1
460	1.474000E-1
470	1.492000E-1
480	1.512000E-1
490	1.539000E-1
500	1.623000E-1
510	2.032000E-1
520	3.055000E-1
530	4.201000E-1
540	4.860000E-1
550	5.088000E-1
560	5.105000E-1
570	5.091000E-1
580	5.019000E-1
590	4.919000E-1
600	4.762000E-1
610	4.572000E-1
620	4.402000E-1
630	4.283000E-1
640	4.187000E-1
650	4.098000E-1
660	4.041000E-1
670	4.042000E-1
680	4.094000E-1
690	4.165000E-1
700	4.237000E-1
710	4.279000E-1
720	4.259000E-1
730	4.227000E-1
"7.5Y 7/8"	""	""	
380	8.560000E-2
390	8.750000E-2
400	9.100000E-2
410	9.040000E-2
420	8.900000E-2
430	8.840000E-2
440	8.870000E-2
450	8.990000E-2
460	9.110000E-2
470	9.230000E-2
480	9.370000E-2
490	9.600000E-2
500	1.038000E-1
510	1.417000E-1
520	2.456000E-1
530	3.864000E-1
540	4.904000E-1
550	5.359000E-1
560	5.436000E-1
570	5.419000E-1
580	5.313000E-1
590	5.157000E-1
600	4.919000E-1
610	4.642000E-1
620	4.413000E-1
630	4.261000E-1
640	4.142000E-1
650	4.034000E-1
660	3.966000E-1
670	3.967000E-1
680	4.031000E-1
690	4.125000E-1
700	4.232000E-1
710	4.309000E-1
720	4.309000E-1
730	4.275000E-1
"7.5Y 7/10"	""	""	
380	4.980000E-2
390	4.250000E-2
400	3.870000E-2
410	3.720000E-2
420	3.640000E-2
430	3.730000E-2
440	3.780000E-2
450	3.890000E-2
460	4.210000E-2
470	5.100000E-2
480	7.430000E-2
490	1.265000E-1
500	2.104000E-1
510	3.040000E-1
520	3.826000E-1
530	4.268000E-1
540	4.467000E-1
550	4.573000E-1
560	4.631000E-1
570	4.741000E-1
580	4.837000E-1
590	4.914000E-1
600	4.962000E-1
610	5.012000E-1
620	5.064000E-1
630	5.117000E-1
640	5.170000E-1
650	5.221000E-1
660	5.271000E-1
670	5.305000E-1
680	5.344000E-1
690	5.380000E-1
700	5.420000E-1
710	5.469000E-1
720	5.511000E-1
730	5.560000E-1
"7.5Y 8/2"	""	""	
380	1.452000E-1
390	1.938000E-1
400	3.025000E-1
410	4.011000E-1
420	4.272000E-1
430	4.289000E-1
440	4.289000E-1
450	4.319000E-1
460	4.350000E-1
470	4.368000E-1
480	4.371000E-1
490	4.384000E-1
500	4.476000E-1
510	4.893000E-1
520	5.576000E-1
530	6.007000E-1
540	6.153000E-1
550	6.202000E-1
560	6.203000E-1
570	6.245000E-1
580	6.251000E-1
590	6.239000E-1
600	6.193000E-1
610	6.125000E-1
620	6.046000E-1
630	5.974000E-1
640	5.904000E-1
650	5.839000E-1
660	5.795000E-1
670	5.777000E-1
680	5.785000E-1
690	5.807000E-1
700	5.837000E-1
710	5.868000E-1
720	5.863000E-1
730	5.864000E-1
"7.5Y 8/4"	""	""	
380	1.357000E-1
390	1.644000E-1
400	2.189000E-1
410	2.556000E-1
420	2.629000E-1
430	2.663000E-1
440	2.711000E-1
450	2.813000E-1
460	2.999000E-1
470	3.278000E-1
480	3.679000E-1
490	4.246000E-1
500	4.880000E-1
510	5.384000E-1
520	5.646000E-1
530	5.714000E-1
540	5.723000E-1
550	5.757000E-1
560	5.823000E-1
570	6.021000E-1
580	6.229000E-1
590	6.393000E-1
600	6.435000E-1
610	6.407000E-1
620	6.397000E-1
630	6.404000E-1
640	6.423000E-1
650	6.493000E-1
660	6.607000E-1
670	6.649000E-1
680	6.601000E-1
690	6.539000E-1
700	6.467000E-1
710	6.398000E-1
720	6.466000E-1
730	6.726000E-1
"7.5Y 8/6"	""	""	
380	1.176000E-1
390	1.508000E-1
400	1.975000E-1
410	2.235000E-1
420	2.250000E-1
430	2.231000E-1
440	2.215000E-1
450	2.225000E-1
460	2.236000E-1
470	2.244000E-1
480	2.243000E-1
490	2.249000E-1
500	2.327000E-1
510	2.785000E-1
520	3.977000E-1
530	5.524000E-1
540	6.736000E-1
550	7.335000E-1
560	7.440000E-1
570	7.382000E-1
580	7.177000E-1
590	6.883000E-1
600	6.502000E-1
610	6.145000E-1
620	5.890000E-1
630	5.737000E-1
640	5.627000E-1
650	5.540000E-1
660	5.508000E-1
670	5.559000E-1
680	5.685000E-1
690	5.842000E-1
700	5.998000E-1
710	6.095000E-1
720	6.093000E-1
730	6.138000E-1
"7.5Y 8/8"	""	""	
380	1.147000E-1
390	1.332000E-1
400	1.463000E-1
410	1.562000E-1
420	1.545000E-1
430	1.523000E-1
440	1.531000E-1
450	1.551000E-1
460	1.570000E-1
470	1.601000E-1
480	1.620000E-1
490	1.646000E-1
500	1.743000E-1
510	2.217000E-1
520	3.498000E-1
530	5.247000E-1
540	6.720000E-1
550	7.524000E-1
560	7.695000E-1
570	7.631000E-1
580	7.390000E-1
590	7.038000E-1
600	6.548000E-1
610	6.036000E-1
620	5.662000E-1
630	5.435000E-1
640	5.267000E-1
650	5.112000E-1
660	5.019000E-1
670	5.042000E-1
680	5.156000E-1
690	5.314000E-1
700	5.499000E-1
710	5.643000E-1
720	5.659000E-1
730	5.610000E-1
"7.5Y 8/10"	""	""	
380	9.210000E-2
390	9.000000E-2
400	9.100000E-2
410	9.200000E-2
420	9.130000E-2
430	9.080000E-2
440	9.210000E-2
450	9.540000E-2
460	1.006000E-1
470	1.086000E-1
480	1.194000E-1
490	1.338000E-1
500	1.551000E-1
510	2.119000E-1
520	3.465000E-1
530	5.322000E-1
540	6.867000E-1
550	7.607000E-1
560	7.740000E-1
570	7.680000E-1
580	7.469000E-1
590	7.166000E-1
600	6.752000E-1
610	6.322000E-1
620	5.989000E-1
630	5.757000E-1
640	5.567000E-1
650	5.402000E-1
660	5.286000E-1
670	5.247000E-1
680	5.279000E-1
690	5.366000E-1
700	5.505000E-1
710	5.651000E-1
720	5.714000E-1
730	5.750000E-1
"7.5Y 8/12"	""	""	
380	7.060000E-2
390	5.660000E-2
400	5.280000E-2
410	5.210000E-2
420	5.130000E-2
430	5.220000E-2
440	5.460000E-2
450	5.810000E-2
460	6.370000E-2
470	7.340000E-2
480	8.600000E-2
490	1.022000E-1
500	1.259000E-1
510	1.832000E-1
520	3.164000E-1
530	5.059000E-1
540	6.726000E-1
550	7.560000E-1
560	7.735000E-1
570	7.718000E-1
580	7.536000E-1
590	7.230000E-1
600	6.779000E-1
610	6.305000E-1
620	5.960000E-1
630	5.758000E-1
640	5.620000E-1
650	5.492000E-1
660	5.408000E-1
670	5.426000E-1
680	5.543000E-1
690	5.712000E-1
700	5.911000E-1
710	6.067000E-1
720	6.080000E-1
730	6.013000E-1
"7.5Y 8.5/2"	""	""	
380	1.543000E-1
390	2.012000E-1
400	3.178000E-1
410	4.217000E-1
420	4.526000E-1
430	4.577000E-1
440	4.631000E-1
450	4.692000E-1
460	4.814000E-1
470	5.128000E-1
480	5.636000E-1
490	6.113000E-1
500	6.370000E-1
510	6.520000E-1
520	6.572000E-1
530	6.493000E-1
540	6.474000E-1
550	6.678000E-1
560	6.940000E-1
570	7.093000E-1
580	7.117000E-1
590	7.128000E-1
600	7.135000E-1
610	7.146000E-1
620	7.147000E-1
630	7.140000E-1
640	7.125000E-1
650	7.121000E-1
660	7.126000E-1
670	7.125000E-1
680	7.125000E-1
690	7.119000E-1
700	7.117000E-1
710	7.116000E-1
720	7.103000E-1
730	7.114000E-1
"7.5Y 8.5/4"	""	""	
380	1.423000E-1
390	1.738000E-1
400	2.378000E-1
410	2.832000E-1
420	2.951000E-1
430	3.024000E-1
440	3.130000E-1
450	3.315000E-1
460	3.613000E-1
470	4.055000E-1
480	4.662000E-1
490	5.362000E-1
500	5.922000E-1
510	6.235000E-1
520	6.368000E-1
530	6.402000E-1
540	6.435000E-1
550	6.548000E-1
560	6.737000E-1
570	7.014000E-1
580	7.189000E-1
590	7.280000E-1
600	7.320000E-1
610	7.343000E-1
620	7.346000E-1
630	7.337000E-1
640	7.322000E-1
650	7.314000E-1
660	7.318000E-1
670	7.317000E-1
680	7.322000E-1
690	7.318000E-1
700	7.315000E-1
710	7.315000E-1
720	7.302000E-1
730	7.309000E-1
"7.5Y 8.5/6"	""	""	
380	1.314000E-1
390	1.504000E-1
400	1.859000E-1
410	2.067000E-1
420	2.097000E-1
430	2.112000E-1
440	2.167000E-1
450	2.228000E-1
460	2.356000E-1
470	2.725000E-1
480	3.478000E-1
490	4.518000E-1
500	5.450000E-1
510	6.079000E-1
520	6.396000E-1
530	6.426000E-1
540	6.459000E-1
550	6.752000E-1
560	7.135000E-1
570	7.376000E-1
580	7.456000E-1
590	7.506000E-1
600	7.536000E-1
610	7.566000E-1
620	7.589000E-1
630	7.608000E-1
640	7.622000E-1
650	7.643000E-1
660	7.668000E-1
670	7.678000E-1
680	7.693000E-1
690	7.703000E-1
700	7.718000E-1
710	7.741000E-1
720	7.754000E-1
730	7.785000E-1
"7.5Y 8.5/8"	""	""	
380	1.192000E-1
390	1.240000E-1
400	1.417000E-1
410	1.518000E-1
420	1.528000E-1
430	1.548000E-1
440	1.586000E-1
450	1.668000E-1
460	1.820000E-1
470	2.071000E-1
480	2.481000E-1
490	3.162000E-1
500	4.176000E-1
510	5.383000E-1
520	6.415000E-1
530	6.961000E-1
540	7.155000E-1
550	7.283000E-1
560	7.462000E-1
570	7.689000E-1
580	7.787000E-1
590	7.840000E-1
600	7.866000E-1
610	7.896000E-1
620	7.914000E-1
630	7.923000E-1
640	7.927000E-1
650	7.938000E-1
660	7.960000E-1
670	7.984000E-1
680	8.006000E-1
690	8.022000E-1
700	8.041000E-1
710	8.060000E-1
720	8.069000E-1
730	8.085000E-1
"7.5Y 8.5/10"	""	""	
380	1.006000E-1
390	9.090000E-2
400	9.410000E-2
410	9.220000E-2
420	9.200000E-2
430	9.360000E-2
440	9.610000E-2
450	1.018000E-1
460	1.131000E-1
470	1.319000E-1
480	1.630000E-1
490	2.132000E-1
500	2.970000E-1
510	4.316000E-1
520	5.919000E-1
530	7.035000E-1
540	7.521000E-1
550	7.709000E-1
560	7.750000E-1
570	7.797000E-1
580	7.798000E-1
590	7.811000E-1
600	7.804000E-1
610	7.811000E-1
620	7.850000E-1
630	7.907000E-1
640	7.958000E-1
650	8.012000E-1
660	8.031000E-1
670	7.968000E-1
680	7.976000E-1
690	8.053000E-1
700	8.112000E-1
710	8.169000E-1
720	8.214000E-1
730	8.281000E-1
"7.5Y 8.5/12"	""	""	
380	7.670000E-2
390	5.600000E-2
400	5.480000E-2
410	5.030000E-2
420	4.940000E-2
430	5.080000E-2
440	5.230000E-2
450	5.690000E-2
460	6.560000E-2
470	8.080000E-2
480	1.072000E-1
490	1.547000E-1
500	2.466000E-1
510	4.165000E-1
520	6.179000E-1
530	7.411000E-1
540	7.844000E-1
550	7.973000E-1
560	7.980000E-1
570	8.019000E-1
580	8.004000E-1
590	8.004000E-1
600	8.014000E-1
610	8.051000E-1
620	8.104000E-1
630	8.167000E-1
640	8.238000E-1
650	8.332000E-1
660	8.457000E-1
670	8.584000E-1
680	8.723000E-1
690	8.847000E-1
700	8.952000E-1
710	9.048000E-1
720	9.108000E-1
730	9.154000E-1
"7.5Y 9/2"	""	""	
380	1.729000E-1
390	2.077000E-1
400	3.431000E-1
410	4.963000E-1
420	5.532000E-1
430	5.617000E-1
440	5.633000E-1
450	5.664000E-1
460	5.714000E-1
470	5.738000E-1
480	5.741000E-1
490	5.764000E-1
500	5.879000E-1
510	6.378000E-1
520	7.272000E-1
530	7.934000E-1
540	8.199000E-1
550	8.292000E-1
560	8.284000E-1
570	8.302000E-1
580	8.262000E-1
590	8.224000E-1
600	8.161000E-1
610	8.088000E-1
620	8.012000E-1
630	7.944000E-1
640	7.877000E-1
650	7.816000E-1
660	7.784000E-1
670	7.777000E-1
680	7.807000E-1
690	7.839000E-1
700	7.892000E-1
710	7.944000E-1
720	7.969000E-1
730	7.983000E-1
"7.5Y 9/4"	""	""	
380	1.572000E-1
390	1.858000E-1
400	2.623000E-1
410	3.235000E-1
420	3.420000E-1
430	3.508000E-1
440	3.626000E-1
450	3.830000E-1
460	4.158000E-1
470	4.642000E-1
480	5.306000E-1
490	6.098000E-1
500	6.787000E-1
510	7.213000E-1
520	7.415000E-1
530	7.485000E-1
540	7.539000E-1
550	7.669000E-1
560	7.873000E-1
570	8.172000E-1
580	8.358000E-1
590	8.462000E-1
600	8.511000E-1
610	8.549000E-1
620	8.568000E-1
630	8.574000E-1
640	8.570000E-1
650	8.575000E-1
660	8.592000E-1
670	8.608000E-1
680	8.629000E-1
690	8.635000E-1
700	8.648000E-1
710	8.659000E-1
720	8.662000E-1
730	8.679000E-1
"7.5Y 9/6"	""	""	
380	1.510000E-1
390	1.612000E-1
400	2.001000E-1
410	2.240000E-1
420	2.300000E-1
430	2.372000E-1
440	2.493000E-1
450	2.691000E-1
460	3.021000E-1
470	3.530000E-1
480	4.287000E-1
490	5.280000E-1
500	6.285000E-1
510	7.035000E-1
520	7.441000E-1
530	7.608000E-1
540	7.724000E-1
550	7.926000E-1
560	8.191000E-1
570	8.513000E-1
580	8.694000E-1
590	8.791000E-1
600	8.827000E-1
610	8.858000E-1
620	8.888000E-1
630	8.923000E-1
640	8.956000E-1
650	8.993000E-1
660	9.028000E-1
670	9.036000E-1
680	9.042000E-1
690	9.048000E-1
700	9.069000E-1
710	9.107000E-1
720	9.128000E-1
730	9.174000E-1
"7.5Y 9/8"	""	""	
380	1.266000E-1
390	1.347000E-1
400	1.625000E-1
410	1.780000E-1
420	1.806000E-1
430	1.827000E-1
440	1.870000E-1
450	1.972000E-1
460	2.145000E-1
470	2.430000E-1
480	2.885000E-1
490	3.631000E-1
500	4.747000E-1
510	6.118000E-1
520	7.328000E-1
530	7.996000E-1
540	8.283000E-1
550	8.424000E-1
560	8.451000E-1
570	8.543000E-1
580	8.759000E-1
590	8.938000E-1
600	8.964000E-1
610	8.947000E-1
620	8.916000E-1
630	8.884000E-1
640	8.849000E-1
650	8.825000E-1
660	8.825000E-1
670	8.837000E-1
680	8.874000E-1
690	8.907000E-1
700	8.956000E-1
710	8.997000E-1
720	9.005000E-1
730	9.028000E-1
"7.5Y 9/10"	""	""	
380	1.098000E-1
390	1.044000E-1
400	1.102000E-1
410	1.124000E-1
420	1.118000E-1
430	1.136000E-1
440	1.180000E-1
450	1.263000E-1
460	1.411000E-1
470	1.663000E-1
480	2.071000E-1
490	2.714000E-1
500	3.735000E-1
510	5.294000E-1
520	7.033000E-1
530	8.182000E-1
540	8.677000E-1
550	8.885000E-1
560	8.946000E-1
570	9.030000E-1
580	9.049000E-1
590	9.077000E-1
600	9.097000E-1
610	9.131000E-1
620	9.152000E-1
630	9.167000E-1
640	9.175000E-1
650	9.195000E-1
660	9.223000E-1
670	9.251000E-1
680	9.289000E-1
690	9.323000E-1
700	9.347000E-1
710	9.381000E-1
720	9.398000E-1
730	9.430000E-1
"10Y 2.5/1"	""	""	
380	3.470000E-2
390	3.730000E-2
400	3.750000E-2
410	3.950000E-2
420	3.850000E-2
430	3.880000E-2
440	3.880000E-2
450	3.850000E-2
460	3.790000E-2
470	3.810000E-2
480	3.790000E-2
490	3.830000E-2
500	3.920000E-2
510	4.210000E-2
520	4.580000E-2
530	4.720000E-2
540	4.710000E-2
550	4.700000E-2
560	4.700000E-2
570	4.740000E-2
580	4.720000E-2
590	4.680000E-2
600	4.630000E-2
610	4.590000E-2
620	4.540000E-2
630	4.500000E-2
640	4.470000E-2
650	4.430000E-2
660	4.400000E-2
670	4.380000E-2
680	4.390000E-2
690	4.370000E-2
700	4.340000E-2
710	4.320000E-2
720	4.300000E-2
730	4.280000E-2
"10Y 3/1"	""	""	
380	4.630000E-2
390	5.510000E-2
400	5.550000E-2
410	5.800000E-2
420	5.640000E-2
430	5.610000E-2
440	5.560000E-2
450	5.540000E-2
460	5.530000E-2
470	5.500000E-2
480	5.480000E-2
490	5.510000E-2
500	5.630000E-2
510	6.030000E-2
520	6.620000E-2
530	6.870000E-2
540	6.890000E-2
550	6.930000E-2
560	6.990000E-2
570	7.060000E-2
580	7.020000E-2
590	6.940000E-2
600	6.840000E-2
610	6.750000E-2
620	6.650000E-2
630	6.570000E-2
640	6.480000E-2
650	6.430000E-2
660	6.360000E-2
670	6.340000E-2
680	6.310000E-2
690	6.290000E-2
700	6.270000E-2
710	6.260000E-2
720	6.250000E-2
730	6.220000E-2
"10Y 3/2"	""	""	
380	3.500000E-2
390	3.650000E-2
400	3.750000E-2
410	3.840000E-2
420	3.840000E-2
430	3.820000E-2
440	3.850000E-2
450	3.830000E-2
460	3.830000E-2
470	3.860000E-2
480	3.870000E-2
490	3.970000E-2
500	4.230000E-2
510	5.040000E-2
520	6.330000E-2
530	6.980000E-2
540	7.040000E-2
550	6.930000E-2
560	6.780000E-2
570	6.690000E-2
580	6.570000E-2
590	6.480000E-2
600	6.390000E-2
610	6.330000E-2
620	6.260000E-2
630	6.210000E-2
640	6.140000E-2
650	6.120000E-2
660	6.080000E-2
670	6.040000E-2
680	6.000000E-2
690	5.980000E-2
700	5.970000E-2
710	5.950000E-2
720	5.900000E-2
730	5.890000E-2
"10Y 4/1"	""	""	
380	6.660000E-2
390	7.900000E-2
400	8.980000E-2
410	9.460000E-2
420	9.390000E-2
430	9.330000E-2
440	9.230000E-2
450	9.250000E-2
460	9.230000E-2
470	9.240000E-2
480	9.180000E-2
490	9.230000E-2
500	9.420000E-2
510	1.032000E-1
520	1.170000E-1
530	1.237000E-1
540	1.242000E-1
550	1.230000E-1
560	1.207000E-1
570	1.196000E-1
580	1.193000E-1
590	1.194000E-1
600	1.188000E-1
610	1.181000E-1
620	1.170000E-1
630	1.160000E-1
640	1.148000E-1
650	1.138000E-1
660	1.131000E-1
670	1.123000E-1
680	1.117000E-1
690	1.107000E-1
700	1.101000E-1
710	1.097000E-1
720	1.088000E-1
730	1.087000E-1
"10Y 4/2"	""	""	
380	5.850000E-2
390	6.830000E-2
400	7.450000E-2
410	7.730000E-2
420	7.630000E-2
430	7.580000E-2
440	7.580000E-2
450	7.570000E-2
460	7.610000E-2
470	7.660000E-2
480	7.660000E-2
490	7.750000E-2
500	8.060000E-2
510	9.290000E-2
520	1.134000E-1
530	1.256000E-1
540	1.290000E-1
550	1.308000E-1
560	1.325000E-1
570	1.342000E-1
580	1.326000E-1
590	1.290000E-1
600	1.243000E-1
610	1.197000E-1
620	1.167000E-1
630	1.145000E-1
640	1.126000E-1
650	1.110000E-1
660	1.107000E-1
670	1.112000E-1
680	1.123000E-1
690	1.128000E-1
700	1.134000E-1
710	1.130000E-1
720	1.117000E-1
730	1.112000E-1
"10Y 4/4"	""	""	
380	4.030000E-2
390	4.350000E-2
400	4.250000E-2
410	4.380000E-2
420	4.390000E-2
430	4.390000E-2
440	4.420000E-2
450	4.440000E-2
460	4.470000E-2
470	4.500000E-2
480	4.560000E-2
490	4.730000E-2
500	5.210000E-2
510	6.990000E-2
520	1.059000E-1
530	1.341000E-1
540	1.434000E-1
550	1.438000E-1
560	1.414000E-1
570	1.394000E-1
580	1.364000E-1
590	1.337000E-1
600	1.303000E-1
610	1.266000E-1
620	1.232000E-1
630	1.204000E-1
640	1.182000E-1
650	1.160000E-1
660	1.147000E-1
670	1.145000E-1
680	1.150000E-1
690	1.158000E-1
700	1.165000E-1
710	1.168000E-1
720	1.158000E-1
730	1.141000E-1
"10Y 5/1"	""	""	
380	9.290000E-2
390	1.194000E-1
400	1.484000E-1
410	1.630000E-1
420	1.634000E-1
430	1.619000E-1
440	1.610000E-1
450	1.604000E-1
460	1.602000E-1
470	1.597000E-1
480	1.586000E-1
490	1.584000E-1
500	1.608000E-1
510	1.726000E-1
520	1.896000E-1
530	1.975000E-1
540	1.986000E-1
550	1.985000E-1
560	1.977000E-1
570	1.980000E-1
580	1.969000E-1
590	1.956000E-1
600	1.941000E-1
610	1.929000E-1
620	1.914000E-1
630	1.898000E-1
640	1.879000E-1
650	1.867000E-1
660	1.853000E-1
670	1.839000E-1
680	1.829000E-1
690	1.816000E-1
700	1.802000E-1
710	1.792000E-1
720	1.779000E-1
730	1.766000E-1
"10Y 5/2"	""	""	
380	7.940000E-2
390	1.003000E-1
400	1.209000E-1
410	1.297000E-1
420	1.289000E-1
430	1.285000E-1
440	1.280000E-1
450	1.292000E-1
460	1.301000E-1
470	1.306000E-1
480	1.309000E-1
490	1.317000E-1
500	1.362000E-1
510	1.554000E-1
520	1.877000E-1
530	2.075000E-1
540	2.122000E-1
550	2.122000E-1
560	2.098000E-1
570	2.082000E-1
580	2.057000E-1
590	2.036000E-1
600	2.015000E-1
610	1.996000E-1
620	1.976000E-1
630	1.955000E-1
640	1.933000E-1
650	1.915000E-1
660	1.897000E-1
670	1.882000E-1
680	1.873000E-1
690	1.861000E-1
700	1.851000E-1
710	1.841000E-1
720	1.830000E-1
730	1.822000E-1
"10Y 5/4"	""	""	
380	7.080000E-2
390	7.970000E-2
400	8.230000E-2
410	8.390000E-2
420	8.350000E-2
430	8.290000E-2
440	8.280000E-2
450	8.390000E-2
460	8.490000E-2
470	8.570000E-2
480	8.640000E-2
490	8.820000E-2
500	9.360000E-2
510	1.166000E-1
520	1.645000E-1
530	2.036000E-1
540	2.194000E-1
550	2.263000E-1
560	2.311000E-1
570	2.345000E-1
580	2.305000E-1
590	2.208000E-1
600	2.075000E-1
610	1.962000E-1
620	1.890000E-1
630	1.843000E-1
640	1.805000E-1
650	1.772000E-1
660	1.767000E-1
670	1.795000E-1
680	1.836000E-1
690	1.869000E-1
700	1.889000E-1
710	1.893000E-1
720	1.868000E-1
730	1.855000E-1
"10Y 5/6"	""	""	
380	4.960000E-2
390	5.050000E-2
400	4.990000E-2
410	4.890000E-2
420	4.950000E-2
430	4.960000E-2
440	4.950000E-2
450	5.020000E-2
460	5.060000E-2
470	5.110000E-2
480	5.190000E-2
490	5.380000E-2
500	5.960000E-2
510	8.300000E-2
520	1.410000E-1
530	2.024000E-1
540	2.326000E-1
550	2.400000E-1
560	2.373000E-1
570	2.332000E-1
580	2.264000E-1
590	2.181000E-1
600	2.065000E-1
610	1.928000E-1
620	1.818000E-1
630	1.742000E-1
640	1.683000E-1
650	1.628000E-1
660	1.594000E-1
670	1.596000E-1
680	1.626000E-1
690	1.661000E-1
700	1.706000E-1
710	1.734000E-1
720	1.721000E-1
730	1.707000E-1
"10Y 6/1"	""	""	
380	1.171000E-1
390	1.543000E-1
400	2.129000E-1
410	2.480000E-1
420	2.531000E-1
430	2.515000E-1
440	2.503000E-1
450	2.503000E-1
460	2.507000E-1
470	2.506000E-1
480	2.493000E-1
490	2.493000E-1
500	2.522000E-1
510	2.682000E-1
520	2.929000E-1
530	3.049000E-1
540	3.065000E-1
550	3.059000E-1
560	3.037000E-1
570	3.042000E-1
580	3.035000E-1
590	3.030000E-1
600	3.017000E-1
610	3.000000E-1
620	2.980000E-1
630	2.963000E-1
640	2.947000E-1
650	2.929000E-1
660	2.914000E-1
670	2.890000E-1
680	2.861000E-1
690	2.826000E-1
700	2.805000E-1
710	2.802000E-1
720	2.805000E-1
730	2.817000E-1
"10Y 6/2"	""	""	
380	1.157000E-1
390	1.444000E-1
400	1.915000E-1
410	2.155000E-1
420	2.175000E-1
430	2.166000E-1
440	2.157000E-1
450	2.166000E-1
460	2.182000E-1
470	2.193000E-1
480	2.189000E-1
490	2.197000E-1
500	2.250000E-1
510	2.500000E-1
520	2.926000E-1
530	3.183000E-1
540	3.249000E-1
550	3.256000E-1
560	3.232000E-1
570	3.223000E-1
580	3.187000E-1
590	3.156000E-1
600	3.119000E-1
610	3.087000E-1
620	3.058000E-1
630	3.030000E-1
640	3.004000E-1
650	2.978000E-1
660	2.959000E-1
670	2.948000E-1
680	2.944000E-1
690	2.931000E-1
700	2.917000E-1
710	2.903000E-1
720	2.880000E-1
730	2.872000E-1
"10Y 6/4"	""	""	
380	9.390000E-2
390	1.064000E-1
400	1.307000E-1
410	1.380000E-1
420	1.368000E-1
430	1.376000E-1
440	1.378000E-1
450	1.392000E-1
460	1.412000E-1
470	1.427000E-1
480	1.432000E-1
490	1.452000E-1
500	1.534000E-1
510	1.872000E-1
520	2.543000E-1
530	3.079000E-1
540	3.281000E-1
550	3.319000E-1
560	3.292000E-1
570	3.266000E-1
580	3.209000E-1
590	3.147000E-1
600	3.067000E-1
610	2.971000E-1
620	2.876000E-1
630	2.800000E-1
640	2.732000E-1
650	2.667000E-1
660	2.615000E-1
670	2.590000E-1
680	2.587000E-1
690	2.602000E-1
700	2.619000E-1
710	2.634000E-1
720	2.629000E-1
730	2.623000E-1
"10Y 6/6"	""	""	
380	7.890000E-2
390	7.700000E-2
400	8.560000E-2
410	8.700000E-2
420	8.500000E-2
430	8.550000E-2
440	8.540000E-2
450	8.620000E-2
460	8.800000E-2
470	8.930000E-2
480	9.030000E-2
490	9.250000E-2
500	9.990000E-2
510	1.323000E-1
520	2.145000E-1
530	3.075000E-1
540	3.565000E-1
550	3.674000E-1
560	3.602000E-1
570	3.508000E-1
580	3.392000E-1
590	3.267000E-1
600	3.111000E-1
610	2.938000E-1
620	2.793000E-1
630	2.692000E-1
640	2.612000E-1
650	2.536000E-1
660	2.473000E-1
670	2.441000E-1
680	2.436000E-1
690	2.450000E-1
700	2.488000E-1
710	2.537000E-1
720	2.554000E-1
730	2.573000E-1
"10Y 6/8"	""	""	
380	7.020000E-2
390	5.960000E-2
400	5.750000E-2
410	5.790000E-2
420	5.610000E-2
430	5.580000E-2
440	5.630000E-2
450	5.660000E-2
460	5.730000E-2
470	5.800000E-2
480	5.930000E-2
490	6.160000E-2
500	6.780000E-2
510	9.540000E-2
520	1.769000E-1
530	2.931000E-1
540	3.780000E-1
550	4.108000E-1
560	4.111000E-1
570	4.021000E-1
580	3.848000E-1
590	3.610000E-1
600	3.277000E-1
610	2.925000E-1
620	2.664000E-1
630	2.505000E-1
640	2.392000E-1
650	2.290000E-1
660	2.230000E-1
670	2.243000E-1
680	2.315000E-1
690	2.419000E-1
700	2.539000E-1
710	2.625000E-1
720	2.627000E-1
730	2.598000E-1
"10Y 7/1"	""	""	
380	1.367000E-1
390	1.779000E-1
400	2.718000E-1
410	3.474000E-1
420	3.650000E-1
430	3.653000E-1
440	3.646000E-1
450	3.650000E-1
460	3.664000E-1
470	3.666000E-1
480	3.650000E-1
490	3.651000E-1
500	3.689000E-1
510	3.897000E-1
520	4.222000E-1
530	4.383000E-1
540	4.408000E-1
550	4.401000E-1
560	4.358000E-1
570	4.346000E-1
580	4.340000E-1
590	4.347000E-1
600	4.339000E-1
610	4.327000E-1
620	4.308000E-1
630	4.284000E-1
640	4.257000E-1
650	4.239000E-1
660	4.219000E-1
670	4.201000E-1
680	4.188000E-1
690	4.171000E-1
700	4.151000E-1
710	4.136000E-1
720	4.108000E-1
730	4.100000E-1
"10Y 7/2"	""	""	
380	1.265000E-1
390	1.670000E-1
400	2.420000E-1
410	2.950000E-1
420	3.051000E-1
430	3.052000E-1
440	3.055000E-1
450	3.078000E-1
460	3.103000E-1
470	3.120000E-1
480	3.118000E-1
490	3.131000E-1
500	3.210000E-1
510	3.552000E-1
520	4.113000E-1
530	4.457000E-1
540	4.558000E-1
550	4.577000E-1
560	4.548000E-1
570	4.538000E-1
580	4.498000E-1
590	4.463000E-1
600	4.420000E-1
610	4.371000E-1
620	4.319000E-1
630	4.267000E-1
640	4.217000E-1
650	4.167000E-1
660	4.132000E-1
670	4.109000E-1
680	4.104000E-1
690	4.103000E-1
700	4.104000E-1
710	4.106000E-1
720	4.088000E-1
730	4.072000E-1
"10Y 7/4"	""	""	
380	1.091000E-1
390	1.204000E-1
400	1.425000E-1
410	1.583000E-1
420	1.658000E-1
430	1.786000E-1
440	1.980000E-1
450	2.172000E-1
460	2.260000E-1
470	2.307000E-1
480	2.366000E-1
490	2.477000E-1
500	2.660000E-1
510	2.937000E-1
520	3.317000E-1
530	3.790000E-1
540	4.312000E-1
550	4.766000E-1
560	5.002000E-1
570	5.078000E-1
580	4.999000E-1
590	4.821000E-1
600	4.533000E-1
610	4.222000E-1
620	3.976000E-1
630	3.811000E-1
640	3.677000E-1
650	3.559000E-1
660	3.473000E-1
670	3.438000E-1
680	3.448000E-1
690	3.492000E-1
700	3.582000E-1
710	3.684000E-1
720	3.735000E-1
730	3.772000E-1
"10Y 7/6"	""	""	
380	1.029000E-1
390	1.151000E-1
400	1.322000E-1
410	1.410000E-1
420	1.408000E-1
430	1.406000E-1
440	1.421000E-1
450	1.454000E-1
460	1.483000E-1
470	1.504000E-1
480	1.517000E-1
490	1.539000E-1
500	1.642000E-1
510	2.129000E-1
520	3.251000E-1
530	4.433000E-1
540	5.079000E-1
550	5.280000E-1
560	5.252000E-1
570	5.170000E-1
580	5.012000E-1
590	4.804000E-1
600	4.537000E-1
610	4.285000E-1
620	4.107000E-1
630	3.998000E-1
640	3.923000E-1
650	3.862000E-1
660	3.835000E-1
670	3.866000E-1
680	3.945000E-1
690	4.033000E-1
700	4.114000E-1
710	4.149000E-1
720	4.122000E-1
730	4.125000E-1
"10Y 7/8"	""	""	
380	8.960000E-2
390	9.040000E-2
400	9.470000E-2
410	9.720000E-2
420	9.500000E-2
430	9.420000E-2
440	9.540000E-2
450	9.700000E-2
460	9.880000E-2
470	1.006000E-1
480	1.016000E-1
490	1.039000E-1
500	1.130000E-1
510	1.560000E-1
520	2.682000E-1
530	4.148000E-1
540	5.215000E-1
550	5.665000E-1
560	5.693000E-1
570	5.587000E-1
580	5.370000E-1
590	5.077000E-1
600	4.669000E-1
610	4.238000E-1
620	3.916000E-1
630	3.719000E-1
640	3.572000E-1
650	3.439000E-1
660	3.357000E-1
670	3.371000E-1
680	3.462000E-1
690	3.588000E-1
700	3.740000E-1
710	3.851000E-1
720	3.848000E-1
730	3.811000E-1
"10Y 7/10"	""	""	
380	6.130000E-2
390	5.280000E-2
400	4.890000E-2
410	4.780000E-2
420	4.780000E-2
430	4.870000E-2
440	5.070000E-2
450	5.420000E-2
460	6.110000E-2
470	7.380000E-2
480	9.570000E-2
490	1.331000E-1
500	1.975000E-1
510	2.953000E-1
520	3.948000E-1
530	4.549000E-1
540	4.791000E-1
550	4.877000E-1
560	4.878000E-1
570	4.886000E-1
580	4.851000E-1
590	4.804000E-1
600	4.718000E-1
610	4.605000E-1
620	4.499000E-1
630	4.426000E-1
640	4.368000E-1
650	4.311000E-1
660	4.286000E-1
670	4.322000E-1
680	4.402000E-1
690	4.489000E-1
700	4.579000E-1
710	4.640000E-1
720	4.635000E-1
730	4.627000E-1
"10Y 8/1"	""	""	
380	1.579000E-1
390	1.999000E-1
400	3.266000E-1
410	4.593000E-1
420	5.041000E-1
430	5.093000E-1
440	5.088000E-1
450	5.101000E-1
460	5.119000E-1
470	5.119000E-1
480	5.107000E-1
490	5.112000E-1
500	5.164000E-1
510	5.406000E-1
520	5.762000E-1
530	5.939000E-1
540	5.977000E-1
550	5.987000E-1
560	5.958000E-1
570	5.964000E-1
580	5.938000E-1
590	5.925000E-1
600	5.913000E-1
610	5.911000E-1
620	5.900000E-1
630	5.883000E-1
640	5.862000E-1
650	5.850000E-1
660	5.840000E-1
670	5.831000E-1
680	5.824000E-1
690	5.812000E-1
700	5.800000E-1
710	5.790000E-1
720	5.770000E-1
730	5.765000E-1
"10Y 8/2"	""	""	
380	1.527000E-1
390	1.943000E-1
400	3.004000E-1
410	3.922000E-1
420	4.168000E-1
430	4.177000E-1
440	4.171000E-1
450	4.200000E-1
460	4.239000E-1
470	4.272000E-1
480	4.285000E-1
490	4.298000E-1
500	4.375000E-1
510	4.776000E-1
520	5.457000E-1
530	5.853000E-1
540	5.979000E-1
550	6.109000E-1
560	6.202000E-1
570	6.238000E-1
580	6.176000E-1
590	6.098000E-1
600	5.986000E-1
610	5.864000E-1
620	5.744000E-1
630	5.647000E-1
640	5.559000E-1
650	5.478000E-1
660	5.416000E-1
670	5.387000E-1
680	5.382000E-1
690	5.391000E-1
700	5.423000E-1
710	5.454000E-1
720	5.451000E-1
730	5.447000E-1
"10Y 8/4"	""	""	
380	1.402000E-1
390	1.670000E-1
400	2.222000E-1
410	2.617000E-1
420	2.701000E-1
430	2.735000E-1
440	2.788000E-1
450	2.898000E-1
460	3.087000E-1
470	3.370000E-1
480	3.776000E-1
490	4.349000E-1
500	4.993000E-1
510	5.515000E-1
520	5.787000E-1
530	5.854000E-1
540	5.852000E-1
550	5.866000E-1
560	5.892000E-1
570	6.023000E-1
580	6.146000E-1
590	6.235000E-1
600	6.212000E-1
610	6.142000E-1
620	6.104000E-1
630	6.099000E-1
640	6.108000E-1
650	6.172000E-1
660	6.280000E-1
670	6.330000E-1
680	6.296000E-1
690	6.237000E-1
700	6.147000E-1
710	6.070000E-1
720	6.135000E-1
730	6.408000E-1
"10Y 8/6"	""	""	
380	1.283000E-1
390	1.557000E-1
400	1.963000E-1
410	2.164000E-1
420	2.174000E-1
430	2.171000E-1
440	2.189000E-1
450	2.231000E-1
460	2.282000E-1
470	2.313000E-1
480	2.329000E-1
490	2.356000E-1
500	2.481000E-1
510	3.093000E-1
520	4.471000E-1
530	5.936000E-1
540	6.812000E-1
550	7.132000E-1
560	7.122000E-1
570	7.043000E-1
580	6.853000E-1
590	6.601000E-1
600	6.230000E-1
610	5.822000E-1
620	5.500000E-1
630	5.298000E-1
640	5.144000E-1
650	5.005000E-1
660	4.920000E-1
670	4.949000E-1
680	5.060000E-1
690	5.207000E-1
700	5.370000E-1
710	5.490000E-1
720	5.486000E-1
730	5.451000E-1
"10Y 8/8"	""	""	
380	1.011000E-1
390	9.900000E-2
400	1.049000E-1
410	1.063000E-1
420	1.072000E-1
430	1.106000E-1
440	1.168000E-1
450	1.269000E-1
460	1.439000E-1
470	1.711000E-1
480	2.112000E-1
490	2.708000E-1
500	3.606000E-1
510	4.751000E-1
520	5.715000E-1
530	6.209000E-1
540	6.386000E-1
550	6.438000E-1
560	6.422000E-1
570	6.451000E-1
580	6.433000E-1
590	6.390000E-1
600	6.306000E-1
610	6.210000E-1
620	6.123000E-1
630	6.055000E-1
640	6.000000E-1
650	5.944000E-1
660	5.909000E-1
670	5.910000E-1
680	5.946000E-1
690	5.988000E-1
700	6.032000E-1
710	6.069000E-1
720	6.061000E-1
730	6.044000E-1
"10Y 8/10"	""	""	
380	8.520000E-2
390	6.980000E-2
400	6.680000E-2
410	6.620000E-2
420	6.580000E-2
430	6.750000E-2
440	7.150000E-2
450	7.780000E-2
460	8.910000E-2
470	1.080000E-1
480	1.380000E-1
490	1.869000E-1
500	2.709000E-1
510	3.983000E-1
520	5.314000E-1
530	6.161000E-1
540	6.521000E-1
550	6.648000E-1
560	6.661000E-1
570	6.707000E-1
580	6.699000E-1
590	6.639000E-1
600	6.494000E-1
610	6.311000E-1
620	6.154000E-1
630	6.055000E-1
640	5.982000E-1
650	5.912000E-1
660	5.875000E-1
670	5.905000E-1
680	5.994000E-1
690	6.105000E-1
700	6.236000E-1
710	6.339000E-1
720	6.357000E-1
730	6.356000E-1
"10Y 8/12"	""	""	
380	6.640000E-2
390	5.540000E-2
400	4.890000E-2
410	4.850000E-2
420	4.750000E-2
430	4.890000E-2
440	5.090000E-2
450	5.460000E-2
460	6.080000E-2
470	7.090000E-2
480	8.490000E-2
490	1.046000E-1
500	1.340000E-1
510	1.988000E-1
520	3.467000E-1
530	5.476000E-1
540	6.880000E-1
550	7.406000E-1
560	7.455000E-1
570	7.418000E-1
580	7.234000E-1
590	6.873000E-1
600	6.283000E-1
610	5.615000E-1
620	5.128000E-1
630	4.850000E-1
640	4.657000E-1
650	4.479000E-1
660	4.388000E-1
670	4.455000E-1
680	4.654000E-1
690	4.924000E-1
700	5.239000E-1
710	5.487000E-1
720	5.548000E-1
730	5.526000E-1
"10Y 8.5/1"	""	""	
380	1.679000E-1
390	2.086000E-1
400	3.439000E-1
410	5.053000E-1
420	5.656000E-1
430	5.749000E-1
440	5.780000E-1
450	5.829000E-1
460	5.918000E-1
470	6.052000E-1
480	6.225000E-1
490	6.432000E-1
500	6.636000E-1
510	6.814000E-1
520	6.906000E-1
530	6.898000E-1
540	6.897000E-1
550	6.980000E-1
560	7.037000E-1
570	7.094000E-1
580	7.087000E-1
590	7.091000E-1
600	7.092000E-1
610	7.107000E-1
620	7.109000E-1
630	7.102000E-1
640	7.090000E-1
650	7.089000E-1
660	7.089000E-1
670	7.097000E-1
680	7.100000E-1
690	7.096000E-1
700	7.098000E-1
710	7.104000E-1
720	7.094000E-1
730	7.101000E-1
"10Y 8.5/2"	""	""	
380	1.765000E-1
390	2.082000E-1
400	3.157000E-1
410	4.145000E-1
420	4.426000E-1
430	4.510000E-1
440	4.612000E-1
450	4.761000E-1
460	4.977000E-1
470	5.271000E-1
480	5.618000E-1
490	5.982000E-1
500	6.326000E-1
510	6.610000E-1
520	6.739000E-1
530	6.713000E-1
540	6.703000E-1
550	6.830000E-1
560	6.975000E-1
570	7.071000E-1
580	7.073000E-1
590	7.075000E-1
600	7.066000E-1
610	7.071000E-1
620	7.063000E-1
630	7.047000E-1
640	7.024000E-1
650	7.008000E-1
660	6.997000E-1
670	6.989000E-1
680	6.983000E-1
690	6.965000E-1
700	6.953000E-1
710	6.943000E-1
720	6.922000E-1
730	6.916000E-1
"10Y 8.5/4"	""	""	
380	1.499000E-1
390	1.772000E-1
400	2.396000E-1
410	2.868000E-1
420	3.009000E-1
430	3.087000E-1
440	3.202000E-1
450	3.396000E-1
460	3.704000E-1
470	4.160000E-1
480	4.784000E-1
490	5.508000E-1
500	6.105000E-1
510	6.451000E-1
520	6.608000E-1
530	6.648000E-1
540	6.667000E-1
550	6.739000E-1
560	6.849000E-1
570	7.029000E-1
580	7.117000E-1
590	7.162000E-1
600	7.177000E-1
610	7.189000E-1
620	7.192000E-1
630	7.189000E-1
640	7.180000E-1
650	7.176000E-1
660	7.171000E-1
670	7.162000E-1
680	7.166000E-1
690	7.165000E-1
700	7.165000E-1
710	7.184000E-1
720	7.188000E-1
730	7.213000E-1
"10Y 8.5/6"	""	""	
380	1.394000E-1
390	1.621000E-1
400	2.002000E-1
410	2.197000E-1
420	2.230000E-1
430	2.270000E-1
440	2.344000E-1
450	2.467000E-1
460	2.672000E-1
470	2.993000E-1
480	3.472000E-1
490	4.141000E-1
500	5.033000E-1
510	6.051000E-1
520	6.831000E-1
530	7.192000E-1
540	7.319000E-1
550	7.377000E-1
560	7.375000E-1
570	7.412000E-1
580	7.405000E-1
590	7.416000E-1
600	7.427000E-1
610	7.455000E-1
620	7.471000E-1
630	7.481000E-1
640	7.486000E-1
650	7.496000E-1
660	7.512000E-1
670	7.528000E-1
680	7.550000E-1
690	7.557000E-1
700	7.569000E-1
710	7.581000E-1
720	7.580000E-1
730	7.602000E-1
"10Y 8.5/8"	""	""	
380	1.164000E-1
390	1.223000E-1
400	1.334000E-1
410	1.379000E-1
420	1.368000E-1
430	1.379000E-1
440	1.426000E-1
450	1.483000E-1
460	1.606000E-1
470	1.955000E-1
480	2.690000E-1
490	3.795000E-1
500	5.000000E-1
510	6.028000E-1
520	6.689000E-1
530	6.988000E-1
540	7.107000E-1
550	7.172000E-1
560	7.187000E-1
570	7.268000E-1
580	7.309000E-1
590	7.339000E-1
600	7.353000E-1
610	7.374000E-1
620	7.390000E-1
630	7.401000E-1
640	7.407000E-1
650	7.418000E-1
660	7.438000E-1
670	7.453000E-1
680	7.468000E-1
690	7.475000E-1
700	7.486000E-1
710	7.511000E-1
720	7.513000E-1
730	7.544000E-1
"10Y 8.5/10"	""	""	
380	9.910000E-2
390	9.020000E-2
400	9.060000E-2
410	9.030000E-2
420	9.020000E-2
430	9.160000E-2
440	9.510000E-2
450	1.017000E-1
460	1.133000E-1
470	1.333000E-1
480	1.667000E-1
490	2.208000E-1
500	3.108000E-1
510	4.493000E-1
520	6.074000E-1
530	7.224000E-1
540	7.767000E-1
550	7.969000E-1
560	7.986000E-1
570	7.979000E-1
580	7.870000E-1
590	7.702000E-1
600	7.443000E-1
610	7.180000E-1
620	6.980000E-1
630	6.863000E-1
640	6.786000E-1
650	6.726000E-1
660	6.714000E-1
670	6.792000E-1
680	6.940000E-1
690	7.106000E-1
700	7.272000E-1
710	7.381000E-1
720	7.405000E-1
730	7.459000E-1
"10Y 9/1"	""	""	
380	1.768000E-1
390	2.178000E-1
400	3.611000E-1
410	5.529000E-1
420	6.442000E-1
430	6.605000E-1
440	6.632000E-1
450	6.676000E-1
460	6.725000E-1
470	6.754000E-1
480	6.760000E-1
490	6.788000E-1
500	6.875000E-1
510	7.219000E-1
520	7.744000E-1
530	8.041000E-1
540	8.136000E-1
550	8.172000E-1
560	8.148000E-1
570	8.162000E-1
580	8.119000E-1
590	8.084000E-1
600	8.033000E-1
610	7.993000E-1
620	7.968000E-1
630	7.948000E-1
640	7.927000E-1
650	7.918000E-1
660	7.934000E-1
670	7.971000E-1
680	8.020000E-1
690	8.050000E-1
700	8.076000E-1
710	8.089000E-1
720	8.071000E-1
730	8.080000E-1
"10Y 9/2"	""	""	
380	1.746000E-1
390	2.154000E-1
400	3.390000E-1
410	4.614000E-1
420	5.032000E-1
430	5.178000E-1
440	5.318000E-1
450	5.518000E-1
460	5.789000E-1
470	6.135000E-1
480	6.518000E-1
490	6.927000E-1
500	7.318000E-1
510	7.647000E-1
520	7.818000E-1
530	7.815000E-1
540	7.816000E-1
550	7.949000E-1
560	8.081000E-1
570	8.181000E-1
580	8.190000E-1
590	8.204000E-1
600	8.209000E-1
610	8.225000E-1
620	8.230000E-1
630	8.228000E-1
640	8.220000E-1
650	8.221000E-1
660	8.225000E-1
670	8.231000E-1
680	8.239000E-1
690	8.234000E-1
700	8.238000E-1
710	8.241000E-1
720	8.233000E-1
730	8.246000E-1
"10Y 9/4"	""	""	
380	1.579000E-1
390	1.818000E-1
400	2.623000E-1
410	3.273000E-1
420	3.462000E-1
430	3.554000E-1
440	3.678000E-1
450	3.889000E-1
460	4.223000E-1
470	4.717000E-1
480	5.408000E-1
490	6.238000E-1
500	6.986000E-1
510	7.466000E-1
520	7.703000E-1
530	7.781000E-1
540	7.825000E-1
550	7.918000E-1
560	8.032000E-1
570	8.218000E-1
580	8.309000E-1
590	8.364000E-1
600	8.391000E-1
610	8.420000E-1
620	8.432000E-1
630	8.433000E-1
640	8.431000E-1
650	8.432000E-1
660	8.446000E-1
670	8.456000E-1
680	8.476000E-1
690	8.482000E-1
700	8.490000E-1
710	8.500000E-1
720	8.497000E-1
730	8.521000E-1
"10Y 9/6"	""	""	
380	1.472000E-1
390	1.661000E-1
400	2.143000E-1
410	2.465000E-1
420	2.523000E-1
430	2.570000E-1
440	2.642000E-1
450	2.766000E-1
460	2.988000E-1
470	3.369000E-1
480	3.955000E-1
490	4.725000E-1
500	5.692000E-1
510	6.789000E-1
520	7.635000E-1
530	8.035000E-1
540	8.189000E-1
550	8.277000E-1
560	8.297000E-1
570	8.361000E-1
580	8.373000E-1
590	8.401000E-1
600	8.425000E-1
610	8.458000E-1
620	8.484000E-1
630	8.496000E-1
640	8.504000E-1
650	8.519000E-1
660	8.541000E-1
670	8.565000E-1
680	8.595000E-1
690	8.612000E-1
700	8.637000E-1
710	8.661000E-1
720	8.668000E-1
730	8.698000E-1
"10Y 9/8"	""	""	
380	1.336000E-1
390	1.393000E-1
400	1.601000E-1
410	1.706000E-1
420	1.702000E-1
430	1.706000E-1
440	1.732000E-1
450	1.803000E-1
460	1.979000E-1
470	2.408000E-1
480	3.250000E-1
490	4.361000E-1
500	5.540000E-1
510	6.743000E-1
520	7.642000E-1
530	8.071000E-1
540	8.250000E-1
550	8.359000E-1
560	8.400000E-1
570	8.481000E-1
580	8.505000E-1
590	8.543000E-1
600	8.573000E-1
610	8.614000E-1
620	8.639000E-1
630	8.653000E-1
640	8.665000E-1
650	8.682000E-1
660	8.704000E-1
670	8.731000E-1
680	8.763000E-1
690	8.784000E-1
700	8.808000E-1
710	8.834000E-1
720	8.841000E-1
730	8.875000E-1
"10Y 9/10"	""	""	
380	1.010000E-1
390	9.230000E-2
400	8.890000E-2
410	8.880000E-2
420	8.760000E-2
430	8.960000E-2
440	9.480000E-2
450	1.056000E-1
460	1.260000E-1
470	1.641000E-1
480	2.280000E-1
490	3.219000E-1
500	4.449000E-1
510	5.926000E-1
520	7.293000E-1
530	8.093000E-1
540	8.416000E-1
550	8.532000E-1
560	8.539000E-1
570	8.622000E-1
580	8.659000E-1
590	8.632000E-1
600	8.525000E-1
610	8.392000E-1
620	8.284000E-1
630	8.222000E-1
640	8.180000E-1
650	8.144000E-1
660	8.128000E-1
670	8.151000E-1
680	8.237000E-1
690	8.340000E-1
700	8.448000E-1
710	8.530000E-1
720	8.543000E-1
730	8.553000E-1
"2.5GY 3/2"	""	""	
380	4.000000E-2
390	3.970000E-2
400	3.970000E-2
410	4.090000E-2
420	4.030000E-2
430	4.100000E-2
440	4.050000E-2
450	4.080000E-2
460	4.070000E-2
470	4.090000E-2
480	4.140000E-2
490	4.220000E-2
500	4.470000E-2
510	5.270000E-2
520	6.530000E-2
530	7.150000E-2
540	7.220000E-2
550	7.120000E-2
560	6.970000E-2
570	6.850000E-2
580	6.680000E-2
590	6.490000E-2
600	6.260000E-2
610	6.040000E-2
620	5.890000E-2
630	5.790000E-2
640	5.730000E-2
650	5.690000E-2
660	5.700000E-2
670	5.730000E-2
680	5.840000E-2
690	5.960000E-2
700	6.090000E-2
710	6.170000E-2
720	6.220000E-2
730	6.300000E-2
"2.5GY 4/2"	""	""	
380	5.730000E-2
390	6.650000E-2
400	7.050000E-2
410	7.200000E-2
420	7.140000E-2
430	7.200000E-2
440	7.320000E-2
450	7.500000E-2
460	7.910000E-2
470	8.540000E-2
480	9.390000E-2
490	1.030000E-1
500	1.122000E-1
510	1.184000E-1
520	1.208000E-1
530	1.204000E-1
540	1.193000E-1
550	1.193000E-1
560	1.196000E-1
570	1.207000E-1
580	1.205000E-1
590	1.197000E-1
600	1.187000E-1
610	1.179000E-1
620	1.168000E-1
630	1.157000E-1
640	1.145000E-1
650	1.136000E-1
660	1.129000E-1
670	1.120000E-1
680	1.115000E-1
690	1.106000E-1
700	1.102000E-1
710	1.095000E-1
720	1.091000E-1
730	1.083000E-1
"2.5GY 4/4"	""	""	
380	3.850000E-2
390	3.990000E-2
400	4.210000E-2
410	4.250000E-2
420	4.320000E-2
430	4.320000E-2
440	4.390000E-2
450	4.420000E-2
460	4.460000E-2
470	4.600000E-2
480	4.730000E-2
490	5.010000E-2
500	5.510000E-2
510	7.240000E-2
520	1.078000E-1
530	1.365000E-1
540	1.459000E-1
550	1.459000E-1
560	1.420000E-1
570	1.383000E-1
580	1.328000E-1
590	1.266000E-1
600	1.184000E-1
610	1.103000E-1
620	1.036000E-1
630	9.960000E-2
640	9.640000E-2
650	9.400000E-2
660	9.260000E-2
670	9.330000E-2
680	9.530000E-2
690	9.790000E-2
700	9.970000E-2
710	1.010000E-1
720	9.980000E-2
730	9.820000E-2
"2.5GY 5/2"	""	""	
380	9.130000E-2
390	1.022000E-1
400	1.236000E-1
410	1.305000E-1
420	1.294000E-1
430	1.293000E-1
440	1.283000E-1
450	1.305000E-1
460	1.306000E-1
470	1.320000E-1
480	1.321000E-1
490	1.335000E-1
500	1.378000E-1
510	1.571000E-1
520	1.867000E-1
530	2.035000E-1
540	2.068000E-1
550	2.062000E-1
560	2.029000E-1
570	2.011000E-1
580	1.974000E-1
590	1.940000E-1
600	1.889000E-1
610	1.839000E-1
620	1.783000E-1
630	1.741000E-1
640	1.696000E-1
650	1.659000E-1
660	1.625000E-1
670	1.613000E-1
680	1.605000E-1
690	1.615000E-1
700	1.616000E-1
710	1.628000E-1
720	1.612000E-1
730	1.607000E-1
"2.5GY 5/4"	""	""	
380	7.870000E-2
390	7.560000E-2
400	8.230000E-2
410	8.320000E-2
420	8.190000E-2
430	8.030000E-2
440	7.980000E-2
450	8.000000E-2
460	8.070000E-2
470	8.420000E-2
480	9.240000E-2
490	1.138000E-1
500	1.486000E-1
510	1.854000E-1
520	2.062000E-1
530	2.120000E-1
540	2.109000E-1
550	2.081000E-1
560	2.024000E-1
570	1.996000E-1
580	2.017000E-1
590	2.038000E-1
600	1.987000E-1
610	1.911000E-1
620	1.827000E-1
630	1.764000E-1
640	1.698000E-1
650	1.647000E-1
660	1.605000E-1
670	1.596000E-1
680	1.602000E-1
690	1.635000E-1
700	1.667000E-1
710	1.693000E-1
720	1.703000E-1
730	1.705000E-1
"2.5GY 5/6"	""	""	
380	4.590000E-2
390	4.910000E-2
400	4.760000E-2
410	4.820000E-2
420	4.820000E-2
430	4.790000E-2
440	4.860000E-2
450	4.870000E-2
460	4.930000E-2
470	4.970000E-2
480	5.070000E-2
490	5.260000E-2
500	5.850000E-2
510	8.310000E-2
520	1.447000E-1
530	2.138000E-1
540	2.494000E-1
550	2.550000E-1
560	2.461000E-1
570	2.337000E-1
580	2.169000E-1
590	1.971000E-1
600	1.765000E-1
610	1.614000E-1
620	1.527000E-1
630	1.476000E-1
640	1.438000E-1
650	1.408000E-1
660	1.410000E-1
670	1.447000E-1
680	1.505000E-1
690	1.560000E-1
700	1.601000E-1
710	1.606000E-1
720	1.582000E-1
730	1.562000E-1
"2.5GY 6/2"	""	""	
380	1.017000E-1
390	1.283000E-1
400	1.608000E-1
410	1.780000E-1
420	1.807000E-1
430	1.818000E-1
440	1.849000E-1
450	1.906000E-1
460	2.005000E-1
470	2.142000E-1
480	2.323000E-1
490	2.530000E-1
500	2.728000E-1
510	2.872000E-1
520	2.941000E-1
530	2.946000E-1
540	2.934000E-1
550	2.933000E-1
560	2.931000E-1
570	2.947000E-1
580	2.939000E-1
590	2.929000E-1
600	2.913000E-1
610	2.903000E-1
620	2.884000E-1
630	2.866000E-1
640	2.845000E-1
650	2.826000E-1
660	2.813000E-1
670	2.797000E-1
680	2.787000E-1
690	2.764000E-1
700	2.754000E-1
710	2.735000E-1
720	2.724000E-1
730	2.704000E-1
"2.5GY 6/4"	""	""	
380	8.580000E-2
390	9.570000E-2
400	1.091000E-1
410	1.156000E-1
420	1.165000E-1
430	1.172000E-1
440	1.198000E-1
450	1.236000E-1
460	1.309000E-1
470	1.520000E-1
480	1.935000E-1
490	2.462000E-1
500	2.853000E-1
510	3.032000E-1
520	3.097000E-1
530	3.105000E-1
540	3.099000E-1
550	3.096000E-1
560	3.078000E-1
570	3.080000E-1
580	3.067000E-1
590	3.060000E-1
600	3.052000E-1
610	3.053000E-1
620	3.047000E-1
630	3.036000E-1
640	3.025000E-1
650	3.016000E-1
660	3.012000E-1
670	3.006000E-1
680	3.003000E-1
690	2.997000E-1
700	2.990000E-1
710	2.982000E-1
720	2.971000E-1
730	2.969000E-1
"2.5GY 6/6"	""	""	
380	6.740000E-2
390	7.230000E-2
400	7.050000E-2
410	7.180000E-2
420	7.050000E-2
430	7.180000E-2
440	7.430000E-2
450	7.840000E-2
460	8.620000E-2
470	1.003000E-1
480	1.222000E-1
490	1.557000E-1
500	2.037000E-1
510	2.604000E-1
520	3.021000E-1
530	3.185000E-1
540	3.214000E-1
550	3.206000E-1
560	3.166000E-1
570	3.136000E-1
580	3.081000E-1
590	3.015000E-1
600	2.931000E-1
610	2.855000E-1
620	2.804000E-1
630	2.774000E-1
640	2.744000E-1
650	2.725000E-1
660	2.733000E-1
670	2.761000E-1
680	2.803000E-1
690	2.836000E-1
700	2.857000E-1
710	2.862000E-1
720	2.846000E-1
730	2.840000E-1
"2.5GY 6/8"	""	""	
380	5.990000E-2
390	6.220000E-2
400	5.880000E-2
410	5.950000E-2
420	5.830000E-2
430	5.750000E-2
440	5.690000E-2
450	5.710000E-2
460	5.830000E-2
470	6.060000E-2
480	6.600000E-2
490	7.740000E-2
500	9.580000E-2
510	1.234000E-1
520	1.824000E-1
530	2.920000E-1
540	3.858000E-1
550	4.145000E-1
560	4.087000E-1
570	3.931000E-1
580	3.677000E-1
590	3.344000E-1
600	2.918000E-1
610	2.491000E-1
620	2.178000E-1
630	1.977000E-1
640	1.832000E-1
650	1.711000E-1
660	1.637000E-1
670	1.619000E-1
680	1.661000E-1
690	1.747000E-1
700	1.873000E-1
710	1.996000E-1
720	2.054000E-1
730	2.101000E-1
"2.5GY 7/2"	""	""	
380	1.303000E-1
390	1.596000E-1
400	2.277000E-1
410	2.738000E-1
420	2.832000E-1
430	2.850000E-1
440	2.886000E-1
450	2.950000E-1
460	3.054000E-1
470	3.197000E-1
480	3.366000E-1
490	3.561000E-1
500	3.758000E-1
510	4.007000E-1
520	4.237000E-1
530	4.327000E-1
540	4.334000E-1
550	4.325000E-1
560	4.294000E-1
570	4.287000E-1
580	4.257000E-1
590	4.240000E-1
600	4.221000E-1
610	4.207000E-1
620	4.189000E-1
630	4.167000E-1
640	4.143000E-1
650	4.126000E-1
660	4.109000E-1
670	4.091000E-1
680	4.082000E-1
690	4.058000E-1
700	4.047000E-1
710	4.023000E-1
720	4.007000E-1
730	3.987000E-1
"2.5GY 7/4"	""	""	
380	1.114000E-1
390	1.404000E-1
400	1.744000E-1
410	1.964000E-1
420	1.984000E-1
430	2.000000E-1
440	2.032000E-1
450	2.108000E-1
460	2.245000E-1
470	2.458000E-1
480	2.774000E-1
490	3.160000E-1
500	3.528000E-1
510	3.878000E-1
520	4.289000E-1
530	4.561000E-1
540	4.617000E-1
550	4.604000E-1
560	4.462000E-1
570	4.349000E-1
580	4.390000E-1
590	4.485000E-1
600	4.441000E-1
610	4.250000E-1
620	4.036000E-1
630	3.938000E-1
640	3.993000E-1
650	4.134000E-1
660	4.323000E-1
670	4.571000E-1
680	4.846000E-1
690	5.104000E-1
700	5.304000E-1
710	5.393000E-1
720	5.360000E-1
730	5.355000E-1
"2.5GY 7/6"	""	""	
380	1.017000E-1
390	9.640000E-2
400	1.143000E-1
410	1.181000E-1
420	1.185000E-1
430	1.204000E-1
440	1.243000E-1
450	1.323000E-1
460	1.439000E-1
470	1.655000E-1
480	1.966000E-1
490	2.435000E-1
500	3.066000E-1
510	3.804000E-1
520	4.345000E-1
530	4.562000E-1
540	4.593000E-1
550	4.570000E-1
560	4.478000E-1
570	4.403000E-1
580	4.303000E-1
590	4.239000E-1
600	4.167000E-1
610	4.120000E-1
620	4.086000E-1
630	4.076000E-1
640	4.064000E-1
650	4.082000E-1
660	4.111000E-1
670	4.108000E-1
680	4.091000E-1
690	4.049000E-1
700	4.008000E-1
710	3.961000E-1
720	4.004000E-1
730	4.083000E-1
"2.5GY 7/8"	""	""	
380	7.670000E-2
390	7.000000E-2
400	7.410000E-2
410	7.280000E-2
420	7.370000E-2
430	7.400000E-2
440	7.800000E-2
450	8.290000E-2
460	9.300000E-2
470	1.099000E-1
480	1.386000E-1
490	1.836000E-1
500	2.550000E-1
510	3.489000E-1
520	4.299000E-1
530	4.695000E-1
540	4.820000E-1
550	4.839000E-1
560	4.787000E-1
570	4.736000E-1
580	4.636000E-1
590	4.495000E-1
600	4.287000E-1
610	4.030000E-1
620	3.824000E-1
630	3.686000E-1
640	3.584000E-1
650	3.484000E-1
660	3.429000E-1
670	3.443000E-1
680	3.524000E-1
690	3.632000E-1
700	3.753000E-1
710	3.844000E-1
720	3.845000E-1
730	3.830000E-1
"2.5GY 7/10"	""	""	
380	5.860000E-2
390	5.060000E-2
400	4.700000E-2
410	4.570000E-2
420	4.520000E-2
430	4.510000E-2
440	4.580000E-2
450	4.760000E-2
460	5.160000E-2
470	5.900000E-2
480	7.420000E-2
490	1.063000E-1
500	1.689000E-1
510	2.724000E-1
520	3.973000E-1
530	4.875000E-1
540	5.248000E-1
550	5.319000E-1
560	5.217000E-1
570	5.065000E-1
580	4.806000E-1
590	4.458000E-1
600	4.048000E-1
610	3.722000E-1
620	3.541000E-1
630	3.460000E-1
640	3.407000E-1
650	3.377000E-1
660	3.435000E-1
670	3.585000E-1
680	3.772000E-1
690	3.960000E-1
700	4.131000E-1
710	4.207000E-1
720	4.182000E-1
730	4.190000E-1
"2.5GY 8/2"	""	""	
380	1.403000E-1
390	1.796000E-1
400	2.768000E-1
410	3.584000E-1
420	3.801000E-1
430	3.847000E-1
440	3.913000E-1
450	4.022000E-1
460	4.199000E-1
470	4.453000E-1
480	4.792000E-1
490	5.198000E-1
500	5.609000E-1
510	5.935000E-1
520	6.079000E-1
530	6.066000E-1
540	6.034000E-1
550	6.033000E-1
560	5.986000E-1
570	5.986000E-1
580	6.001000E-1
590	6.054000E-1
600	6.090000E-1
610	6.103000E-1
620	6.067000E-1
630	6.045000E-1
640	6.060000E-1
650	6.097000E-1
660	6.138000E-1
670	6.160000E-1
680	6.179000E-1
690	6.182000E-1
700	6.180000E-1
710	6.175000E-1
720	6.164000E-1
730	6.158000E-1
"2.5GY 8/4"	""	""	
380	1.324000E-1
390	1.630000E-1
400	2.252000E-1
410	2.714000E-1
420	2.810000E-1
430	2.856000E-1
440	2.926000E-1
450	3.045000E-1
460	3.241000E-1
470	3.541000E-1
480	3.957000E-1
490	4.495000E-1
500	5.115000E-1
510	5.685000E-1
520	6.029000E-1
530	6.146000E-1
540	6.176000E-1
550	6.191000E-1
560	6.165000E-1
570	6.170000E-1
580	6.137000E-1
590	6.103000E-1
600	6.049000E-1
610	5.998000E-1
620	5.950000E-1
630	5.914000E-1
640	5.882000E-1
650	5.858000E-1
660	5.851000E-1
670	5.859000E-1
680	5.891000E-1
690	5.922000E-1
700	5.949000E-1
710	5.960000E-1
720	5.952000E-1
730	5.961000E-1
"2.5GY 8/6"	""	""	
380	1.246000E-1
390	1.352000E-1
400	1.619000E-1
410	1.761000E-1
420	1.783000E-1
430	1.798000E-1
440	1.852000E-1
450	1.949000E-1
460	2.128000E-1
470	2.408000E-1
480	2.854000E-1
490	3.562000E-1
500	4.537000E-1
510	5.570000E-1
520	6.221000E-1
530	6.308000E-1
540	6.243000E-1
550	6.192000E-1
560	6.017000E-1
570	5.894000E-1
580	5.928000E-1
590	6.055000E-1
600	6.064000E-1
610	5.897000E-1
620	5.678000E-1
630	5.572000E-1
640	5.601000E-1
650	5.676000E-1
660	5.748000E-1
670	5.780000E-1
680	5.802000E-1
690	5.866000E-1
700	6.020000E-1
710	6.179000E-1
720	6.263000E-1
730	6.352000E-1
"2.5GY 8/8"	""	""	
380	1.086000E-1
390	1.098000E-1
400	1.178000E-1
410	1.227000E-1
420	1.216000E-1
430	1.230000E-1
440	1.271000E-1
450	1.349000E-1
460	1.486000E-1
470	1.720000E-1
480	2.092000E-1
490	2.672000E-1
500	3.579000E-1
510	4.908000E-1
520	6.303000E-1
530	7.069000E-1
540	7.129000E-1
550	6.811000E-1
560	6.307000E-1
570	5.931000E-1
580	5.777000E-1
590	5.746000E-1
600	5.668000E-1
610	5.607000E-1
620	5.654000E-1
630	5.842000E-1
640	6.095000E-1
650	6.339000E-1
660	6.497000E-1
670	6.462000E-1
680	6.306000E-1
690	6.165000E-1
700	6.143000E-1
710	6.239000E-1
720	6.395000E-1
730	6.617000E-1
"2.5GY 8/10"	""	""	
380	7.950000E-2
390	8.720000E-2
400	8.270000E-2
410	8.560000E-2
420	8.380000E-2
430	8.550000E-2
440	8.860000E-2
450	9.470000E-2
460	1.043000E-1
470	1.200000E-1
480	1.429000E-1
490	1.732000E-1
500	2.173000E-1
510	3.027000E-1
520	4.575000E-1
530	6.276000E-1
540	7.358000E-1
550	7.723000E-1
560	7.638000E-1
570	7.413000E-1
580	7.036000E-1
590	6.541000E-1
600	5.870000E-1
610	5.203000E-1
620	4.731000E-1
630	4.466000E-1
640	4.268000E-1
650	4.101000E-1
660	4.002000E-1
670	4.051000E-1
680	4.202000E-1
690	4.422000E-1
700	4.670000E-1
710	4.861000E-1
720	4.895000E-1
730	4.832000E-1
"2.5GY 8.5/2"	""	""	
380	1.478000E-1
390	1.909000E-1
400	2.992000E-1
410	4.061000E-1
420	4.376000E-1
430	4.447000E-1
440	4.510000E-1
450	4.620000E-1
460	4.794000E-1
470	5.057000E-1
480	5.393000E-1
490	5.811000E-1
500	6.241000E-1
510	6.607000E-1
520	6.818000E-1
530	6.874000E-1
540	6.877000E-1
550	6.882000E-1
560	6.852000E-1
570	6.863000E-1
580	6.837000E-1
590	6.831000E-1
600	6.822000E-1
610	6.825000E-1
620	6.817000E-1
630	6.804000E-1
640	6.785000E-1
650	6.774000E-1
660	6.773000E-1
670	6.765000E-1
680	6.767000E-1
690	6.756000E-1
700	6.751000E-1
710	6.744000E-1
720	6.728000E-1
730	6.723000E-1
"2.5GY 8.5/4"	""	""	
380	1.518000E-1
390	1.953000E-1
400	2.855000E-1
410	3.559000E-1
420	3.690000E-1
430	3.674000E-1
440	3.655000E-1
450	3.667000E-1
460	3.712000E-1
470	3.804000E-1
480	4.050000E-1
490	4.592000E-1
500	5.429000E-1
510	6.292000E-1
520	6.880000E-1
530	7.117000E-1
540	7.184000E-1
550	7.206000E-1
560	7.167000E-1
570	7.157000E-1
580	7.097000E-1
590	7.026000E-1
600	6.912000E-1
610	6.774000E-1
620	6.636000E-1
630	6.522000E-1
640	6.413000E-1
650	6.313000E-1
660	6.247000E-1
670	6.224000E-1
680	6.257000E-1
690	6.310000E-1
700	6.384000E-1
710	6.450000E-1
720	6.467000E-1
730	6.472000E-1
"2.5GY 8.5/6"	""	""	
380	1.241000E-1
390	1.458000E-1
400	1.880000E-1
410	2.149000E-1
420	2.183000E-1
430	2.211000E-1
440	2.265000E-1
450	2.333000E-1
460	2.468000E-1
470	2.852000E-1
480	3.638000E-1
490	4.760000E-1
500	5.814000E-1
510	6.503000E-1
520	6.867000E-1
530	7.016000E-1
540	7.073000E-1
550	7.111000E-1
560	7.088000E-1
570	7.104000E-1
580	7.070000E-1
590	7.013000E-1
600	6.899000E-1
610	6.753000E-1
620	6.614000E-1
630	6.521000E-1
640	6.444000E-1
650	6.371000E-1
660	6.340000E-1
670	6.360000E-1
680	6.438000E-1
690	6.524000E-1
700	6.618000E-1
710	6.684000E-1
720	6.687000E-1
730	6.679000E-1
"2.5GY 8.5/8"	""	""	
380	1.139000E-1
390	1.168000E-1
400	1.321000E-1
410	1.390000E-1
420	1.380000E-1
430	1.394000E-1
440	1.432000E-1
450	1.477000E-1
460	1.580000E-1
470	1.890000E-1
480	2.589000E-1
490	3.761000E-1
500	5.125000E-1
510	6.235000E-1
520	6.885000E-1
530	7.172000E-1
540	7.300000E-1
550	7.373000E-1
560	7.362000E-1
570	7.362000E-1
580	7.288000E-1
590	7.172000E-1
600	6.959000E-1
610	6.689000E-1
620	6.453000E-1
630	6.302000E-1
640	6.181000E-1
650	6.073000E-1
660	6.021000E-1
670	6.072000E-1
680	6.211000E-1
690	6.377000E-1
700	6.550000E-1
710	6.676000E-1
720	6.693000E-1
730	6.675000E-1
"2.5GY 8.5/10"	""	""	
380	9.170000E-2
390	8.710000E-2
400	8.820000E-2
410	9.030000E-2
420	8.880000E-2
430	8.980000E-2
440	9.150000E-2
450	9.520000E-2
460	1.023000E-1
470	1.252000E-1
480	1.793000E-1
490	2.829000E-1
500	4.259000E-1
510	5.678000E-1
520	6.721000E-1
530	7.261000E-1
540	7.485000E-1
550	7.572000E-1
560	7.553000E-1
570	7.582000E-1
580	7.533000E-1
590	7.368000E-1
600	7.018000E-1
610	6.568000E-1
620	6.203000E-1
630	5.987000E-1
640	5.833000E-1
650	5.689000E-1
660	5.639000E-1
670	5.734000E-1
680	5.956000E-1
690	6.218000E-1
700	6.486000E-1
710	6.684000E-1
720	6.725000E-1
730	6.721000E-1
"2.5GY 9/2"	""	""	
380	1.574000E-1
390	1.993000E-1
400	3.229000E-1
410	4.567000E-1
420	5.045000E-1
430	5.135000E-1
440	5.207000E-1
450	5.321000E-1
460	5.510000E-1
470	5.777000E-1
480	6.137000E-1
490	6.585000E-1
500	7.071000E-1
510	7.510000E-1
520	7.783000E-1
530	7.871000E-1
540	7.891000E-1
550	7.914000E-1
560	7.889000E-1
570	7.916000E-1
580	7.899000E-1
590	7.901000E-1
600	7.897000E-1
610	7.911000E-1
620	7.914000E-1
630	7.911000E-1
640	7.899000E-1
650	7.897000E-1
660	7.905000E-1
670	7.906000E-1
680	7.921000E-1
690	7.922000E-1
700	7.927000E-1
710	7.929000E-1
720	7.924000E-1
730	7.935000E-1
"2.5GY 9/4"	""	""	
380	1.509000E-1
390	1.873000E-1
400	2.774000E-1
410	3.485000E-1
420	3.654000E-1
430	3.700000E-1
440	3.772000E-1
450	3.854000E-1
460	4.018000E-1
470	4.453000E-1
480	5.272000E-1
490	6.314000E-1
500	7.163000E-1
510	7.657000E-1
520	7.902000E-1
530	7.987000E-1
540	8.016000E-1
550	8.040000E-1
560	8.020000E-1
570	8.061000E-1
580	8.062000E-1
590	8.056000E-1
600	8.021000E-1
610	7.980000E-1
620	7.935000E-1
630	7.903000E-1
640	7.870000E-1
650	7.845000E-1
660	7.839000E-1
670	7.850000E-1
680	7.898000E-1
690	7.938000E-1
700	7.977000E-1
710	8.007000E-1
720	8.009000E-1
730	8.016000E-1
"2.5GY 9/6"	""	""	
380	1.422000E-1
390	1.662000E-1
400	2.187000E-1
410	2.546000E-1
420	2.600000E-1
430	2.632000E-1
440	2.693000E-1
450	2.766000E-1
460	2.918000E-1
470	3.337000E-1
480	4.184000E-1
490	5.382000E-1
500	6.523000E-1
510	7.316000E-1
520	7.782000E-1
530	7.981000E-1
540	8.059000E-1
550	8.100000E-1
560	8.080000E-1
570	8.119000E-1
580	8.109000E-1
590	8.070000E-1
600	7.962000E-1
610	7.822000E-1
620	7.694000E-1
630	7.611000E-1
640	7.540000E-1
650	7.478000E-1
660	7.454000E-1
670	7.477000E-1
680	7.564000E-1
690	7.659000E-1
700	7.754000E-1
710	7.824000E-1
720	7.837000E-1
730	7.833000E-1
"2.5GY 9/8"	""	""	
380	1.349000E-1
390	1.348000E-1
400	1.660000E-1
410	1.785000E-1
420	1.815000E-1
430	1.820000E-1
440	1.876000E-1
450	1.929000E-1
460	2.064000E-1
470	2.432000E-1
480	3.250000E-1
490	4.547000E-1
500	6.027000E-1
510	7.231000E-1
520	7.953000E-1
530	8.278000E-1
540	8.418000E-1
550	8.484000E-1
560	8.460000E-1
570	8.506000E-1
580	8.481000E-1
590	8.375000E-1
600	8.120000E-1
610	7.807000E-1
620	7.537000E-1
630	7.376000E-1
640	7.250000E-1
650	7.134000E-1
660	7.091000E-1
670	7.141000E-1
680	7.312000E-1
690	7.497000E-1
700	7.697000E-1
710	7.840000E-1
720	7.862000E-1
730	7.873000E-1
"5GY 2.5/1"	""	""	
380	4.190000E-2
390	4.100000E-2
400	4.280000E-2
410	4.420000E-2
420	4.430000E-2
430	4.410000E-2
440	4.380000E-2
450	4.370000E-2
460	4.340000E-2
470	4.350000E-2
480	4.310000E-2
490	4.330000E-2
500	4.430000E-2
510	4.740000E-2
520	5.140000E-2
530	5.260000E-2
540	5.200000E-2
550	5.130000E-2
560	5.040000E-2
570	4.990000E-2
580	4.920000E-2
590	4.850000E-2
600	4.750000E-2
610	4.670000E-2
620	4.600000E-2
630	4.570000E-2
640	4.530000E-2
650	4.500000E-2
660	4.500000E-2
670	4.560000E-2
680	4.570000E-2
690	4.570000E-2
700	4.590000E-2
710	4.540000E-2
720	4.560000E-2
730	4.530000E-2
"5GY 3/1"	""	""	
380	4.020000E-2
390	4.700000E-2
400	4.890000E-2
410	5.080000E-2
420	5.060000E-2
430	5.030000E-2
440	5.010000E-2
450	5.000000E-2
460	4.970000E-2
470	4.990000E-2
480	4.950000E-2
490	4.990000E-2
500	5.120000E-2
510	5.600000E-2
520	6.210000E-2
530	6.450000E-2
540	6.420000E-2
550	6.340000E-2
560	6.220000E-2
570	6.140000E-2
580	6.040000E-2
590	5.940000E-2
600	5.850000E-2
610	5.760000E-2
620	5.680000E-2
630	5.590000E-2
640	5.510000E-2
650	5.440000E-2
660	5.390000E-2
670	5.370000E-2
680	5.360000E-2
690	5.380000E-2
700	5.360000E-2
710	5.390000E-2
720	5.350000E-2
730	5.330000E-2
"5GY 3/2"	""	""	
380	3.900000E-2
390	4.310000E-2
400	4.390000E-2
410	4.410000E-2
420	4.490000E-2
430	4.450000E-2
440	4.490000E-2
450	4.460000E-2
460	4.480000E-2
470	4.460000E-2
480	4.510000E-2
490	4.550000E-2
500	4.800000E-2
510	5.530000E-2
520	6.680000E-2
530	7.190000E-2
540	7.210000E-2
550	7.040000E-2
560	6.810000E-2
570	6.620000E-2
580	6.360000E-2
590	6.100000E-2
600	5.790000E-2
610	5.600000E-2
620	5.420000E-2
630	5.370000E-2
640	5.290000E-2
650	5.260000E-2
660	5.290000E-2
670	5.300000E-2
680	5.430000E-2
690	5.450000E-2
700	5.500000E-2
710	5.530000E-2
720	5.470000E-2
730	5.570000E-2
"5GY 4/1"	""	""	
380	7.380000E-2
390	8.360000E-2
400	9.660000E-2
410	1.006000E-1
420	1.008000E-1
430	9.990000E-2
440	9.940000E-2
450	9.920000E-2
460	9.920000E-2
470	9.910000E-2
480	9.860000E-2
490	9.870000E-2
500	1.009000E-1
510	1.091000E-1
520	1.209000E-1
530	1.258000E-1
540	1.261000E-1
550	1.251000E-1
560	1.231000E-1
570	1.221000E-1
580	1.202000E-1
590	1.186000E-1
600	1.169000E-1
610	1.152000E-1
620	1.133000E-1
630	1.117000E-1
640	1.098000E-1
650	1.083000E-1
660	1.070000E-1
670	1.061000E-1
680	1.057000E-1
690	1.052000E-1
700	1.052000E-1
710	1.050000E-1
720	1.039000E-1
730	1.039000E-1
"5GY 4/2"	""	""	
380	6.520000E-2
390	7.320000E-2
400	7.930000E-2
410	8.170000E-2
420	8.150000E-2
430	8.120000E-2
440	8.140000E-2
450	8.170000E-2
460	8.250000E-2
470	8.320000E-2
480	8.350000E-2
490	8.450000E-2
500	8.810000E-2
510	1.012000E-1
520	1.213000E-1
530	1.317000E-1
540	1.332000E-1
550	1.320000E-1
560	1.295000E-1
570	1.274000E-1
580	1.244000E-1
590	1.208000E-1
600	1.162000E-1
610	1.109000E-1
620	1.063000E-1
630	1.031000E-1
640	1.004000E-1
650	9.810000E-2
660	9.650000E-2
670	9.650000E-2
680	9.760000E-2
690	9.910000E-2
700	1.005000E-1
710	1.013000E-1
720	1.007000E-1
730	1.000000E-1
"5GY 4/4"	""	""	
380	5.050000E-2
390	4.600000E-2
400	5.260000E-2
410	5.030000E-2
420	5.180000E-2
430	5.030000E-2
440	5.160000E-2
450	5.110000E-2
460	5.260000E-2
470	5.240000E-2
480	5.390000E-2
490	5.510000E-2
500	6.030000E-2
510	7.810000E-2
520	1.142000E-1
530	1.414000E-1
540	1.493000E-1
550	1.478000E-1
560	1.421000E-1
570	1.365000E-1
580	1.295000E-1
590	1.219000E-1
600	1.111000E-1
610	1.008000E-1
620	9.230000E-2
630	8.690000E-2
640	8.270000E-2
650	7.890000E-2
660	7.720000E-2
670	7.590000E-2
680	7.690000E-2
690	7.800000E-2
700	8.030000E-2
710	8.290000E-2
720	8.260000E-2
730	8.390000E-2
"5GY 5/1"	""	""	
380	9.330000E-2
390	1.234000E-1
400	1.559000E-1
410	1.765000E-1
420	1.775000E-1
430	1.768000E-1
440	1.759000E-1
450	1.763000E-1
460	1.761000E-1
470	1.764000E-1
480	1.753000E-1
490	1.754000E-1
500	1.775000E-1
510	1.879000E-1
520	2.022000E-1
530	2.085000E-1
540	2.087000E-1
550	2.076000E-1
560	2.052000E-1
570	2.040000E-1
580	2.015000E-1
590	1.993000E-1
600	1.968000E-1
610	1.941000E-1
620	1.914000E-1
630	1.887000E-1
640	1.858000E-1
650	1.834000E-1
660	1.811000E-1
670	1.800000E-1
680	1.791000E-1
690	1.783000E-1
700	1.780000E-1
710	1.771000E-1
720	1.762000E-1
730	1.742000E-1
"5GY 5/2"	""	""	
380	7.080000E-2
390	1.057000E-1
400	1.239000E-1
410	1.387000E-1
420	1.372000E-1
430	1.385000E-1
440	1.379000E-1
450	1.397000E-1
460	1.405000E-1
470	1.423000E-1
480	1.425000E-1
490	1.439000E-1
500	1.481000E-1
510	1.666000E-1
520	1.944000E-1
530	2.094000E-1
540	2.126000E-1
550	2.115000E-1
560	2.084000E-1
570	2.057000E-1
580	2.021000E-1
590	1.972000E-1
600	1.918000E-1
610	1.850000E-1
620	1.786000E-1
630	1.735000E-1
640	1.684000E-1
650	1.640000E-1
660	1.602000E-1
670	1.590000E-1
680	1.583000E-1
690	1.589000E-1
700	1.606000E-1
710	1.617000E-1
720	1.628000E-1
730	1.621000E-1
"5GY 5/4"	""	""	
380	7.360000E-2
390	8.500000E-2
400	9.390000E-2
410	9.810000E-2
420	9.690000E-2
430	9.680000E-2
440	9.710000E-2
450	9.830000E-2
460	9.930000E-2
470	1.000000E-1
480	1.004000E-1
490	1.022000E-1
500	1.092000E-1
510	1.385000E-1
520	1.950000E-1
530	2.346000E-1
540	2.429000E-1
550	2.391000E-1
560	2.307000E-1
570	2.183000E-1
580	2.016000E-1
590	1.876000E-1
600	1.742000E-1
610	1.633000E-1
620	1.585000E-1
630	1.569000E-1
640	1.565000E-1
650	1.602000E-1
660	1.667000E-1
670	1.695000E-1
680	1.656000E-1
690	1.585000E-1
700	1.497000E-1
710	1.430000E-1
720	1.456000E-1
730	1.608000E-1
"5GY 5/6"	""	""	
380	5.190000E-2
390	5.270000E-2
400	5.340000E-2
410	5.420000E-2
420	5.370000E-2
430	5.420000E-2
440	5.420000E-2
450	5.520000E-2
460	5.590000E-2
470	5.690000E-2
480	5.830000E-2
490	6.020000E-2
500	6.670000E-2
510	9.340000E-2
520	1.579000E-1
530	2.272000E-1
540	2.602000E-1
550	2.639000E-1
560	2.527000E-1
570	2.376000E-1
580	2.183000E-1
590	1.959000E-1
600	1.700000E-1
610	1.462000E-1
620	1.292000E-1
630	1.183000E-1
640	1.103000E-1
650	1.038000E-1
660	9.960000E-2
670	9.800000E-2
680	9.890000E-2
690	1.017000E-1
700	1.062000E-1
710	1.101000E-1
720	1.117000E-1
730	1.123000E-1
"5GY 5/8"	""	""	
380	4.240000E-2
390	4.900000E-2
400	4.650000E-2
410	4.890000E-2
420	4.820000E-2
430	4.810000E-2
440	4.880000E-2
450	4.910000E-2
460	5.000000E-2
470	5.130000E-2
480	5.270000E-2
490	5.520000E-2
500	6.180000E-2
510	8.820000E-2
520	1.544000E-1
530	2.321000E-1
540	2.749000E-1
550	2.833000E-1
560	2.739000E-1
570	2.556000E-1
580	2.274000E-1
590	1.933000E-1
600	1.583000E-1
610	1.306000E-1
620	1.136000E-1
630	1.035000E-1
640	9.650000E-2
650	9.110000E-2
660	8.780000E-2
670	8.730000E-2
680	8.850000E-2
690	9.160000E-2
700	9.610000E-2
710	1.008000E-1
720	1.027000E-1
730	1.038000E-1
"5GY 6/1"	""	""	
380	1.162000E-1
390	1.563000E-1
400	2.127000E-1
410	2.483000E-1
420	2.536000E-1
430	2.528000E-1
440	2.521000E-1
450	2.525000E-1
460	2.540000E-1
470	2.552000E-1
480	2.557000E-1
490	2.561000E-1
500	2.585000E-1
510	2.717000E-1
520	2.914000E-1
530	3.008000E-1
540	3.031000E-1
550	3.061000E-1
560	3.089000E-1
570	3.124000E-1
580	3.106000E-1
590	3.059000E-1
600	2.979000E-1
610	2.885000E-1
620	2.796000E-1
630	2.721000E-1
640	2.656000E-1
650	2.593000E-1
660	2.544000E-1
670	2.519000E-1
680	2.507000E-1
690	2.513000E-1
700	2.529000E-1
710	2.541000E-1
720	2.541000E-1
730	2.527000E-1
"5GY 6/2"	""	""	
380	1.101000E-1
390	1.437000E-1
400	1.841000E-1
410	2.104000E-1
420	2.126000E-1
430	2.125000E-1
440	2.124000E-1
450	2.153000E-1
460	2.176000E-1
470	2.199000E-1
480	2.208000E-1
490	2.223000E-1
500	2.282000E-1
510	2.556000E-1
520	2.987000E-1
530	3.226000E-1
540	3.278000E-1
550	3.265000E-1
560	3.219000E-1
570	3.180000E-1
580	3.117000E-1
590	3.044000E-1
600	2.949000E-1
610	2.840000E-1
620	2.737000E-1
630	2.659000E-1
640	2.586000E-1
650	2.521000E-1
660	2.468000E-1
670	2.441000E-1
680	2.437000E-1
690	2.444000E-1
700	2.464000E-1
710	2.477000E-1
720	2.471000E-1
730	2.459000E-1
"5GY 6/4"	""	""	
380	9.660000E-2
390	1.116000E-1
400	1.344000E-1
410	1.424000E-1
420	1.441000E-1
430	1.427000E-1
440	1.442000E-1
450	1.468000E-1
460	1.497000E-1
470	1.526000E-1
480	1.546000E-1
490	1.570000E-1
500	1.657000E-1
510	2.021000E-1
520	2.725000E-1
530	3.276000E-1
540	3.472000E-1
550	3.490000E-1
560	3.420000E-1
570	3.339000E-1
580	3.214000E-1
590	3.056000E-1
600	2.847000E-1
610	2.619000E-1
620	2.431000E-1
630	2.293000E-1
640	2.181000E-1
650	2.080000E-1
660	2.009000E-1
670	1.981000E-1
680	1.987000E-1
690	2.024000E-1
700	2.082000E-1
710	2.130000E-1
720	2.152000E-1
730	2.149000E-1
"5GY 6/6"	""	""	
380	8.200000E-2
390	8.650000E-2
400	9.650000E-2
410	1.016000E-1
420	1.006000E-1
430	1.004000E-1
440	1.013000E-1
450	1.030000E-1
460	1.053000E-1
470	1.074000E-1
480	1.092000E-1
490	1.118000E-1
500	1.202000E-1
510	1.576000E-1
520	2.430000E-1
530	3.296000E-1
540	3.711000E-1
550	3.777000E-1
560	3.664000E-1
570	3.507000E-1
580	3.287000E-1
590	3.021000E-1
600	2.695000E-1
610	2.374000E-1
620	2.137000E-1
630	1.974000E-1
640	1.851000E-1
650	1.745000E-1
660	1.673000E-1
670	1.646000E-1
680	1.658000E-1
690	1.700000E-1
700	1.766000E-1
710	1.830000E-1
720	1.852000E-1
730	1.864000E-1
"5GY 6/8"	""	""	
380	6.070000E-2
390	6.340000E-2
400	6.310000E-2
410	6.330000E-2
420	6.270000E-2
430	6.260000E-2
440	6.320000E-2
450	6.380000E-2
460	6.440000E-2
470	6.580000E-2
480	6.680000E-2
490	6.930000E-2
500	7.650000E-2
510	1.101000E-1
520	2.040000E-1
530	3.362000E-1
540	4.329000E-1
550	4.565000E-1
560	4.283000E-1
570	3.864000E-1
580	3.399000E-1
590	2.914000E-1
600	2.417000E-1
610	2.013000E-1
620	1.765000E-1
630	1.621000E-1
640	1.522000E-1
650	1.436000E-1
660	1.382000E-1
670	1.368000E-1
680	1.394000E-1
690	1.447000E-1
700	1.519000E-1
710	1.578000E-1
720	1.579000E-1
730	1.553000E-1
"5GY 7/1"	""	""	
380	1.287000E-1
390	1.708000E-1
400	2.576000E-1
410	3.287000E-1
420	3.480000E-1
430	3.515000E-1
440	3.540000E-1
450	3.606000E-1
460	3.706000E-1
470	3.842000E-1
480	3.997000E-1
490	4.177000E-1
500	4.311000E-1
510	4.385000E-1
520	4.409000E-1
530	4.395000E-1
540	4.374000E-1
550	4.360000E-1
560	4.329000E-1
570	4.323000E-1
580	4.300000E-1
590	4.281000E-1
600	4.265000E-1
610	4.256000E-1
620	4.237000E-1
630	4.219000E-1
640	4.196000E-1
650	4.177000E-1
660	4.164000E-1
670	4.151000E-1
680	4.140000E-1
690	4.129000E-1
700	4.117000E-1
710	4.103000E-1
720	4.091000E-1
730	4.075000E-1
"5GY 7/2"	""	""	
380	1.212000E-1
390	1.607000E-1
400	2.182000E-1
410	2.599000E-1
420	2.684000E-1
430	2.719000E-1
440	2.754000E-1
450	2.842000E-1
460	2.978000E-1
470	3.183000E-1
480	3.442000E-1
490	3.767000E-1
500	4.061000E-1
510	4.249000E-1
520	4.325000E-1
530	4.326000E-1
540	4.307000E-1
550	4.291000E-1
560	4.255000E-1
570	4.245000E-1
580	4.211000E-1
590	4.183000E-1
600	4.154000E-1
610	4.124000E-1
620	4.087000E-1
630	4.051000E-1
640	4.013000E-1
650	3.980000E-1
660	3.953000E-1
670	3.938000E-1
680	3.927000E-1
690	3.914000E-1
700	3.913000E-1
710	3.901000E-1
720	3.885000E-1
730	3.869000E-1
"5GY 7/4"	""	""	
380	1.141000E-1
390	1.362000E-1
400	1.657000E-1
410	1.841000E-1
420	1.893000E-1
430	1.943000E-1
440	2.031000E-1
450	2.156000E-1
460	2.321000E-1
470	2.559000E-1
480	2.900000E-1
490	3.388000E-1
500	3.947000E-1
510	4.406000E-1
520	4.646000E-1
530	4.694000E-1
540	4.639000E-1
550	4.543000E-1
560	4.407000E-1
570	4.308000E-1
580	4.205000E-1
590	4.129000E-1
600	4.080000E-1
610	4.056000E-1
620	4.053000E-1
630	4.071000E-1
640	4.118000E-1
650	4.208000E-1
660	4.346000E-1
670	4.559000E-1
680	4.840000E-1
690	5.207000E-1
700	5.655000E-1
710	6.148000E-1
720	6.650000E-1
730	7.100000E-1
"5GY 7/6"	""	""	
380	9.330000E-2
390	1.063000E-1
400	1.233000E-1
410	1.308000E-1
420	1.308000E-1
430	1.328000E-1
440	1.362000E-1
450	1.409000E-1
460	1.503000E-1
470	1.780000E-1
480	2.354000E-1
490	3.195000E-1
500	3.968000E-1
510	4.419000E-1
520	4.612000E-1
530	4.668000E-1
540	4.680000E-1
550	4.677000E-1
560	4.634000E-1
570	4.599000E-1
580	4.518000E-1
590	4.403000E-1
600	4.220000E-1
610	3.995000E-1
620	3.800000E-1
630	3.670000E-1
640	3.572000E-1
650	3.477000E-1
660	3.422000E-1
670	3.443000E-1
680	3.518000E-1
690	3.621000E-1
700	3.732000E-1
710	3.810000E-1
720	3.821000E-1
730	3.794000E-1
"5GY 7/8"	""	""	
380	7.770000E-2
390	6.760000E-2
400	7.490000E-2
410	7.310000E-2
420	7.470000E-2
430	7.550000E-2
440	7.970000E-2
450	8.620000E-2
460	9.850000E-2
470	1.203000E-1
480	1.574000E-1
490	2.162000E-1
500	2.831000E-1
510	3.482000E-1
520	4.174000E-1
530	4.809000E-1
540	5.074000E-1
550	5.088000E-1
560	4.971000E-1
570	4.822000E-1
580	4.600000E-1
590	4.306000E-1
600	3.929000E-1
610	3.532000E-1
620	3.223000E-1
630	3.018000E-1
640	2.854000E-1
650	2.720000E-1
660	2.622000E-1
670	2.593000E-1
680	2.626000E-1
690	2.692000E-1
700	2.818000E-1
710	2.919000E-1
720	2.957000E-1
730	2.994000E-1
"5GY 8/1"	""	""	
380	1.561000E-1
390	1.939000E-1
400	3.251000E-1
410	4.508000E-1
420	4.916000E-1
430	4.926000E-1
440	4.911000E-1
450	4.910000E-1
460	4.931000E-1
470	4.984000E-1
480	5.117000E-1
490	5.401000E-1
500	5.719000E-1
510	5.951000E-1
520	6.043000E-1
530	6.022000E-1
540	5.952000E-1
550	5.879000E-1
560	5.772000E-1
570	5.736000E-1
580	5.725000E-1
590	5.732000E-1
600	5.718000E-1
610	5.692000E-1
620	5.702000E-1
630	5.774000E-1
640	5.858000E-1
650	5.946000E-1
660	5.989000E-1
670	5.981000E-1
680	5.907000E-1
690	5.815000E-1
700	5.796000E-1
710	5.820000E-1
720	5.885000E-1
730	5.976000E-1
"5GY 8/2"	""	""	
380	1.446000E-1
390	1.872000E-1
400	2.848000E-1
410	3.598000E-1
420	3.835000E-1
430	3.946000E-1
440	4.068000E-1
450	4.267000E-1
460	4.551000E-1
470	4.928000E-1
480	5.365000E-1
490	5.786000E-1
500	6.046000E-1
510	6.145000E-1
520	6.160000E-1
530	6.134000E-1
540	6.107000E-1
550	6.078000E-1
560	6.006000E-1
570	5.990000E-1
580	6.056000E-1
590	6.137000E-1
600	6.130000E-1
610	6.086000E-1
620	6.030000E-1
630	5.976000E-1
640	5.919000E-1
650	5.868000E-1
660	5.833000E-1
670	5.819000E-1
680	5.823000E-1
690	5.833000E-1
700	5.857000E-1
710	5.868000E-1
720	5.867000E-1
730	5.850000E-1
"5GY 8/4"	""	""	
380	1.428000E-1
390	1.687000E-1
400	2.329000E-1
410	2.754000E-1
420	2.843000E-1
430	2.883000E-1
440	2.950000E-1
450	3.060000E-1
460	3.247000E-1
470	3.535000E-1
480	3.934000E-1
490	4.460000E-1
500	5.078000E-1
510	5.689000E-1
520	6.076000E-1
530	6.207000E-1
540	6.222000E-1
550	6.209000E-1
560	6.144000E-1
570	6.099000E-1
580	5.997000E-1
590	5.861000E-1
600	5.692000E-1
610	5.545000E-1
620	5.451000E-1
630	5.398000E-1
640	5.345000E-1
650	5.311000E-1
660	5.324000E-1
670	5.394000E-1
680	5.480000E-1
690	5.545000E-1
700	5.598000E-1
710	5.599000E-1
720	5.569000E-1
730	5.543000E-1
"5GY 8/6"	""	""	
380	1.240000E-1
390	1.451000E-1
400	1.765000E-1
410	1.969000E-1
420	2.011000E-1
430	2.041000E-1
440	2.091000E-1
450	2.194000E-1
460	2.375000E-1
470	2.659000E-1
480	3.093000E-1
490	3.772000E-1
500	4.672000E-1
510	5.587000E-1
520	6.215000E-1
530	6.470000E-1
540	6.517000E-1
550	6.491000E-1
560	6.389000E-1
570	6.285000E-1
580	6.101000E-1
590	5.854000E-1
600	5.553000E-1
610	5.310000E-1
620	5.169000E-1
630	5.092000E-1
640	5.027000E-1
650	4.987000E-1
660	5.015000E-1
670	5.128000E-1
680	5.272000E-1
690	5.396000E-1
700	5.489000E-1
710	5.513000E-1
720	5.463000E-1
730	5.442000E-1
"5GY 8/8"	""	""	
380	1.136000E-1
390	1.177000E-1
400	1.329000E-1
410	1.405000E-1
420	1.406000E-1
430	1.427000E-1
440	1.463000E-1
450	1.545000E-1
460	1.683000E-1
470	1.924000E-1
480	2.305000E-1
490	2.962000E-1
500	3.955000E-1
510	5.171000E-1
520	6.221000E-1
530	6.769000E-1
540	6.914000E-1
550	6.874000E-1
560	6.701000E-1
570	6.498000E-1
580	6.184000E-1
590	5.780000E-1
600	5.327000E-1
610	4.984000E-1
620	4.794000E-1
630	4.699000E-1
640	4.622000E-1
650	4.569000E-1
660	4.612000E-1
670	4.759000E-1
680	4.959000E-1
690	5.142000E-1
700	5.287000E-1
710	5.329000E-1
720	5.272000E-1
730	5.242000E-1
"5GY 8/10"	""	""	
380	8.780000E-2
390	9.020000E-2
400	9.000000E-2
410	9.280000E-2
420	9.190000E-2
430	9.220000E-2
440	9.440000E-2
450	9.950000E-2
460	1.087000E-1
470	1.251000E-1
480	1.538000E-1
490	2.079000E-1
500	3.025000E-1
510	4.453000E-1
520	6.038000E-1
530	7.072000E-1
540	7.431000E-1
550	7.430000E-1
560	7.206000E-1
570	6.908000E-1
580	6.490000E-1
590	5.959000E-1
600	5.300000E-1
610	4.654000E-1
620	4.182000E-1
630	3.875000E-1
640	3.637000E-1
650	3.436000E-1
660	3.302000E-1
670	3.265000E-1
680	3.312000E-1
690	3.430000E-1
700	3.614000E-1
710	3.789000E-1
720	3.868000E-1
730	3.913000E-1
"5GY 8.5/1"	""	""	
380	1.632000E-1
390	2.029000E-1
400	3.396000E-1
410	4.996000E-1
420	5.604000E-1
430	5.673000E-1
440	5.656000E-1
450	5.671000E-1
460	5.700000E-1
470	5.763000E-1
480	5.907000E-1
490	6.204000E-1
500	6.545000E-1
510	6.793000E-1
520	6.909000E-1
530	6.930000E-1
540	6.921000E-1
550	6.916000E-1
560	6.875000E-1
570	6.877000E-1
580	6.853000E-1
590	6.831000E-1
600	6.793000E-1
610	6.744000E-1
620	6.686000E-1
630	6.627000E-1
640	6.568000E-1
650	6.517000E-1
660	6.480000E-1
670	6.469000E-1
680	6.480000E-1
690	6.496000E-1
700	6.522000E-1
710	6.538000E-1
720	6.541000E-1
730	6.533000E-1
"5GY 8.5/2"	""	""	
380	1.507000E-1
390	1.952000E-1
400	3.075000E-1
410	4.204000E-1
420	4.560000E-1
430	4.632000E-1
440	4.696000E-1
450	4.807000E-1
460	4.978000E-1
470	5.231000E-1
480	5.553000E-1
490	5.943000E-1
500	6.334000E-1
510	6.661000E-1
520	6.838000E-1
530	6.881000E-1
540	6.877000E-1
550	6.873000E-1
560	6.831000E-1
570	6.823000E-1
580	6.778000E-1
590	6.729000E-1
600	6.663000E-1
610	6.589000E-1
620	6.508000E-1
630	6.436000E-1
640	6.361000E-1
650	6.295000E-1
660	6.252000E-1
670	6.233000E-1
680	6.245000E-1
690	6.263000E-1
700	6.298000E-1
710	6.323000E-1
720	6.326000E-1
730	6.318000E-1
"5GY 8.5/4"	""	""	
380	1.571000E-1
390	1.952000E-1
400	2.704000E-1
410	3.250000E-1
420	3.340000E-1
430	3.358000E-1
440	3.412000E-1
450	3.485000E-1
460	3.647000E-1
470	4.119000E-1
480	4.975000E-1
490	5.938000E-1
500	6.600000E-1
510	6.924000E-1
520	7.058000E-1
530	7.085000E-1
540	7.079000E-1
550	7.070000E-1
560	7.021000E-1
570	7.009000E-1
580	6.946000E-1
590	6.858000E-1
600	6.726000E-1
610	6.575000E-1
620	6.436000E-1
630	6.337000E-1
640	6.247000E-1
650	6.163000E-1
660	6.100000E-1
670	6.086000E-1
680	6.108000E-1
690	6.146000E-1
700	6.199000E-1
710	6.219000E-1
720	6.200000E-1
730	6.159000E-1
"5GY 8.5/6"	""	""	
380	1.434000E-1
390	1.683000E-1
400	2.120000E-1
410	2.367000E-1
420	2.384000E-1
430	2.389000E-1
440	2.443000E-1
450	2.506000E-1
460	2.658000E-1
470	3.114000E-1
480	4.033000E-1
490	5.246000E-1
500	6.279000E-1
510	6.913000E-1
520	7.214000E-1
530	7.313000E-1
540	7.326000E-1
550	7.314000E-1
560	7.240000E-1
570	7.194000E-1
580	7.074000E-1
590	6.893000E-1
600	6.630000E-1
610	6.347000E-1
620	6.113000E-1
630	5.959000E-1
640	5.830000E-1
650	5.714000E-1
660	5.629000E-1
670	5.613000E-1
680	5.665000E-1
690	5.744000E-1
700	5.840000E-1
710	5.907000E-1
720	5.903000E-1
730	5.846000E-1
"5GY 8.5/8"	""	""	
380	1.188000E-1
390	1.315000E-1
400	1.535000E-1
410	1.606000E-1
420	1.607000E-1
430	1.608000E-1
440	1.650000E-1
450	1.702000E-1
460	1.828000E-1
470	2.215000E-1
480	3.061000E-1
490	4.356000E-1
500	5.680000E-1
510	6.686000E-1
520	7.268000E-1
530	7.512000E-1
540	7.587000E-1
550	7.581000E-1
560	7.487000E-1
570	7.408000E-1
580	7.230000E-1
590	6.947000E-1
600	6.548000E-1
610	6.145000E-1
620	5.839000E-1
630	5.648000E-1
640	5.504000E-1
650	5.363000E-1
660	5.267000E-1
670	5.258000E-1
680	5.326000E-1
690	5.438000E-1
700	5.576000E-1
710	5.681000E-1
720	5.692000E-1
730	5.638000E-1
"5GY 8.5/10"	""	""	
380	9.240000E-2
390	9.780000E-2
400	1.018000E-1
410	1.065000E-1
420	1.066000E-1
430	1.071000E-1
440	1.112000E-1
450	1.147000E-1
460	1.245000E-1
470	1.515000E-1
480	2.162000E-1
490	3.308000E-1
500	4.787000E-1
510	6.204000E-1
520	7.219000E-1
530	7.728000E-1
540	7.909000E-1
550	7.927000E-1
560	7.808000E-1
570	7.694000E-1
580	7.464000E-1
590	7.059000E-1
600	6.435000E-1
610	5.746000E-1
620	5.245000E-1
630	4.964000E-1
640	4.762000E-1
650	4.584000E-1
660	4.504000E-1
670	4.587000E-1
680	4.803000E-1
690	5.083000E-1
700	5.386000E-1
710	5.621000E-1
720	5.670000E-1
730	5.627000E-1
"5GY 9/1"	""	""	
380	1.650000E-1
390	2.081000E-1
400	3.537000E-1
410	5.525000E-1
420	6.422000E-1
430	6.566000E-1
440	6.571000E-1
450	6.600000E-1
460	6.641000E-1
470	6.722000E-1
480	6.879000E-1
490	7.188000E-1
500	7.531000E-1
510	7.781000E-1
520	7.907000E-1
530	7.935000E-1
540	7.935000E-1
550	7.943000E-1
560	7.911000E-1
570	7.922000E-1
580	7.888000E-1
590	7.852000E-1
600	7.801000E-1
610	7.743000E-1
620	7.677000E-1
630	7.618000E-1
640	7.558000E-1
650	7.507000E-1
660	7.475000E-1
670	7.469000E-1
680	7.492000E-1
690	7.525000E-1
700	7.573000E-1
710	7.610000E-1
720	7.628000E-1
730	7.637000E-1
"5GY 9/2"	""	""	
380	1.582000E-1
390	2.050000E-1
400	3.326000E-1
410	4.793000E-1
420	5.317000E-1
430	5.427000E-1
440	5.498000E-1
450	5.616000E-1
460	5.793000E-1
470	6.055000E-1
480	6.386000E-1
490	6.800000E-1
500	7.234000E-1
510	7.613000E-1
520	7.832000E-1
530	7.890000E-1
540	7.900000E-1
550	7.953000E-1
560	8.016000E-1
570	8.103000E-1
580	8.044000E-1
590	7.925000E-1
600	7.758000E-1
610	7.618000E-1
620	7.544000E-1
630	7.518000E-1
640	7.506000E-1
650	7.536000E-1
660	7.610000E-1
670	7.670000E-1
680	7.710000E-1
690	7.731000E-1
700	7.701000E-1
710	7.661000E-1
720	7.699000E-1
730	7.855000E-1
"5GY 9/4"	""	""	
380	1.565000E-1
390	1.893000E-1
400	2.830000E-1
410	3.631000E-1
420	3.843000E-1
430	3.902000E-1
440	3.976000E-1
450	4.117000E-1
460	4.328000E-1
470	4.668000E-1
480	5.132000E-1
490	5.768000E-1
500	6.573000E-1
510	7.475000E-1
520	8.143000E-1
530	8.411000E-1
540	8.459000E-1
550	8.399000E-1
560	8.229000E-1
570	8.126000E-1
580	8.110000E-1
590	8.011000E-1
600	7.725000E-1
610	7.472000E-1
620	7.319000E-1
630	7.235000E-1
640	7.168000E-1
650	7.123000E-1
660	7.146000E-1
670	7.256000E-1
680	7.411000E-1
690	7.565000E-1
700	7.690000E-1
710	7.736000E-1
720	7.715000E-1
730	7.710000E-1
"5GY 9/6"	""	""	
380	1.375000E-1
390	1.662000E-1
400	2.224000E-1
410	2.603000E-1
420	2.669000E-1
430	2.708000E-1
440	2.771000E-1
450	2.849000E-1
460	3.003000E-1
470	3.435000E-1
480	4.295000E-1
490	5.522000E-1
500	6.710000E-1
510	7.570000E-1
520	8.091000E-1
530	8.318000E-1
540	8.397000E-1
550	8.415000E-1
560	8.348000E-1
570	8.316000E-1
580	8.208000E-1
590	8.018000E-1
600	7.704000E-1
610	7.332000E-1
620	7.036000E-1
630	6.852000E-1
640	6.711000E-1
650	6.584000E-1
660	6.517000E-1
670	6.563000E-1
680	6.692000E-1
690	6.860000E-1
700	7.046000E-1
710	7.176000E-1
720	7.201000E-1
730	7.175000E-1
"7.5GY 3/2"	""	""	
380	4.090000E-2
390	4.620000E-2
400	4.680000E-2
410	4.810000E-2
420	4.840000E-2
430	4.810000E-2
440	4.840000E-2
450	4.880000E-2
460	4.890000E-2
470	4.970000E-2
480	5.020000E-2
490	5.120000E-2
500	5.340000E-2
510	6.070000E-2
520	7.110000E-2
530	7.540000E-2
540	7.480000E-2
550	7.300000E-2
560	7.020000E-2
570	6.780000E-2
580	6.480000E-2
590	6.150000E-2
600	5.770000E-2
610	5.410000E-2
620	5.170000E-2
630	5.040000E-2
640	4.960000E-2
650	4.910000E-2
660	4.900000E-2
670	4.950000E-2
680	5.060000E-2
690	5.120000E-2
700	5.270000E-2
710	5.350000E-2
720	5.300000E-2
730	5.300000E-2
"7.5GY 4/2"	""	""	
380	5.950000E-2
390	7.290000E-2
400	7.820000E-2
410	8.380000E-2
420	8.330000E-2
430	8.400000E-2
440	8.430000E-2
450	8.550000E-2
460	8.660000E-2
470	8.750000E-2
480	8.870000E-2
490	8.980000E-2
500	9.310000E-2
510	1.049000E-1
520	1.223000E-1
530	1.306000E-1
540	1.313000E-1
550	1.297000E-1
560	1.263000E-1
570	1.231000E-1
580	1.183000E-1
590	1.124000E-1
600	1.056000E-1
610	9.890000E-2
620	9.480000E-2
630	9.180000E-2
640	8.960000E-2
650	8.800000E-2
660	8.710000E-2
670	8.760000E-2
680	8.900000E-2
690	9.080000E-2
700	9.250000E-2
710	9.370000E-2
720	9.330000E-2
730	9.410000E-2
"7.5GY 4/4"	""	""	
380	4.830000E-2
390	5.460000E-2
400	5.520000E-2
410	5.630000E-2
420	5.650000E-2
430	5.610000E-2
440	5.650000E-2
450	5.690000E-2
460	5.780000E-2
470	5.890000E-2
480	6.030000E-2
490	6.210000E-2
500	6.690000E-2
510	8.520000E-2
520	1.205000E-1
530	1.452000E-1
540	1.500000E-1
550	1.452000E-1
560	1.360000E-1
570	1.262000E-1
580	1.149000E-1
590	1.032000E-1
600	9.070000E-2
610	8.040000E-2
620	7.400000E-2
630	7.040000E-2
640	6.780000E-2
650	6.620000E-2
660	6.480000E-2
670	6.470000E-2
680	6.540000E-2
690	6.680000E-2
700	6.870000E-2
710	7.000000E-2
720	6.970000E-2
730	6.960000E-2
"7.5GY 5/2"	""	""	
380	8.970000E-2
390	1.118000E-1
400	1.343000E-1
410	1.456000E-1
420	1.455000E-1
430	1.457000E-1
440	1.470000E-1
450	1.489000E-1
460	1.513000E-1
470	1.541000E-1
480	1.560000E-1
490	1.577000E-1
500	1.628000E-1
510	1.823000E-1
520	2.104000E-1
530	2.224000E-1
540	2.214000E-1
550	2.169000E-1
560	2.114000E-1
570	2.090000E-1
580	2.060000E-1
590	1.993000E-1
600	1.864000E-1
610	1.716000E-1
620	1.616000E-1
630	1.551000E-1
640	1.504000E-1
650	1.479000E-1
660	1.478000E-1
670	1.475000E-1
680	1.471000E-1
690	1.460000E-1
700	1.450000E-1
710	1.443000E-1
720	1.469000E-1
730	1.559000E-1
"7.5GY 5/4"	""	""	
380	7.690000E-2
390	9.380000E-2
400	1.036000E-1
410	1.086000E-1
420	1.086000E-1
430	1.091000E-1
440	1.100000E-1
450	1.123000E-1
460	1.151000E-1
470	1.182000E-1
480	1.211000E-1
490	1.238000E-1
500	1.306000E-1
510	1.577000E-1
520	2.074000E-1
530	2.416000E-1
540	2.503000E-1
550	2.478000E-1
560	2.388000E-1
570	2.284000E-1
580	2.144000E-1
590	1.972000E-1
600	1.752000E-1
610	1.531000E-1
620	1.377000E-1
630	1.287000E-1
640	1.222000E-1
650	1.168000E-1
660	1.134000E-1
670	1.136000E-1
680	1.165000E-1
690	1.212000E-1
700	1.264000E-1
710	1.304000E-1
720	1.303000E-1
730	1.281000E-1
"7.5GY 5/6"	""	""	
380	6.260000E-2
390	6.620000E-2
400	6.910000E-2
410	7.120000E-2
420	7.080000E-2
430	7.140000E-2
440	7.200000E-2
450	7.400000E-2
460	7.610000E-2
470	7.970000E-2
480	8.300000E-2
490	8.630000E-2
500	9.400000E-2
510	1.243000E-1
520	1.903000E-1
530	2.462000E-1
540	2.636000E-1
550	2.588000E-1
560	2.450000E-1
570	2.292000E-1
580	2.061000E-1
590	1.751000E-1
600	1.407000E-1
610	1.136000E-1
620	9.740000E-2
630	8.820000E-2
640	8.200000E-2
650	7.730000E-2
660	7.440000E-2
670	7.380000E-2
680	7.440000E-2
690	7.660000E-2
700	8.040000E-2
710	8.400000E-2
720	8.550000E-2
730	8.670000E-2
"7.5GY 5/8"	""	""	
380	4.560000E-2
390	5.120000E-2
400	5.030000E-2
410	5.040000E-2
420	5.050000E-2
430	5.070000E-2
440	5.130000E-2
450	5.170000E-2
460	5.270000E-2
470	5.360000E-2
480	5.540000E-2
490	5.770000E-2
500	6.410000E-2
510	9.230000E-2
520	1.722000E-1
530	2.780000E-1
540	3.345000E-1
550	3.233000E-1
560	2.781000E-1
570	2.313000E-1
580	1.886000E-1
590	1.511000E-1
600	1.192000E-1
610	9.720000E-2
620	8.490000E-2
630	7.820000E-2
640	7.380000E-2
650	7.020000E-2
660	6.820000E-2
670	6.780000E-2
680	6.820000E-2
690	6.970000E-2
700	7.220000E-2
710	7.480000E-2
720	7.630000E-2
730	7.630000E-2
"7.5GY 6/2"	""	""	
380	1.019000E-1
390	1.350000E-1
400	1.772000E-1
410	2.025000E-1
420	2.060000E-1
430	2.063000E-1
440	2.073000E-1
450	2.114000E-1
460	2.236000E-1
470	2.501000E-1
480	2.866000E-1
490	3.116000E-1
500	3.192000E-1
510	3.203000E-1
520	3.203000E-1
530	3.187000E-1
540	3.169000E-1
550	3.157000E-1
560	3.125000E-1
570	3.106000E-1
580	3.060000E-1
590	3.006000E-1
600	2.929000E-1
610	2.846000E-1
620	2.774000E-1
630	2.723000E-1
640	2.681000E-1
650	2.648000E-1
660	2.631000E-1
670	2.639000E-1
680	2.667000E-1
690	2.691000E-1
700	2.719000E-1
710	2.726000E-1
720	2.715000E-1
730	2.711000E-1
"7.5GY 6/4"	""	""	
380	9.430000E-2
390	1.106000E-1
400	1.303000E-1
410	1.391000E-1
420	1.410000E-1
430	1.436000E-1
440	1.486000E-1
450	1.565000E-1
460	1.693000E-1
470	1.896000E-1
480	2.175000E-1
490	2.520000E-1
500	2.886000E-1
510	3.181000E-1
520	3.327000E-1
530	3.351000E-1
540	3.330000E-1
550	3.298000E-1
560	3.232000E-1
570	3.168000E-1
580	3.069000E-1
590	2.939000E-1
600	2.756000E-1
610	2.542000E-1
620	2.369000E-1
630	2.258000E-1
640	2.170000E-1
650	2.092000E-1
660	2.041000E-1
670	2.039000E-1
680	2.083000E-1
690	2.141000E-1
700	2.214000E-1
710	2.262000E-1
720	2.257000E-1
730	2.224000E-1
"7.5GY 6/6"	""	""	
380	8.430000E-2
390	9.680000E-2
400	1.107000E-1
410	1.169000E-1
420	1.152000E-1
430	1.144000E-1
440	1.144000E-1
450	1.160000E-1
460	1.191000E-1
470	1.261000E-1
480	1.420000E-1
490	1.770000E-1
500	2.362000E-1
510	3.011000E-1
520	3.439000E-1
530	3.584000E-1
540	3.578000E-1
550	3.510000E-1
560	3.375000E-1
570	3.223000E-1
580	3.017000E-1
590	2.763000E-1
600	2.449000E-1
610	2.136000E-1
620	1.903000E-1
630	1.748000E-1
640	1.627000E-1
650	1.527000E-1
660	1.459000E-1
670	1.436000E-1
680	1.453000E-1
690	1.496000E-1
700	1.571000E-1
710	1.641000E-1
720	1.669000E-1
730	1.680000E-1
"7.5GY 6/8"	""	""	
380	6.180000E-2
390	6.250000E-2
400	6.260000E-2
410	6.470000E-2
420	6.400000E-2
430	6.570000E-2
440	6.820000E-2
450	7.270000E-2
460	8.110000E-2
470	9.610000E-2
480	1.211000E-1
490	1.609000E-1
500	2.241000E-1
510	3.063000E-1
520	3.726000E-1
530	3.989000E-1
540	3.978000E-1
550	3.830000E-1
560	3.577000E-1
570	3.296000E-1
580	2.951000E-1
590	2.566000E-1
600	2.192000E-1
610	1.931000E-1
620	1.794000E-1
630	1.724000E-1
640	1.669000E-1
650	1.633000E-1
660	1.644000E-1
670	1.718000E-1
680	1.829000E-1
690	1.936000E-1
700	2.025000E-1
710	2.057000E-1
720	2.016000E-1
730	1.993000E-1
"7.5GY 6/10"	""	""	
380	6.050000E-2
390	5.190000E-2
400	5.140000E-2
410	5.170000E-2
420	5.090000E-2
430	5.250000E-2
440	5.400000E-2
450	5.820000E-2
460	6.450000E-2
470	7.690000E-2
480	9.840000E-2
490	1.343000E-1
500	1.972000E-1
510	2.934000E-1
520	3.891000E-1
530	4.374000E-1
540	4.418000E-1
550	4.221000E-1
560	3.867000E-1
570	3.473000E-1
580	3.011000E-1
590	2.521000E-1
600	2.077000E-1
610	1.785000E-1
620	1.645000E-1
630	1.574000E-1
640	1.522000E-1
650	1.495000E-1
660	1.514000E-1
670	1.605000E-1
680	1.742000E-1
690	1.881000E-1
700	2.002000E-1
710	2.057000E-1
720	2.011000E-1
730	1.996000E-1
"7.5GY 7/2"	""	""	
380	1.159000E-1
390	1.637000E-1
400	2.280000E-1
410	2.796000E-1
420	2.891000E-1
430	2.929000E-1
440	2.971000E-1
450	3.053000E-1
460	3.183000E-1
470	3.359000E-1
480	3.591000E-1
490	3.835000E-1
500	4.063000E-1
510	4.241000E-1
520	4.334000E-1
530	4.346000E-1
540	4.325000E-1
550	4.304000E-1
560	4.258000E-1
570	4.228000E-1
580	4.176000E-1
590	4.112000E-1
600	4.029000E-1
610	3.929000E-1
620	3.828000E-1
630	3.746000E-1
640	3.662000E-1
650	3.587000E-1
660	3.537000E-1
670	3.506000E-1
680	3.508000E-1
690	3.528000E-1
700	3.551000E-1
710	3.579000E-1
720	3.573000E-1
730	3.558000E-1
"7.5GY 7/4"	""	""	
380	1.287000E-1
390	1.576000E-1
400	2.159000E-1
410	2.484000E-1
420	2.534000E-1
430	2.528000E-1
440	2.527000E-1
450	2.559000E-1
460	2.611000E-1
470	2.720000E-1
480	2.956000E-1
490	3.425000E-1
500	4.073000E-1
510	4.628000E-1
520	4.893000E-1
530	4.828000E-1
540	4.677000E-1
550	4.651000E-1
560	4.662000E-1
570	4.566000E-1
580	4.300000E-1
590	4.071000E-1
600	3.925000E-1
610	3.770000E-1
620	3.581000E-1
630	3.398000E-1
640	3.226000E-1
650	3.067000E-1
660	2.949000E-1
670	2.909000E-1
680	2.931000E-1
690	3.004000E-1
700	3.130000E-1
710	3.250000E-1
720	3.290000E-1
730	3.313000E-1
"7.5GY 7/6"	""	""	
380	1.153000E-1
390	1.287000E-1
400	1.510000E-1
410	1.602000E-1
420	1.598000E-1
430	1.607000E-1
440	1.640000E-1
450	1.688000E-1
460	1.798000E-1
470	2.132000E-1
480	2.802000E-1
490	3.655000E-1
500	4.319000E-1
510	4.670000E-1
520	4.812000E-1
530	4.834000E-1
540	4.808000E-1
550	4.757000E-1
560	4.649000E-1
570	4.538000E-1
580	4.363000E-1
590	4.134000E-1
600	3.825000E-1
610	3.503000E-1
620	3.255000E-1
630	3.093000E-1
640	2.968000E-1
650	2.856000E-1
660	2.775000E-1
670	2.756000E-1
680	2.794000E-1
690	2.859000E-1
700	2.947000E-1
710	3.005000E-1
720	2.991000E-1
730	2.945000E-1
"7.5GY 7/8"	""	""	
380	9.200000E-2
390	1.088000E-1
400	1.261000E-1
410	1.348000E-1
420	1.344000E-1
430	1.344000E-1
440	1.356000E-1
450	1.390000E-1
460	1.456000E-1
470	1.570000E-1
480	1.806000E-1
490	2.299000E-1
500	3.186000E-1
510	4.357000E-1
520	5.299000E-1
530	5.657000E-1
540	5.629000E-1
550	5.383000E-1
560	4.964000E-1
570	4.608000E-1
580	4.414000E-1
590	4.089000E-1
600	3.537000E-1
610	3.006000E-1
620	2.641000E-1
630	2.412000E-1
640	2.241000E-1
650	2.095000E-1
660	1.998000E-1
670	1.966000E-1
680	1.992000E-1
690	2.069000E-1
700	2.194000E-1
710	2.320000E-1
720	2.380000E-1
730	2.409000E-1
"7.5GY 7/10"	""	""	
380	7.000000E-2
390	7.260000E-2
400	7.120000E-2
410	7.220000E-2
420	7.130000E-2
430	7.230000E-2
440	7.430000E-2
450	7.630000E-2
460	8.200000E-2
470	1.004000E-1
480	1.471000E-1
490	2.343000E-1
500	3.472000E-1
510	4.486000E-1
520	5.096000E-1
530	5.317000E-1
540	5.319000E-1
550	5.187000E-1
560	4.921000E-1
570	4.613000E-1
580	4.213000E-1
590	3.722000E-1
600	3.167000E-1
610	2.691000E-1
620	2.385000E-1
630	2.218000E-1
640	2.105000E-1
650	2.005000E-1
660	1.936000E-1
670	1.934000E-1
680	1.992000E-1
690	2.089000E-1
700	2.211000E-1
710	2.298000E-1
720	2.285000E-1
730	2.231000E-1
"7.5GY 8/2"	""	""	
380	1.423000E-1
390	1.885000E-1
400	2.935000E-1
410	3.912000E-1
420	4.197000E-1
430	4.256000E-1
440	4.323000E-1
450	4.425000E-1
460	4.584000E-1
470	4.807000E-1
480	5.095000E-1
490	5.432000E-1
500	5.762000E-1
510	6.016000E-1
520	6.130000E-1
530	6.117000E-1
540	6.076000E-1
550	6.076000E-1
560	6.083000E-1
570	6.076000E-1
580	5.945000E-1
590	5.793000E-1
600	5.620000E-1
610	5.471000E-1
620	5.409000E-1
630	5.396000E-1
640	5.404000E-1
650	5.486000E-1
660	5.607000E-1
670	5.656000E-1
680	5.610000E-1
690	5.509000E-1
700	5.355000E-1
710	5.231000E-1
720	5.283000E-1
730	5.567000E-1
"7.5GY 8/4"	""	""	
380	1.439000E-1
390	1.844000E-1
400	2.581000E-1
410	3.112000E-1
420	3.234000E-1
430	3.273000E-1
440	3.348000E-1
450	3.421000E-1
460	3.576000E-1
470	3.954000E-1
480	4.638000E-1
490	5.437000E-1
500	6.012000E-1
510	6.289000E-1
520	6.395000E-1
530	6.405000E-1
540	6.385000E-1
550	6.351000E-1
560	6.261000E-1
570	6.180000E-1
580	6.029000E-1
590	5.829000E-1
600	5.528000E-1
610	5.183000E-1
620	4.906000E-1
630	4.727000E-1
640	4.588000E-1
650	4.463000E-1
660	4.388000E-1
670	4.409000E-1
680	4.502000E-1
690	4.625000E-1
700	4.767000E-1
710	4.864000E-1
720	4.865000E-1
730	4.829000E-1
"7.5GY 8/6"	""	""	
380	1.301000E-1
390	1.480000E-1
400	2.009000E-1
410	2.281000E-1
420	2.351000E-1
430	2.376000E-1
440	2.442000E-1
450	2.522000E-1
460	2.662000E-1
470	3.062000E-1
480	3.835000E-1
490	4.895000E-1
500	5.833000E-1
510	6.384000E-1
520	6.625000E-1
530	6.672000E-1
540	6.647000E-1
550	6.581000E-1
560	6.417000E-1
570	6.244000E-1
580	5.977000E-1
590	5.634000E-1
600	5.177000E-1
610	4.686000E-1
620	4.332000E-1
630	4.118000E-1
640	3.956000E-1
650	3.819000E-1
660	3.736000E-1
670	3.759000E-1
680	3.875000E-1
690	4.022000E-1
700	4.195000E-1
710	4.328000E-1
720	4.330000E-1
730	4.277000E-1
"7.5GY 8/8"	""	""	
380	1.151000E-1
390	1.368000E-1
400	1.600000E-1
410	1.714000E-1
420	1.721000E-1
430	1.726000E-1
440	1.780000E-1
450	1.832000E-1
460	1.972000E-1
470	2.370000E-1
480	3.226000E-1
490	4.476000E-1
500	5.696000E-1
510	6.549000E-1
520	6.979000E-1
530	7.090000E-1
540	7.048000E-1
550	6.906000E-1
560	6.635000E-1
570	6.348000E-1
580	5.959000E-1
590	5.485000E-1
600	4.911000E-1
610	4.369000E-1
620	3.997000E-1
630	3.769000E-1
640	3.610000E-1
650	3.466000E-1
660	3.368000E-1
670	3.374000E-1
680	3.463000E-1
690	3.596000E-1
700	3.754000E-1
710	3.857000E-1
720	3.825000E-1
730	3.755000E-1
"7.5GY 8.5/2"	""	""	
380	1.473000E-1
390	1.947000E-1
400	3.116000E-1
410	4.359000E-1
420	4.784000E-1
430	4.864000E-1
440	4.938000E-1
450	5.044000E-1
460	5.221000E-1
470	5.465000E-1
480	5.779000E-1
490	6.141000E-1
500	6.485000E-1
510	6.763000E-1
520	6.914000E-1
530	6.941000E-1
540	6.929000E-1
550	6.914000E-1
560	6.856000E-1
570	6.827000E-1
580	6.746000E-1
590	6.652000E-1
600	6.518000E-1
610	6.357000E-1
620	6.203000E-1
630	6.074000E-1
640	5.959000E-1
650	5.855000E-1
660	5.779000E-1
670	5.754000E-1
680	5.770000E-1
690	5.813000E-1
700	5.887000E-1
710	5.948000E-1
720	5.957000E-1
730	5.964000E-1
"7.5GY 8.5/4"	""	""	
380	1.594000E-1
390	2.009000E-1
400	2.841000E-1
410	3.475000E-1
420	3.601000E-1
430	3.619000E-1
440	3.675000E-1
450	3.750000E-1
460	3.913000E-1
470	4.381000E-1
480	5.233000E-1
490	6.196000E-1
500	6.872000E-1
510	7.208000E-1
520	7.344000E-1
530	7.358000E-1
540	7.332000E-1
550	7.288000E-1
560	7.176000E-1
570	7.079000E-1
580	6.905000E-1
590	6.668000E-1
600	6.335000E-1
610	5.977000E-1
620	5.687000E-1
630	5.498000E-1
640	5.350000E-1
650	5.217000E-1
660	5.128000E-1
670	5.133000E-1
680	5.213000E-1
690	5.326000E-1
700	5.447000E-1
710	5.520000E-1
720	5.477000E-1
730	5.411000E-1
"7.5GY 8.5/6"	""	""	
380	1.272000E-1
390	1.615000E-1
400	2.206000E-1
410	2.608000E-1
420	2.705000E-1
430	2.742000E-1
440	2.814000E-1
450	2.901000E-1
460	3.058000E-1
470	3.487000E-1
480	4.327000E-1
490	5.476000E-1
500	6.531000E-1
510	7.236000E-1
520	7.614000E-1
530	7.736000E-1
540	7.729000E-1
550	7.649000E-1
560	7.459000E-1
570	7.264000E-1
580	6.971000E-1
590	6.586000E-1
600	6.075000E-1
610	5.545000E-1
620	5.163000E-1
630	4.934000E-1
640	4.762000E-1
650	4.613000E-1
660	4.524000E-1
670	4.554000E-1
680	4.675000E-1
690	4.841000E-1
700	5.029000E-1
710	5.172000E-1
720	5.178000E-1
730	5.136000E-1
"7.5GY 9/2"	""	""	
380	1.630000E-1
390	2.029000E-1
400	3.325000E-1
410	4.845000E-1
420	5.441000E-1
430	5.564000E-1
440	5.654000E-1
450	5.788000E-1
460	5.999000E-1
470	6.307000E-1
480	6.715000E-1
490	7.195000E-1
500	7.690000E-1
510	8.096000E-1
520	8.236000E-1
530	8.151000E-1
540	8.082000E-1
550	8.067000E-1
560	7.961000E-1
570	7.893000E-1
580	7.871000E-1
590	7.863000E-1
600	7.723000E-1
610	7.450000E-1
620	7.167000E-1
630	6.968000E-1
640	6.845000E-1
650	6.756000E-1
660	6.696000E-1
670	6.694000E-1
680	6.754000E-1
690	6.856000E-1
700	7.010000E-1
710	7.153000E-1
720	7.212000E-1
730	7.247000E-1
"7.5GY 9/4"	""	""	
380	1.725000E-1
390	2.153000E-1
400	3.201000E-1
410	4.132000E-1
420	4.388000E-1
430	4.427000E-1
440	4.503000E-1
450	4.589000E-1
460	4.776000E-1
470	5.278000E-1
480	6.154000E-1
490	7.123000E-1
500	7.824000E-1
510	8.203000E-1
520	8.374000E-1
530	8.404000E-1
540	8.377000E-1
550	8.318000E-1
560	8.178000E-1
570	8.066000E-1
580	7.857000E-1
590	7.571000E-1
600	7.192000E-1
610	6.804000E-1
620	6.512000E-1
630	6.323000E-1
640	6.169000E-1
650	6.034000E-1
660	5.941000E-1
670	5.925000E-1
680	5.989000E-1
690	6.090000E-1
700	6.215000E-1
710	6.309000E-1
720	6.305000E-1
730	6.249000E-1
"10GY 2.5/1"	""	""	
380	3.520000E-2
390	4.020000E-2
400	4.010000E-2
410	3.970000E-2
420	4.040000E-2
430	3.990000E-2
440	4.040000E-2
450	4.080000E-2
460	4.080000E-2
470	4.130000E-2
480	4.150000E-2
490	4.190000E-2
500	4.260000E-2
510	4.560000E-2
520	4.930000E-2
530	5.020000E-2
540	4.940000E-2
550	4.790000E-2
560	4.630000E-2
570	4.520000E-2
580	4.410000E-2
590	4.260000E-2
600	4.070000E-2
610	3.910000E-2
620	3.830000E-2
630	3.780000E-2
640	3.720000E-2
650	3.730000E-2
660	3.740000E-2
670	3.780000E-2
680	3.830000E-2
690	3.870000E-2
700	3.920000E-2
710	3.920000E-2
720	3.930000E-2
730	3.990000E-2
"10GY 2.5/2"	""	""	
380	4.290000E-2
390	4.200000E-2
400	4.230000E-2
410	4.380000E-2
420	4.330000E-2
430	4.330000E-2
440	4.360000E-2
450	4.380000E-2
460	4.400000E-2
470	4.470000E-2
480	4.540000E-2
490	4.600000E-2
500	4.720000E-2
510	5.170000E-2
520	5.810000E-2
530	6.050000E-2
540	5.960000E-2
550	5.790000E-2
560	5.540000E-2
570	5.320000E-2
580	5.050000E-2
590	4.790000E-2
600	4.490000E-2
610	4.230000E-2
620	4.080000E-2
630	3.970000E-2
640	3.910000E-2
650	3.900000E-2
660	3.910000E-2
670	3.940000E-2
680	4.040000E-2
690	4.130000E-2
700	4.180000E-2
710	4.250000E-2
720	4.220000E-2
730	4.220000E-2
"10GY 3/1"	""	""	
380	5.030000E-2
390	5.690000E-2
400	5.980000E-2
410	6.140000E-2
420	6.090000E-2
430	6.070000E-2
440	6.070000E-2
450	6.070000E-2
460	6.080000E-2
470	6.100000E-2
480	6.130000E-2
490	6.180000E-2
500	6.300000E-2
510	6.730000E-2
520	7.270000E-2
530	7.450000E-2
540	7.380000E-2
550	7.260000E-2
560	7.100000E-2
570	6.980000E-2
580	6.780000E-2
590	6.590000E-2
600	6.340000E-2
610	6.070000E-2
620	5.860000E-2
630	5.710000E-2
640	5.600000E-2
650	5.520000E-2
660	5.480000E-2
670	5.510000E-2
680	5.570000E-2
690	5.650000E-2
700	5.720000E-2
710	5.790000E-2
720	5.750000E-2
730	5.780000E-2
"10GY 3/2"	""	""	
380	4.110000E-2
390	4.870000E-2
400	4.830000E-2
410	4.890000E-2
420	4.860000E-2
430	4.880000E-2
440	4.900000E-2
450	4.920000E-2
460	5.020000E-2
470	5.190000E-2
480	5.310000E-2
490	5.420000E-2
500	5.650000E-2
510	6.320000E-2
520	7.340000E-2
530	7.760000E-2
540	7.660000E-2
550	7.390000E-2
560	7.040000E-2
570	6.700000E-2
580	6.320000E-2
590	5.880000E-2
600	5.430000E-2
610	5.060000E-2
620	4.820000E-2
630	4.670000E-2
640	4.560000E-2
650	4.490000E-2
660	4.470000E-2
670	4.470000E-2
680	4.500000E-2
690	4.550000E-2
700	4.650000E-2
710	4.670000E-2
720	4.720000E-2
730	4.720000E-2
"10GY 4/1"	""	""	
380	6.970000E-2
390	7.930000E-2
400	9.150000E-2
410	9.710000E-2
420	9.690000E-2
430	9.740000E-2
440	9.800000E-2
450	9.960000E-2
460	1.028000E-1
470	1.070000E-1
480	1.119000E-1
490	1.168000E-1
500	1.205000E-1
510	1.227000E-1
520	1.230000E-1
530	1.219000E-1
540	1.204000E-1
550	1.192000E-1
560	1.174000E-1
570	1.163000E-1
580	1.144000E-1
590	1.127000E-1
600	1.105000E-1
610	1.080000E-1
620	1.057000E-1
630	1.035000E-1
640	1.015000E-1
650	9.960000E-2
660	9.810000E-2
670	9.740000E-2
680	9.710000E-2
690	9.700000E-2
700	9.730000E-2
710	9.760000E-2
720	9.710000E-2
730	9.660000E-2
"10GY 4/2"	""	""	
380	6.030000E-2
390	7.220000E-2
400	7.990000E-2
410	8.300000E-2
420	8.310000E-2
430	8.340000E-2
440	8.440000E-2
450	8.610000E-2
460	8.920000E-2
470	9.720000E-2
480	1.099000E-1
490	1.218000E-1
500	1.280000E-1
510	1.294000E-1
520	1.292000E-1
530	1.278000E-1
540	1.262000E-1
550	1.248000E-1
560	1.223000E-1
570	1.202000E-1
580	1.171000E-1
590	1.133000E-1
600	1.078000E-1
610	1.015000E-1
620	9.600000E-2
630	9.240000E-2
640	8.940000E-2
650	8.690000E-2
660	8.520000E-2
670	8.530000E-2
680	8.650000E-2
690	8.820000E-2
700	9.010000E-2
710	9.130000E-2
720	9.090000E-2
730	9.010000E-2
"10GY 4/4"	""	""	
380	5.280000E-2
390	4.930000E-2
400	5.000000E-2
410	5.070000E-2
420	5.060000E-2
430	5.190000E-2
440	5.360000E-2
450	5.670000E-2
460	6.280000E-2
470	7.350000E-2
480	9.090000E-2
490	1.151000E-1
500	1.445000E-1
510	1.673000E-1
520	1.615000E-1
530	1.380000E-1
540	1.250000E-1
550	1.233000E-1
560	1.163000E-1
570	1.093000E-1
580	1.093000E-1
590	1.054000E-1
600	9.290000E-2
610	8.280000E-2
620	7.740000E-2
630	7.460000E-2
640	7.290000E-2
650	7.190000E-2
660	7.270000E-2
670	7.560000E-2
680	7.990000E-2
690	8.440000E-2
700	8.810000E-2
710	8.910000E-2
720	8.710000E-2
730	8.670000E-2
"10GY 5/1"	""	""	
380	9.310000E-2
390	1.200000E-1
400	1.478000E-1
410	1.642000E-1
420	1.664000E-1
430	1.664000E-1
440	1.676000E-1
450	1.704000E-1
460	1.756000E-1
470	1.826000E-1
480	1.912000E-1
490	2.002000E-1
500	2.066000E-1
510	2.095000E-1
520	2.097000E-1
530	2.079000E-1
540	2.058000E-1
550	2.039000E-1
560	2.012000E-1
570	1.995000E-1
580	1.966000E-1
590	1.938000E-1
600	1.903000E-1
610	1.865000E-1
620	1.828000E-1
630	1.794000E-1
640	1.760000E-1
650	1.731000E-1
660	1.708000E-1
670	1.693000E-1
680	1.687000E-1
690	1.684000E-1
700	1.683000E-1
710	1.683000E-1
720	1.671000E-1
730	1.661000E-1
"10GY 5/2"	""	""	
380	8.770000E-2
390	1.034000E-1
400	1.236000E-1
410	1.326000E-1
420	1.316000E-1
430	1.317000E-1
440	1.346000E-1
450	1.397000E-1
460	1.480000E-1
470	1.628000E-1
480	1.805000E-1
490	1.920000E-1
500	2.011000E-1
510	2.146000E-1
520	2.123000E-1
530	1.932000E-1
540	1.858000E-1
550	2.022000E-1
560	2.159000E-1
570	2.020000E-1
580	1.877000E-1
590	1.816000E-1
600	1.706000E-1
610	1.587000E-1
620	1.520000E-1
630	1.488000E-1
640	1.476000E-1
650	1.496000E-1
660	1.535000E-1
670	1.549000E-1
680	1.521000E-1
690	1.472000E-1
700	1.407000E-1
710	1.359000E-1
720	1.388000E-1
730	1.523000E-1
"10GY 5/4"	""	""	
380	7.310000E-2
390	8.840000E-2
400	9.740000E-2
410	1.053000E-1
420	1.047000E-1
430	1.058000E-1
440	1.079000E-1
450	1.123000E-1
460	1.211000E-1
470	1.346000E-1
480	1.553000E-1
490	1.822000E-1
500	2.084000E-1
510	2.262000E-1
520	2.329000E-1
530	2.321000E-1
540	2.285000E-1
550	2.232000E-1
560	2.153000E-1
570	2.068000E-1
580	1.955000E-1
590	1.823000E-1
600	1.657000E-1
610	1.492000E-1
620	1.366000E-1
630	1.282000E-1
640	1.215000E-1
650	1.164000E-1
660	1.123000E-1
670	1.106000E-1
680	1.113000E-1
690	1.130000E-1
700	1.163000E-1
710	1.194000E-1
720	1.204000E-1
730	1.201000E-1
"10GY 5/6"	""	""	
380	5.960000E-2
390	6.270000E-2
400	6.710000E-2
410	7.050000E-2
420	6.900000E-2
430	7.120000E-2
440	7.260000E-2
450	7.510000E-2
460	8.070000E-2
470	9.530000E-2
480	1.270000E-1
490	1.718000E-1
500	2.128000E-1
510	2.368000E-1
520	2.463000E-1
530	2.468000E-1
540	2.429000E-1
550	2.357000E-1
560	2.239000E-1
570	2.095000E-1
580	1.915000E-1
590	1.698000E-1
600	1.431000E-1
610	1.188000E-1
620	1.036000E-1
630	9.500000E-2
640	8.930000E-2
650	8.480000E-2
660	8.200000E-2
670	8.290000E-2
680	8.660000E-2
690	9.140000E-2
700	9.770000E-2
710	1.030000E-1
720	1.026000E-1
730	1.010000E-1
"10GY 5/8"	""	""	
380	4.700000E-2
390	4.990000E-2
400	4.760000E-2
410	4.850000E-2
420	4.830000E-2
430	4.720000E-2
440	4.780000E-2
450	4.870000E-2
460	5.410000E-2
470	7.270000E-2
480	1.226000E-1
490	2.001000E-1
500	2.552000E-1
510	2.720000E-1
520	2.709000E-1
530	2.625000E-1
540	2.508000E-1
550	2.352000E-1
560	2.144000E-1
570	1.923000E-1
580	1.682000E-1
590	1.436000E-1
600	1.208000E-1
610	1.049000E-1
620	9.670000E-2
630	9.310000E-2
640	9.040000E-2
650	8.890000E-2
660	9.050000E-2
670	9.380000E-2
680	9.370000E-2
690	9.440000E-2
700	1.019000E-1
710	1.058000E-1
720	1.039000E-1
730	1.087000E-1
"10GY 6/1"	""	""	
380	1.170000E-1
390	1.476000E-1
400	2.034000E-1
410	2.397000E-1
420	2.460000E-1
430	2.476000E-1
440	2.492000E-1
450	2.533000E-1
460	2.601000E-1
470	2.695000E-1
480	2.804000E-1
490	2.913000E-1
500	2.999000E-1
510	3.052000E-1
520	3.067000E-1
530	3.051000E-1
540	3.026000E-1
550	3.005000E-1
560	2.971000E-1
570	2.950000E-1
580	2.913000E-1
590	2.874000E-1
600	2.823000E-1
610	2.766000E-1
620	2.708000E-1
630	2.653000E-1
640	2.600000E-1
650	2.555000E-1
660	2.517000E-1
670	2.494000E-1
680	2.493000E-1
690	2.491000E-1
700	2.495000E-1
710	2.502000E-1
720	2.491000E-1
730	2.476000E-1
"10GY 6/2"	""	""	
380	1.021000E-1
390	1.336000E-1
400	1.805000E-1
410	2.072000E-1
420	2.128000E-1
430	2.146000E-1
440	2.186000E-1
450	2.251000E-1
460	2.346000E-1
470	2.495000E-1
480	2.669000E-1
490	2.843000E-1
500	2.989000E-1
510	3.082000E-1
520	3.119000E-1
530	3.107000E-1
540	3.077000E-1
550	3.047000E-1
560	2.992000E-1
570	2.947000E-1
580	2.876000E-1
590	2.788000E-1
600	2.672000E-1
610	2.543000E-1
620	2.428000E-1
630	2.340000E-1
640	2.261000E-1
650	2.188000E-1
660	2.132000E-1
670	2.106000E-1
680	2.100000E-1
690	2.109000E-1
700	2.140000E-1
710	2.163000E-1
720	2.159000E-1
730	2.157000E-1
"10GY 6/4"	""	""	
380	9.550000E-2
390	1.188000E-1
400	1.442000E-1
410	1.596000E-1
420	1.625000E-1
430	1.652000E-1
440	1.695000E-1
450	1.771000E-1
460	1.911000E-1
470	2.117000E-1
480	2.403000E-1
490	2.765000E-1
500	3.127000E-1
510	3.354000E-1
520	3.414000E-1
530	3.364000E-1
540	3.308000E-1
550	3.265000E-1
560	3.178000E-1
570	3.067000E-1
580	2.909000E-1
590	2.709000E-1
600	2.476000E-1
610	2.297000E-1
620	2.195000E-1
630	2.136000E-1
640	2.084000E-1
650	2.044000E-1
660	2.045000E-1
670	2.101000E-1
680	2.187000E-1
690	2.264000E-1
700	2.321000E-1
710	2.331000E-1
720	2.292000E-1
730	2.271000E-1
"10GY 6/6"	""	""	
380	8.130000E-2
390	9.170000E-2
400	1.051000E-1
410	1.119000E-1
420	1.136000E-1
430	1.156000E-1
440	1.205000E-1
450	1.286000E-1
460	1.423000E-1
470	1.664000E-1
480	2.022000E-1
490	2.488000E-1
500	3.044000E-1
510	3.556000E-1
520	3.726000E-1
530	3.604000E-1
540	3.511000E-1
550	3.489000E-1
560	3.365000E-1
570	3.167000E-1
580	2.950000E-1
590	2.686000E-1
600	2.330000E-1
610	1.982000E-1
620	1.732000E-1
630	1.570000E-1
640	1.443000E-1
650	1.340000E-1
660	1.272000E-1
670	1.249000E-1
680	1.264000E-1
690	1.312000E-1
700	1.385000E-1
710	1.463000E-1
720	1.498000E-1
730	1.510000E-1
"10GY 6/8"	""	""	
380	7.050000E-2
390	8.270000E-2
400	8.670000E-2
410	8.920000E-2
420	8.950000E-2
430	9.100000E-2
440	9.440000E-2
450	1.005000E-1
460	1.117000E-1
470	1.312000E-1
480	1.621000E-1
490	2.063000E-1
500	2.678000E-1
510	3.391000E-1
520	3.898000E-1
530	4.046000E-1
540	3.974000E-1
550	3.784000E-1
560	3.484000E-1
570	3.156000E-1
580	2.791000E-1
590	2.401000E-1
600	1.991000E-1
610	1.647000E-1
620	1.421000E-1
630	1.287000E-1
640	1.188000E-1
650	1.111000E-1
660	1.060000E-1
670	1.044000E-1
680	1.055000E-1
690	1.090000E-1
700	1.146000E-1
710	1.203000E-1
720	1.227000E-1
730	1.244000E-1
"10GY 6/10"	""	""	
380	6.000000E-2
390	6.470000E-2
400	6.400000E-2
410	6.450000E-2
420	6.420000E-2
430	6.540000E-2
440	6.740000E-2
450	7.140000E-2
460	7.900000E-2
470	9.380000E-2
480	1.191000E-1
490	1.598000E-1
500	2.271000E-1
510	3.268000E-1
520	4.184000E-1
530	4.538000E-1
540	4.430000E-1
550	4.076000E-1
560	3.564000E-1
570	3.051000E-1
580	2.553000E-1
590	2.081000E-1
600	1.645000E-1
610	1.327000E-1
620	1.139000E-1
630	1.033000E-1
640	9.600000E-2
650	9.010000E-2
660	8.630000E-2
670	8.510000E-2
680	8.570000E-2
690	8.790000E-2
700	9.200000E-2
710	9.620000E-2
720	9.800000E-2
730	9.970000E-2
"10GY 7/1"	""	""	
380	1.299000E-1
390	1.761000E-1
400	2.706000E-1
410	3.467000E-1
420	3.658000E-1
430	3.690000E-1
440	3.704000E-1
450	3.753000E-1
460	3.840000E-1
470	3.958000E-1
480	4.102000E-1
490	4.248000E-1
500	4.354000E-1
510	4.399000E-1
520	4.408000E-1
530	4.380000E-1
540	4.347000E-1
550	4.322000E-1
560	4.275000E-1
570	4.255000E-1
580	4.209000E-1
590	4.170000E-1
600	4.125000E-1
610	4.076000E-1
620	4.024000E-1
630	3.976000E-1
640	3.926000E-1
650	3.885000E-1
660	3.849000E-1
670	3.823000E-1
680	3.812000E-1
690	3.798000E-1
700	3.790000E-1
710	3.774000E-1
720	3.740000E-1
730	3.715000E-1
"10GY 7/2"	""	""	
380	1.349000E-1
390	1.777000E-1
400	2.537000E-1
410	3.069000E-1
420	3.207000E-1
430	3.252000E-1
440	3.316000E-1
450	3.410000E-1
460	3.549000E-1
470	3.740000E-1
480	3.960000E-1
490	4.193000E-1
500	4.394000E-1
510	4.530000E-1
520	4.591000E-1
530	4.585000E-1
540	4.552000E-1
550	4.511000E-1
560	4.428000E-1
570	4.352000E-1
580	4.232000E-1
590	4.087000E-1
600	3.915000E-1
610	3.771000E-1
620	3.680000E-1
630	3.622000E-1
640	3.580000E-1
650	3.551000E-1
660	3.564000E-1
670	3.610000E-1
680	3.673000E-1
690	3.717000E-1
700	3.752000E-1
710	3.770000E-1
720	3.763000E-1
730	3.781000E-1
"10GY 7/4"	""	""	
380	1.188000E-1
390	1.489000E-1
400	2.006000E-1
410	2.306000E-1
420	2.377000E-1
430	2.413000E-1
440	2.480000E-1
450	2.586000E-1
460	2.751000E-1
470	3.005000E-1
480	3.338000E-1
490	3.741000E-1
500	4.174000E-1
510	4.534000E-1
520	4.722000E-1
530	4.750000E-1
540	4.703000E-1
550	4.626000E-1
560	4.492000E-1
570	4.350000E-1
580	4.139000E-1
590	3.867000E-1
600	3.552000E-1
610	3.304000E-1
620	3.159000E-1
630	3.079000E-1
640	3.017000E-1
650	2.971000E-1
660	2.987000E-1
670	3.077000E-1
680	3.196000E-1
690	3.298000E-1
700	3.375000E-1
710	3.390000E-1
720	3.337000E-1
730	3.306000E-1
"10GY 7/6"	""	""	
380	1.118000E-1
390	1.291000E-1
400	1.672000E-1
410	1.867000E-1
420	1.899000E-1
430	1.941000E-1
440	1.986000E-1
450	2.061000E-1
460	2.190000E-1
470	2.519000E-1
480	3.152000E-1
490	3.943000E-1
500	4.581000E-1
510	4.924000E-1
520	5.055000E-1
530	5.058000E-1
540	4.999000E-1
550	4.899000E-1
560	4.725000E-1
570	4.530000E-1
580	4.268000E-1
590	3.941000E-1
600	3.511000E-1
610	3.080000E-1
620	2.777000E-1
630	2.600000E-1
640	2.470000E-1
650	2.359000E-1
660	2.292000E-1
670	2.299000E-1
680	2.380000E-1
690	2.490000E-1
700	2.616000E-1
710	2.715000E-1
720	2.721000E-1
730	2.681000E-1
"10GY 7/8"	""	""	
380	1.015000E-1
390	1.186000E-1
400	1.349000E-1
410	1.452000E-1
420	1.477000E-1
430	1.523000E-1
440	1.596000E-1
450	1.723000E-1
460	1.918000E-1
470	2.195000E-1
480	2.538000E-1
490	2.887000E-1
500	3.221000E-1
510	3.875000E-1
520	5.040000E-1
530	5.910000E-1
540	5.988000E-1
550	5.584000E-1
560	5.006000E-1
570	4.443000E-1
580	3.858000E-1
590	3.272000E-1
600	2.750000E-1
610	2.409000E-1
620	2.232000E-1
630	2.145000E-1
640	2.075000E-1
650	2.026000E-1
660	2.041000E-1
670	2.132000E-1
680	2.269000E-1
690	2.405000E-1
700	2.507000E-1
710	2.533000E-1
720	2.480000E-1
730	2.459000E-1
"10GY 7/10"	""	""	
380	9.060000E-2
390	9.680000E-2
400	1.074000E-1
410	1.104000E-1
420	1.096000E-1
430	1.108000E-1
440	1.140000E-1
450	1.186000E-1
460	1.284000E-1
470	1.581000E-1
480	2.265000E-1
490	3.344000E-1
500	4.514000E-1
510	5.418000E-1
520	5.881000E-1
530	5.950000E-1
540	5.788000E-1
550	5.470000E-1
560	5.006000E-1
570	4.524000E-1
580	4.001000E-1
590	3.442000E-1
600	2.844000E-1
610	2.349000E-1
620	2.039000E-1
630	1.867000E-1
640	1.752000E-1
650	1.650000E-1
660	1.591000E-1
670	1.594000E-1
680	1.658000E-1
690	1.756000E-1
700	1.866000E-1
710	1.945000E-1
720	1.921000E-1
730	1.870000E-1
"10GY 8/1"	""	""	
380	1.500000E-1
390	1.959000E-1
400	3.268000E-1
410	4.645000E-1
420	5.153000E-1
430	5.242000E-1
440	5.277000E-1
450	5.347000E-1
460	5.439000E-1
470	5.571000E-1
480	5.714000E-1
490	5.859000E-1
500	5.974000E-1
510	6.046000E-1
520	6.080000E-1
530	6.067000E-1
540	6.043000E-1
550	6.028000E-1
560	5.988000E-1
570	5.973000E-1
580	5.923000E-1
590	5.872000E-1
600	5.796000E-1
610	5.712000E-1
620	5.623000E-1
630	5.544000E-1
640	5.467000E-1
650	5.400000E-1
660	5.349000E-1
670	5.332000E-1
680	5.343000E-1
690	5.361000E-1
700	5.398000E-1
710	5.425000E-1
720	5.425000E-1
730	5.420000E-1
"10GY 8/2"	""	""	
380	1.539000E-1
390	1.951000E-1
400	3.134000E-1
410	4.294000E-1
420	4.659000E-1
430	4.706000E-1
440	4.716000E-1
450	4.765000E-1
460	4.842000E-1
470	4.964000E-1
480	5.170000E-1
490	5.502000E-1
500	5.868000E-1
510	6.114000E-1
520	6.226000E-1
530	6.232000E-1
540	6.198000E-1
550	6.159000E-1
560	6.070000E-1
570	5.995000E-1
580	5.864000E-1
590	5.703000E-1
600	5.474000E-1
610	5.221000E-1
620	4.999000E-1
630	4.827000E-1
640	4.679000E-1
650	4.547000E-1
660	4.451000E-1
670	4.410000E-1
680	4.427000E-1
690	4.473000E-1
700	4.555000E-1
710	4.633000E-1
720	4.653000E-1
730	4.652000E-1
"10GY 8/4"	""	""	
380	1.396000E-1
390	1.735000E-1
400	2.574000E-1
410	3.216000E-1
420	3.380000E-1
430	3.417000E-1
440	3.462000E-1
450	3.556000E-1
460	3.789000E-1
470	4.338000E-1
480	5.249000E-1
490	6.060000E-1
500	6.434000E-1
510	6.552000E-1
520	6.594000E-1
530	6.583000E-1
540	6.544000E-1
550	6.480000E-1
560	6.340000E-1
570	6.186000E-1
580	5.943000E-1
590	5.629000E-1
600	5.240000E-1
610	4.883000E-1
620	4.642000E-1
630	4.506000E-1
640	4.412000E-1
650	4.342000E-1
660	4.324000E-1
670	4.385000E-1
680	4.509000E-1
690	4.652000E-1
700	4.778000E-1
710	4.822000E-1
720	4.774000E-1
730	4.824000E-1
"10GY 8/6"	""	""	
380	1.277000E-1
390	1.592000E-1
400	2.222000E-1
410	2.646000E-1
420	2.752000E-1
430	2.806000E-1
440	2.883000E-1
450	2.977000E-1
460	3.148000E-1
470	3.564000E-1
480	4.340000E-1
490	5.312000E-1
500	6.122000E-1
510	6.585000E-1
520	6.785000E-1
530	6.803000E-1
540	6.731000E-1
550	6.598000E-1
560	6.357000E-1
570	6.088000E-1
580	5.738000E-1
590	5.303000E-1
600	4.751000E-1
610	4.201000E-1
620	3.814000E-1
630	3.588000E-1
640	3.425000E-1
650	3.282000E-1
660	3.199000E-1
670	3.225000E-1
680	3.338000E-1
690	3.492000E-1
700	3.668000E-1
710	3.798000E-1
720	3.804000E-1
730	3.755000E-1
"10GY 8.5/1"	""	""	
380	1.654000E-1
390	2.041000E-1
400	3.421000E-1
410	5.013000E-1
420	5.662000E-1
430	5.788000E-1
440	5.843000E-1
450	5.936000E-1
460	6.068000E-1
470	6.244000E-1
480	6.457000E-1
490	6.670000E-1
500	6.851000E-1
510	6.974000E-1
520	7.036000E-1
530	7.034000E-1
540	7.014000E-1
550	6.993000E-1
560	6.932000E-1
570	6.903000E-1
580	6.823000E-1
590	6.734000E-1
600	6.600000E-1
610	6.454000E-1
620	6.323000E-1
630	6.215000E-1
640	6.111000E-1
650	6.021000E-1
660	5.957000E-1
670	5.925000E-1
680	5.931000E-1
690	5.955000E-1
700	6.003000E-1
710	6.047000E-1
720	6.058000E-1
730	6.063000E-1
"10GY 8.5/2"	""	""	
380	1.509000E-1
390	1.922000E-1
400	3.160000E-1
410	4.494000E-1
420	4.982000E-1
430	5.092000E-1
440	5.168000E-1
450	5.289000E-1
460	5.471000E-1
470	5.734000E-1
480	6.063000E-1
490	6.416000E-1
500	6.745000E-1
510	6.994000E-1
520	7.123000E-1
530	7.138000E-1
540	7.111000E-1
550	7.075000E-1
560	6.980000E-1
570	6.905000E-1
580	6.763000E-1
590	6.593000E-1
600	6.357000E-1
610	6.103000E-1
620	5.885000E-1
630	5.721000E-1
640	5.578000E-1
650	5.450000E-1
660	5.353000E-1
670	5.311000E-1
680	5.324000E-1
690	5.366000E-1
700	5.442000E-1
710	5.516000E-1
720	5.542000E-1
730	5.547000E-1
"10GY 8.5/4"	""	""	
380	1.529000E-1
390	1.959000E-1
400	2.938000E-1
410	3.817000E-1
420	4.065000E-1
430	4.133000E-1
440	4.211000E-1
450	4.351000E-1
460	4.594000E-1
470	4.962000E-1
480	5.480000E-1
490	6.159000E-1
500	6.911000E-1
510	7.497000E-1
520	7.715000E-1
530	7.629000E-1
540	7.510000E-1
550	7.400000E-1
560	7.167000E-1
570	6.942000E-1
580	6.709000E-1
590	6.441000E-1
600	6.037000E-1
610	5.594000E-1
620	5.241000E-1
630	4.998000E-1
640	4.813000E-1
650	4.664000E-1
660	4.556000E-1
670	4.511000E-1
680	4.535000E-1
690	4.604000E-1
700	4.723000E-1
710	4.844000E-1
720	4.892000E-1
730	4.911000E-1
"10GY 8.5/6"	""	""	
380	1.516000E-1
390	1.860000E-1
400	2.605000E-1
410	3.116000E-1
420	3.207000E-1
430	3.244000E-1
440	3.323000E-1
450	3.405000E-1
460	3.598000E-1
470	4.103000E-1
480	5.056000E-1
490	6.213000E-1
500	7.169000E-1
510	7.734000E-1
520	7.964000E-1
530	7.971000E-1
540	7.870000E-1
550	7.689000E-1
560	7.384000E-1
570	7.070000E-1
580	6.666000E-1
590	6.180000E-1
600	5.595000E-1
610	5.045000E-1
620	4.661000E-1
630	4.430000E-1
640	4.264000E-1
650	4.111000E-1
660	4.017000E-1
670	4.024000E-1
680	4.124000E-1
690	4.267000E-1
700	4.434000E-1
710	4.540000E-1
720	4.508000E-1
730	4.424000E-1
"10GY 9/1"	""	""	
380	1.741000E-1
390	2.110000E-1
400	3.548000E-1
410	5.394000E-1
420	6.326000E-1
430	6.600000E-1
440	6.790000E-1
450	6.975000E-1
460	7.106000E-1
470	7.225000E-1
480	7.334000E-1
490	7.450000E-1
500	7.571000E-1
510	7.708000E-1
520	7.866000E-1
530	7.996000E-1
540	8.096000E-1
550	8.147000E-1
560	8.087000E-1
570	8.036000E-1
580	7.950000E-1
590	7.819000E-1
600	7.562000E-1
610	7.264000E-1
620	7.006000E-1
630	6.812000E-1
640	6.642000E-1
650	6.495000E-1
660	6.394000E-1
670	6.363000E-1
680	6.398000E-1
690	6.477000E-1
700	6.598000E-1
710	6.708000E-1
720	6.753000E-1
730	6.779000E-1
"10GY 9/2"	""	""	
380	1.818000E-1
390	2.289000E-1
400	3.654000E-1
410	5.285000E-1
420	5.934000E-1
430	6.052000E-1
440	6.125000E-1
450	6.208000E-1
460	6.370000E-1
470	6.742000E-1
480	7.308000E-1
490	7.819000E-1
500	8.114000E-1
510	8.240000E-1
520	8.295000E-1
530	8.287000E-1
540	8.253000E-1
550	8.216000E-1
560	8.114000E-1
570	8.043000E-1
580	7.890000E-1
590	7.682000E-1
600	7.389000E-1
610	7.076000E-1
620	6.826000E-1
630	6.661000E-1
640	6.523000E-1
650	6.400000E-1
660	6.318000E-1
670	6.306000E-1
680	6.370000E-1
690	6.458000E-1
700	6.565000E-1
710	6.641000E-1
720	6.621000E-1
730	6.579000E-1
"10GY 9/4"	""	""	
380	1.642000E-1
390	2.033000E-1
400	3.169000E-1
410	4.266000E-1
420	4.596000E-1
430	4.673000E-1
440	4.761000E-1
450	4.867000E-1
460	5.068000E-1
470	5.578000E-1
480	6.440000E-1
490	7.387000E-1
500	8.081000E-1
510	8.451000E-1
520	8.602000E-1
530	8.613000E-1
540	8.556000E-1
550	8.455000E-1
560	8.255000E-1
570	8.078000E-1
580	7.798000E-1
590	7.430000E-1
600	6.955000E-1
610	6.484000E-1
620	6.140000E-1
630	5.926000E-1
640	5.773000E-1
650	5.632000E-1
660	5.544000E-1
670	5.563000E-1
680	5.675000E-1
690	5.826000E-1
700	5.991000E-1
710	6.096000E-1
720	6.068000E-1
730	5.996000E-1
"2.5G 2.5/2"	""	""	
380	3.330000E-2
390	3.710000E-2
400	3.990000E-2
410	3.910000E-2
420	3.950000E-2
430	3.950000E-2
440	3.970000E-2
450	4.060000E-2
460	4.190000E-2
470	4.470000E-2
480	4.810000E-2
490	5.270000E-2
500	5.690000E-2
510	5.860000E-2
520	5.820000E-2
530	5.640000E-2
540	5.390000E-2
550	5.090000E-2
560	4.750000E-2
570	4.420000E-2
580	4.100000E-2
590	3.840000E-2
600	3.650000E-2
610	3.560000E-2
620	3.540000E-2
630	3.520000E-2
640	3.500000E-2
650	3.530000E-2
660	3.580000E-2
670	3.640000E-2
680	3.690000E-2
690	3.750000E-2
700	3.770000E-2
710	3.750000E-2
720	3.750000E-2
730	3.810000E-2
"2.5G 3/2"	""	""	
380	4.900000E-2
390	5.280000E-2
400	5.140000E-2
410	5.420000E-2
420	5.350000E-2
430	5.350000E-2
440	5.390000E-2
450	5.460000E-2
460	5.650000E-2
470	5.970000E-2
480	6.430000E-2
490	7.010000E-2
500	7.480000E-2
510	7.700000E-2
520	7.720000E-2
530	7.580000E-2
540	7.400000E-2
550	7.190000E-2
560	6.890000E-2
570	6.590000E-2
580	6.230000E-2
590	5.850000E-2
600	5.460000E-2
610	5.160000E-2
620	4.970000E-2
630	4.850000E-2
640	4.780000E-2
650	4.730000E-2
660	4.690000E-2
670	4.730000E-2
680	4.770000E-2
690	4.820000E-2
700	4.870000E-2
710	4.930000E-2
720	4.900000E-2
730	4.870000E-2
"2.5G 3/4"	""	""	
380	2.620000E-2
390	3.110000E-2
400	3.160000E-2
410	3.220000E-2
420	3.300000E-2
430	3.360000E-2
440	3.500000E-2
450	3.770000E-2
460	4.190000E-2
470	4.940000E-2
480	5.940000E-2
490	7.150000E-2
500	8.390000E-2
510	9.180000E-2
520	9.230000E-2
530	8.670000E-2
540	7.830000E-2
550	6.930000E-2
560	6.020000E-2
570	5.340000E-2
580	4.860000E-2
590	4.490000E-2
600	4.180000E-2
610	3.970000E-2
620	3.890000E-2
630	3.870000E-2
640	3.870000E-2
650	3.890000E-2
660	3.950000E-2
670	4.050000E-2
680	4.110000E-2
690	4.150000E-2
700	4.190000E-2
710	4.210000E-2
720	4.230000E-2
730	4.300000E-2
"2.5G 4/2"	""	""	
380	8.220000E-2
390	8.600000E-2
400	9.770000E-2
410	1.021000E-1
420	1.009000E-1
430	1.013000E-1
440	1.008000E-1
450	1.019000E-1
460	1.029000E-1
470	1.026000E-1
480	1.024000E-1
490	1.026000E-1
500	1.060000E-1
510	1.222000E-1
520	1.447000E-1
530	1.501000E-1
540	1.426000E-1
550	1.320000E-1
560	1.201000E-1
570	1.104000E-1
580	1.040000E-1
590	1.001000E-1
600	9.670000E-2
610	9.380000E-2
620	9.370000E-2
630	9.770000E-2
640	1.038000E-1
650	1.100000E-1
660	1.146000E-1
670	1.138000E-1
680	1.071000E-1
690	1.005000E-1
700	9.900000E-2
710	1.009000E-1
720	1.043000E-1
730	1.105000E-1
"2.5G 4/4"	""	""	
380	6.090000E-2
390	5.610000E-2
400	6.560000E-2
410	6.640000E-2
420	6.650000E-2
430	6.810000E-2
440	6.870000E-2
450	7.160000E-2
460	7.600000E-2
470	8.440000E-2
480	9.900000E-2
490	1.159000E-1
500	1.326000E-1
510	1.436000E-1
520	1.468000E-1
530	1.451000E-1
540	1.406000E-1
550	1.338000E-1
560	1.241000E-1
570	1.138000E-1
580	1.022000E-1
590	8.970000E-2
600	7.720000E-2
610	6.700000E-2
620	6.070000E-2
630	5.760000E-2
640	5.510000E-2
650	5.310000E-2
660	5.200000E-2
670	5.190000E-2
680	5.240000E-2
690	5.350000E-2
700	5.570000E-2
710	5.700000E-2
720	5.590000E-2
730	5.600000E-2
"2.5G 4/4"	""	""	
380	5.670000E-2
390	5.350000E-2
400	5.470000E-2
410	5.530000E-2
420	5.460000E-2
430	5.620000E-2
440	5.670000E-2
450	5.890000E-2
460	6.380000E-2
470	7.340000E-2
480	9.210000E-2
490	1.178000E-1
500	1.475000E-1
510	1.726000E-1
520	1.817000E-1
530	1.755000E-1
540	1.620000E-1
550	1.440000E-1
560	1.233000E-1
570	1.049000E-1
580	8.770000E-2
590	7.240000E-2
600	6.070000E-2
610	5.390000E-2
620	5.010000E-2
630	4.820000E-2
640	4.710000E-2
650	4.630000E-2
660	4.580000E-2
670	4.610000E-2
680	4.660000E-2
690	4.700000E-2
700	4.820000E-2
710	4.910000E-2
720	4.940000E-2
730	4.960000E-2
"2.5G 5/2"	""	""	
380	9.040000E-2
390	1.061000E-1
400	1.292000E-1
410	1.409000E-1
420	1.438000E-1
430	1.465000E-1
440	1.502000E-1
450	1.556000E-1
460	1.617000E-1
470	1.703000E-1
480	1.799000E-1
490	1.906000E-1
500	1.999000E-1
510	2.066000E-1
520	2.103000E-1
530	2.112000E-1
540	2.107000E-1
550	2.084000E-1
560	2.025000E-1
570	1.963000E-1
580	1.898000E-1
590	1.829000E-1
600	1.720000E-1
610	1.596000E-1
620	1.502000E-1
630	1.450000E-1
640	1.408000E-1
650	1.366000E-1
660	1.331000E-1
670	1.314000E-1
680	1.308000E-1
690	1.319000E-1
700	1.352000E-1
710	1.396000E-1
720	1.419000E-1
730	1.439000E-1
"2.5G 5/4"	""	""	
380	8.060000E-2
390	9.890000E-2
400	1.131000E-1
410	1.206000E-1
420	1.225000E-1
430	1.245000E-1
440	1.277000E-1
450	1.342000E-1
460	1.443000E-1
470	1.608000E-1
480	1.818000E-1
490	2.027000E-1
500	2.201000E-1
510	2.315000E-1
520	2.354000E-1
530	2.335000E-1
540	2.286000E-1
550	2.221000E-1
560	2.124000E-1
570	2.014000E-1
580	1.877000E-1
590	1.714000E-1
600	1.516000E-1
610	1.328000E-1
620	1.194000E-1
630	1.105000E-1
640	1.037000E-1
650	9.820000E-2
660	9.450000E-2
670	9.300000E-2
680	9.360000E-2
690	9.570000E-2
700	9.910000E-2
710	1.024000E-1
720	1.032000E-1
730	1.036000E-1
"2.5G 5/6"	""	""	
380	7.310000E-2
390	8.460000E-2
400	9.520000E-2
410	1.001000E-1
420	1.009000E-1
430	1.028000E-1
440	1.047000E-1
450	1.095000E-1
460	1.177000E-1
470	1.320000E-1
480	1.561000E-1
490	1.935000E-1
500	2.410000E-1
510	2.725000E-1
520	2.738000E-1
530	2.626000E-1
540	2.482000E-1
550	2.244000E-1
560	1.957000E-1
570	1.765000E-1
580	1.746000E-1
590	1.615000E-1
600	1.307000E-1
610	1.049000E-1
620	8.960000E-2
630	8.120000E-2
640	7.540000E-2
650	7.120000E-2
660	6.860000E-2
670	6.790000E-2
680	6.880000E-2
690	7.080000E-2
700	7.400000E-2
710	7.720000E-2
720	7.850000E-2
730	7.960000E-2
"2.5G 5/8"	""	""	
380	6.850000E-2
390	7.060000E-2
400	7.410000E-2
410	7.670000E-2
420	7.750000E-2
430	7.830000E-2
440	8.100000E-2
450	8.520000E-2
460	9.370000E-2
470	1.111000E-1
480	1.419000E-1
490	1.877000E-1
500	2.452000E-1
510	2.954000E-1
520	3.158000E-1
530	3.087000E-1
540	2.857000E-1
550	2.528000E-1
560	2.133000E-1
570	1.773000E-1
580	1.458000E-1
590	1.180000E-1
600	9.380000E-2
610	7.750000E-2
620	6.850000E-2
630	6.400000E-2
640	6.100000E-2
650	5.900000E-2
660	5.750000E-2
670	5.740000E-2
680	5.830000E-2
690	5.970000E-2
700	6.210000E-2
710	6.380000E-2
720	6.360000E-2
730	6.330000E-2
"2.5G 5/10"	""	""	
380	5.750000E-2
390	6.210000E-2
400	6.470000E-2
410	6.490000E-2
420	6.550000E-2
430	6.590000E-2
440	6.730000E-2
450	7.040000E-2
460	7.600000E-2
470	8.940000E-2
480	1.156000E-1
490	1.622000E-1
500	2.404000E-1
510	3.340000E-1
520	3.857000E-1
530	3.740000E-1
540	3.259000E-1
550	2.642000E-1
560	2.023000E-1
570	1.549000E-1
580	1.201000E-1
590	9.380000E-2
600	7.450000E-2
610	6.290000E-2
620	5.730000E-2
630	5.430000E-2
640	5.250000E-2
650	5.140000E-2
660	5.060000E-2
670	5.080000E-2
680	5.140000E-2
690	5.250000E-2
700	5.400000E-2
710	5.520000E-2
720	5.500000E-2
730	5.520000E-2
"2.5G 6/2"	""	""	
380	1.122000E-1
390	1.457000E-1
400	2.006000E-1
410	2.350000E-1
420	2.424000E-1
430	2.429000E-1
440	2.443000E-1
450	2.471000E-1
460	2.517000E-1
470	2.599000E-1
480	2.726000E-1
490	2.901000E-1
500	3.066000E-1
510	3.166000E-1
520	3.197000E-1
530	3.181000E-1
540	3.151000E-1
550	3.116000E-1
560	3.055000E-1
570	3.000000E-1
580	2.913000E-1
590	2.808000E-1
600	2.668000E-1
610	2.508000E-1
620	2.373000E-1
630	2.272000E-1
640	2.188000E-1
650	2.114000E-1
660	2.061000E-1
670	2.039000E-1
680	2.042000E-1
690	2.065000E-1
700	2.107000E-1
710	2.140000E-1
720	2.145000E-1
730	2.152000E-1
"2.5G 6/4"	""	""	
380	1.028000E-1
390	1.252000E-1
400	1.613000E-1
410	1.824000E-1
420	1.855000E-1
430	1.883000E-1
440	1.913000E-1
450	1.977000E-1
460	2.135000E-1
470	2.480000E-1
480	2.985000E-1
490	3.384000E-1
500	3.540000E-1
510	3.576000E-1
520	3.576000E-1
530	3.541000E-1
540	3.488000E-1
550	3.417000E-1
560	3.299000E-1
570	3.161000E-1
580	2.966000E-1
590	2.717000E-1
600	2.415000E-1
610	2.143000E-1
620	1.961000E-1
630	1.855000E-1
640	1.782000E-1
650	1.724000E-1
660	1.698000E-1
670	1.723000E-1
680	1.789000E-1
690	1.876000E-1
700	1.957000E-1
710	2.002000E-1
720	1.993000E-1
730	2.011000E-1
"2.5G 6/6"	""	""	
380	9.320000E-2
390	1.115000E-1
400	1.362000E-1
410	1.521000E-1
420	1.554000E-1
430	1.598000E-1
440	1.653000E-1
450	1.739000E-1
460	1.889000E-1
470	2.121000E-1
480	2.457000E-1
490	2.912000E-1
500	3.399000E-1
510	3.753000E-1
520	3.901000E-1
530	3.886000E-1
540	3.773000E-1
550	3.594000E-1
560	3.334000E-1
570	3.048000E-1
580	2.712000E-1
590	2.346000E-1
600	1.974000E-1
610	1.688000E-1
620	1.515000E-1
630	1.420000E-1
640	1.356000E-1
650	1.306000E-1
660	1.278000E-1
670	1.291000E-1
680	1.342000E-1
690	1.410000E-1
700	1.481000E-1
710	1.530000E-1
720	1.530000E-1
730	1.545000E-1
"2.5G 6/8"	""	""	
380	8.980000E-2
390	1.087000E-1
400	1.229000E-1
410	1.331000E-1
420	1.347000E-1
430	1.365000E-1
440	1.408000E-1
450	1.474000E-1
460	1.588000E-1
470	1.793000E-1
480	2.126000E-1
490	2.638000E-1
500	3.327000E-1
510	3.951000E-1
520	4.248000E-1
530	4.226000E-1
540	4.030000E-1
550	3.741000E-1
560	3.364000E-1
570	2.985000E-1
580	2.577000E-1
590	2.147000E-1
600	1.716000E-1
610	1.379000E-1
620	1.177000E-1
630	1.060000E-1
640	9.780000E-2
650	9.140000E-2
660	8.750000E-2
670	8.610000E-2
680	8.690000E-2
690	8.970000E-2
700	9.430000E-2
710	9.870000E-2
720	1.002000E-1
730	1.024000E-1
"2.5G 6/10"	""	""	
380	7.160000E-2
390	8.660000E-2
400	9.300000E-2
410	9.850000E-2
420	1.005000E-1
430	1.021000E-1
440	1.066000E-1
450	1.126000E-1
460	1.229000E-1
470	1.495000E-1
480	2.051000E-1
490	2.901000E-1
500	3.838000E-1
510	4.484000E-1
520	4.660000E-1
530	4.517000E-1
540	4.203000E-1
550	3.768000E-1
560	3.240000E-1
570	2.742000E-1
580	2.275000E-1
590	1.833000E-1
600	1.412000E-1
610	1.096000E-1
620	9.260000E-2
630	8.430000E-2
640	7.850000E-2
650	7.430000E-2
660	7.220000E-2
670	7.300000E-2
680	7.590000E-2
690	8.060000E-2
700	8.690000E-2
710	9.130000E-2
720	9.110000E-2
730	9.000000E-2
"2.5G 6/12"	""	""	
380	7.790000E-2
390	8.400000E-2
400	9.060000E-2
410	9.300000E-2
420	9.420000E-2
430	9.620000E-2
440	9.910000E-2
450	1.036000E-1
460	1.118000E-1
470	1.332000E-1
480	1.818000E-1
490	2.676000E-1
500	3.821000E-1
510	4.763000E-1
520	5.074000E-1
530	4.897000E-1
540	4.455000E-1
550	3.840000E-1
560	3.137000E-1
570	2.530000E-1
580	2.014000E-1
590	1.567000E-1
600	1.194000E-1
610	9.430000E-2
620	8.180000E-2
630	7.570000E-2
640	7.190000E-2
650	6.890000E-2
660	6.730000E-2
670	6.810000E-2
680	7.040000E-2
690	7.370000E-2
700	7.780000E-2
710	8.120000E-2
720	8.110000E-2
730	8.040000E-2
"2.5G 7/2"	""	""	
380	1.299000E-1
390	1.649000E-1
400	2.381000E-1
410	2.925000E-1
420	3.131000E-1
430	3.273000E-1
440	3.448000E-1
450	3.624000E-1
460	3.750000E-1
470	3.847000E-1
480	3.917000E-1
490	3.996000E-1
500	4.081000E-1
510	4.185000E-1
520	4.294000E-1
530	4.382000E-1
540	4.443000E-1
550	4.479000E-1
560	4.490000E-1
570	4.522000E-1
580	4.420000E-1
590	4.117000E-1
600	3.689000E-1
610	3.353000E-1
620	3.167000E-1
630	3.069000E-1
640	2.988000E-1
650	2.931000E-1
660	2.952000E-1
670	3.068000E-1
680	3.234000E-1
690	3.399000E-1
700	3.530000E-1
710	3.566000E-1
720	3.493000E-1
730	3.460000E-1
"2.5G 7/4"	""	""	
380	1.260000E-1
390	1.600000E-1
400	2.227000E-1
410	2.646000E-1
420	2.762000E-1
430	2.809000E-1
440	2.878000E-1
450	2.997000E-1
460	3.174000E-1
470	3.458000E-1
480	3.810000E-1
490	4.162000E-1
500	4.473000E-1
510	4.694000E-1
520	4.785000E-1
530	4.772000E-1
540	4.710000E-1
550	4.620000E-1
560	4.470000E-1
570	4.312000E-1
580	4.094000E-1
590	3.827000E-1
600	3.488000E-1
610	3.138000E-1
620	2.867000E-1
630	2.679000E-1
640	2.527000E-1
650	2.394000E-1
660	2.301000E-1
670	2.265000E-1
680	2.275000E-1
690	2.322000E-1
700	2.404000E-1
710	2.484000E-1
720	2.508000E-1
730	2.515000E-1
"2.5G 7/6"	""	""	
380	1.197000E-1
390	1.471000E-1
400	2.015000E-1
410	2.352000E-1
420	2.440000E-1
430	2.470000E-1
440	2.525000E-1
450	2.623000E-1
460	2.771000E-1
470	3.013000E-1
480	3.394000E-1
490	3.967000E-1
500	4.695000E-1
510	5.265000E-1
520	5.427000E-1
530	5.331000E-1
540	5.122000E-1
550	4.791000E-1
560	4.361000E-1
570	4.027000E-1
580	3.864000E-1
590	3.590000E-1
600	3.110000E-1
610	2.649000E-1
620	2.330000E-1
630	2.132000E-1
640	1.980000E-1
650	1.854000E-1
660	1.765000E-1
670	1.733000E-1
680	1.747000E-1
690	1.800000E-1
700	1.890000E-1
710	1.983000E-1
720	2.022000E-1
730	2.040000E-1
"2.5G 7/8"	""	""	
380	1.069000E-1
390	1.283000E-1
400	1.643000E-1
410	1.844000E-1
420	1.904000E-1
430	1.955000E-1
440	2.028000E-1
450	2.159000E-1
460	2.388000E-1
470	2.774000E-1
480	3.362000E-1
490	4.119000E-1
500	4.983000E-1
510	5.651000E-1
520	5.858000E-1
530	5.847000E-1
540	5.647000E-1
550	5.157000E-1
560	4.603000E-1
570	4.183000E-1
580	3.719000E-1
590	3.187000E-1
600	2.631000E-1
610	2.171000E-1
620	1.874000E-1
630	1.692000E-1
640	1.559000E-1
650	1.453000E-1
660	1.380000E-1
670	1.354000E-1
680	1.370000E-1
690	1.412000E-1
700	1.486000E-1
710	1.559000E-1
720	1.591000E-1
730	1.609000E-1
"2.5G 7/10"	""	""	
380	9.530000E-2
390	1.109000E-1
400	1.333000E-1
410	1.456000E-1
420	1.492000E-1
430	1.535000E-1
440	1.596000E-1
450	1.683000E-1
460	1.833000E-1
470	2.189000E-1
480	2.915000E-1
490	3.964000E-1
500	5.069000E-1
510	5.866000E-1
520	6.155000E-1
530	6.033000E-1
540	5.685000E-1
550	5.189000E-1
560	4.573000E-1
570	3.990000E-1
580	3.418000E-1
590	2.841000E-1
600	2.261000E-1
610	1.793000E-1
620	1.518000E-1
630	1.376000E-1
640	1.282000E-1
650	1.202000E-1
660	1.156000E-1
670	1.167000E-1
680	1.220000E-1
690	1.302000E-1
700	1.404000E-1
710	1.482000E-1
720	1.489000E-1
730	1.461000E-1
"2.5G 8/2"	""	""	
380	1.621000E-1
390	2.047000E-1
400	3.222000E-1
410	4.274000E-1
420	4.611000E-1
430	4.675000E-1
440	4.726000E-1
450	4.802000E-1
460	4.939000E-1
470	5.254000E-1
480	5.699000E-1
490	6.061000E-1
500	6.233000E-1
510	6.290000E-1
520	6.302000E-1
530	6.279000E-1
540	6.241000E-1
550	6.202000E-1
560	6.115000E-1
570	6.043000E-1
580	5.911000E-1
590	5.735000E-1
600	5.480000E-1
610	5.183000E-1
620	4.937000E-1
630	4.773000E-1
640	4.644000E-1
650	4.523000E-1
660	4.449000E-1
670	4.459000E-1
680	4.533000E-1
690	4.634000E-1
700	4.732000E-1
710	4.786000E-1
720	4.746000E-1
730	4.692000E-1
"2.5G 8/4"	""	""	
380	1.528000E-1
390	1.970000E-1
400	3.007000E-1
410	3.785000E-1
420	4.027000E-1
430	4.110000E-1
440	4.193000E-1
450	4.306000E-1
460	4.486000E-1
470	4.853000E-1
480	5.448000E-1
490	6.066000E-1
500	6.478000E-1
510	6.669000E-1
520	6.721000E-1
530	6.685000E-1
540	6.612000E-1
550	6.504000E-1
560	6.305000E-1
570	6.093000E-1
580	5.800000E-1
590	5.432000E-1
600	4.952000E-1
610	4.462000E-1
620	4.102000E-1
630	3.887000E-1
640	3.729000E-1
650	3.589000E-1
660	3.503000E-1
670	3.519000E-1
680	3.614000E-1
690	3.750000E-1
700	3.906000E-1
710	4.023000E-1
720	4.021000E-1
730	3.981000E-1
"2.5G 8/6"	""	""	
380	1.403000E-1
390	1.864000E-1
400	2.683000E-1
410	3.278000E-1
420	3.432000E-1
430	3.478000E-1
440	3.545000E-1
450	3.644000E-1
460	3.821000E-1
470	4.274000E-1
480	5.093000E-1
490	6.042000E-1
500	6.797000E-1
510	7.213000E-1
520	7.320000E-1
530	7.232000E-1
540	7.041000E-1
550	6.764000E-1
560	6.363000E-1
570	5.957000E-1
580	5.493000E-1
590	4.984000E-1
600	4.417000E-1
610	3.910000E-1
620	3.567000E-1
630	3.365000E-1
640	3.222000E-1
650	3.092000E-1
660	3.003000E-1
670	2.996000E-1
680	3.058000E-1
690	3.159000E-1
700	3.277000E-1
710	3.357000E-1
720	3.328000E-1
730	3.251000E-1
"2.5G 9/2"	""	""	
380	1.675000E-1
390	2.144000E-1
400	3.626000E-1
410	5.315000E-1
420	6.031000E-1
430	6.194000E-1
440	6.291000E-1
450	6.408000E-1
460	6.569000E-1
470	6.876000E-1
480	7.328000E-1
490	7.769000E-1
500	8.038000E-1
510	8.171000E-1
520	8.230000E-1
530	8.233000E-1
540	8.204000E-1
550	8.159000E-1
560	8.046000E-1
570	7.953000E-1
580	7.778000E-1
590	7.530000E-1
600	7.164000E-1
610	6.756000E-1
620	6.439000E-1
630	6.244000E-1
640	6.092000E-1
650	5.956000E-1
660	5.880000E-1
670	5.915000E-1
680	6.032000E-1
690	6.184000E-1
700	6.358000E-1
710	6.482000E-1
720	6.485000E-1
730	6.459000E-1
"5G 2.5/1"	""	""	
380	4.100000E-2
390	4.700000E-2
400	4.790000E-2
410	4.700000E-2
420	4.740000E-2
430	4.790000E-2
440	4.800000E-2
450	4.820000E-2
460	4.870000E-2
470	4.940000E-2
480	4.950000E-2
490	4.960000E-2
500	5.010000E-2
510	5.330000E-2
520	5.720000E-2
530	5.740000E-2
540	5.510000E-2
550	5.230000E-2
560	4.930000E-2
570	4.740000E-2
580	4.610000E-2
590	4.470000E-2
600	4.300000E-2
610	4.220000E-2
620	4.170000E-2
630	4.170000E-2
640	4.170000E-2
650	4.200000E-2
660	4.270000E-2
670	4.340000E-2
680	4.420000E-2
690	4.470000E-2
700	4.490000E-2
710	4.490000E-2
720	4.440000E-2
730	4.520000E-2
"5G 2.5/2"	""	""	
380	4.410000E-2
390	4.750000E-2
400	4.690000E-2
410	4.720000E-2
420	4.750000E-2
430	4.730000E-2
440	4.760000E-2
450	4.810000E-2
460	4.840000E-2
470	4.910000E-2
480	4.920000E-2
490	4.940000E-2
500	4.980000E-2
510	5.310000E-2
520	5.710000E-2
530	5.720000E-2
540	5.500000E-2
550	5.210000E-2
560	4.910000E-2
570	4.710000E-2
580	4.600000E-2
590	4.440000E-2
600	4.280000E-2
610	4.210000E-2
620	4.170000E-2
630	4.170000E-2
640	4.170000E-2
650	4.210000E-2
660	4.280000E-2
670	4.340000E-2
680	4.420000E-2
690	4.460000E-2
700	4.490000E-2
710	4.480000E-2
720	4.480000E-2
730	4.510000E-2
"5G 3/1"	""	""	
380	5.350000E-2
390	5.470000E-2
400	5.710000E-2
410	5.920000E-2
420	5.880000E-2
430	5.920000E-2
440	5.950000E-2
450	6.030000E-2
460	6.170000E-2
470	6.420000E-2
480	6.680000E-2
490	6.980000E-2
500	7.190000E-2
510	7.220000E-2
520	7.150000E-2
530	7.010000E-2
540	6.850000E-2
550	6.710000E-2
560	6.530000E-2
570	6.370000E-2
580	6.160000E-2
590	5.950000E-2
600	5.710000E-2
610	5.530000E-2
620	5.460000E-2
630	5.380000E-2
640	5.340000E-2
650	5.320000E-2
660	5.350000E-2
670	5.420000E-2
680	5.470000E-2
690	5.520000E-2
700	5.570000E-2
710	5.560000E-2
720	5.500000E-2
730	5.460000E-2
"5G 3/2"	""	""	
380	4.670000E-2
390	5.110000E-2
400	5.070000E-2
410	5.130000E-2
420	5.140000E-2
430	5.240000E-2
440	5.360000E-2
450	5.500000E-2
460	5.710000E-2
470	6.130000E-2
480	6.700000E-2
490	7.180000E-2
500	7.470000E-2
510	7.540000E-2
520	7.390000E-2
530	7.080000E-2
540	6.860000E-2
550	6.710000E-2
560	6.440000E-2
570	6.240000E-2
580	6.040000E-2
590	5.700000E-2
600	5.250000E-2
610	4.890000E-2
620	4.680000E-2
630	4.590000E-2
640	4.530000E-2
650	4.510000E-2
660	4.530000E-2
670	4.560000E-2
680	4.630000E-2
690	4.690000E-2
700	4.810000E-2
710	4.840000E-2
720	4.880000E-2
730	4.930000E-2
"5G 3/4"	""	""	
380	4.100000E-2
390	4.420000E-2
400	4.440000E-2
410	4.560000E-2
420	4.500000E-2
430	4.590000E-2
440	4.670000E-2
450	4.830000E-2
460	5.200000E-2
470	5.850000E-2
480	6.790000E-2
490	8.030000E-2
500	9.300000E-2
510	1.011000E-1
520	1.011000E-1
530	9.430000E-2
540	8.410000E-2
550	7.290000E-2
560	6.240000E-2
570	5.460000E-2
580	4.900000E-2
590	4.500000E-2
600	4.230000E-2
610	4.090000E-2
620	4.060000E-2
630	4.060000E-2
640	4.070000E-2
650	4.120000E-2
660	4.200000E-2
670	4.300000E-2
680	4.400000E-2
690	4.490000E-2
700	4.510000E-2
710	4.500000E-2
720	4.500000E-2
730	4.520000E-2
"5G 4/1"	""	""	
380	7.220000E-2
390	8.760000E-2
400	9.870000E-2
410	1.024000E-1
420	1.032000E-1
430	1.032000E-1
440	1.049000E-1
450	1.087000E-1
460	1.130000E-1
470	1.171000E-1
480	1.199000E-1
490	1.197000E-1
500	1.198000E-1
510	1.278000E-1
520	1.365000E-1
530	1.354000E-1
540	1.289000E-1
550	1.173000E-1
560	1.040000E-1
570	9.790000E-2
580	1.094000E-1
590	1.262000E-1
600	1.234000E-1
610	1.118000E-1
620	1.026000E-1
630	9.730000E-2
640	9.380000E-2
650	9.050000E-2
660	8.740000E-2
670	8.650000E-2
680	8.640000E-2
690	8.700000E-2
700	8.930000E-2
710	9.210000E-2
720	9.440000E-2
730	9.620000E-2
"5G 4/2"	""	""	
380	6.360000E-2
390	7.830000E-2
400	8.850000E-2
410	9.240000E-2
420	9.440000E-2
430	9.500000E-2
440	9.730000E-2
450	1.010000E-1
460	1.072000E-1
470	1.155000E-1
480	1.251000E-1
490	1.321000E-1
500	1.353000E-1
510	1.358000E-1
520	1.349000E-1
530	1.329000E-1
540	1.309000E-1
550	1.286000E-1
560	1.250000E-1
570	1.218000E-1
580	1.173000E-1
590	1.116000E-1
600	1.042000E-1
610	9.640000E-2
620	9.000000E-2
630	8.530000E-2
640	8.160000E-2
650	7.880000E-2
660	7.640000E-2
670	7.570000E-2
680	7.640000E-2
690	7.770000E-2
700	7.960000E-2
710	8.100000E-2
720	8.220000E-2
730	8.230000E-2
"5G 4/4"	""	""	
380	6.210000E-2
390	6.960000E-2
400	7.360000E-2
410	7.720000E-2
420	7.660000E-2
430	7.800000E-2
440	7.980000E-2
450	8.280000E-2
460	8.910000E-2
470	1.002000E-1
480	1.160000E-1
490	1.338000E-1
500	1.492000E-1
510	1.572000E-1
520	1.577000E-1
530	1.529000E-1
540	1.448000E-1
550	1.348000E-1
560	1.225000E-1
570	1.109000E-1
580	1.001000E-1
590	8.990000E-2
600	7.950000E-2
610	7.090000E-2
620	6.550000E-2
630	6.230000E-2
640	6.010000E-2
650	5.840000E-2
660	5.750000E-2
670	5.720000E-2
680	5.770000E-2
690	5.860000E-2
700	6.000000E-2
710	6.170000E-2
720	6.210000E-2
730	6.290000E-2
"5G 4/6"	""	""	
380	5.720000E-2
390	6.080000E-2
400	6.480000E-2
410	6.660000E-2
420	6.630000E-2
430	6.760000E-2
440	6.900000E-2
450	7.220000E-2
460	7.860000E-2
470	9.220000E-2
480	1.163000E-1
490	1.452000E-1
500	1.716000E-1
510	1.869000E-1
520	1.882000E-1
530	1.788000E-1
540	1.632000E-1
550	1.434000E-1
560	1.204000E-1
570	1.003000E-1
580	8.380000E-2
590	7.050000E-2
600	6.030000E-2
610	5.400000E-2
620	5.060000E-2
630	4.880000E-2
640	4.760000E-2
650	4.700000E-2
660	4.680000E-2
670	4.700000E-2
680	4.770000E-2
690	4.840000E-2
700	4.940000E-2
710	5.010000E-2
720	5.060000E-2
730	5.110000E-2
"5G 4/8"	""	""	
380	5.000000E-2
390	5.360000E-2
400	5.310000E-2
410	5.430000E-2
420	5.390000E-2
430	5.470000E-2
440	5.560000E-2
450	5.800000E-2
460	6.260000E-2
470	7.270000E-2
480	9.370000E-2
490	1.392000E-1
500	2.119000E-1
510	2.650000E-1
520	2.586000E-1
530	2.135000E-1
540	1.614000E-1
550	1.166000E-1
560	8.430000E-2
570	6.660000E-2
580	5.710000E-2
590	5.190000E-2
600	4.880000E-2
610	4.740000E-2
620	4.670000E-2
630	4.650000E-2
640	4.660000E-2
650	4.700000E-2
660	4.740000E-2
670	4.820000E-2
680	4.900000E-2
690	4.940000E-2
700	4.970000E-2
710	5.020000E-2
720	5.060000E-2
730	5.160000E-2
"5G 5/1"	""	""	
380	8.980000E-2
390	1.159000E-1
400	1.460000E-1
410	1.632000E-1
420	1.659000E-1
430	1.681000E-1
440	1.706000E-1
450	1.751000E-1
460	1.811000E-1
470	1.884000E-1
480	1.951000E-1
490	2.000000E-1
500	2.014000E-1
510	2.008000E-1
520	1.993000E-1
530	1.970000E-1
540	1.945000E-1
550	1.926000E-1
560	1.897000E-1
570	1.877000E-1
580	1.844000E-1
590	1.811000E-1
600	1.768000E-1
610	1.721000E-1
620	1.675000E-1
630	1.637000E-1
640	1.603000E-1
650	1.572000E-1
660	1.546000E-1
670	1.532000E-1
680	1.528000E-1
690	1.529000E-1
700	1.532000E-1
710	1.527000E-1
720	1.515000E-1
730	1.502000E-1
"5G 5/2"	""	""	
380	9.380000E-2
390	1.160000E-1
400	1.437000E-1
410	1.582000E-1
420	1.609000E-1
430	1.621000E-1
440	1.639000E-1
450	1.669000E-1
460	1.738000E-1
470	1.872000E-1
480	2.027000E-1
490	2.125000E-1
500	2.152000E-1
510	2.151000E-1
520	2.142000E-1
530	2.123000E-1
540	2.098000E-1
550	2.072000E-1
560	2.024000E-1
570	1.976000E-1
580	1.903000E-1
590	1.807000E-1
600	1.684000E-1
610	1.567000E-1
620	1.482000E-1
630	1.427000E-1
640	1.388000E-1
650	1.356000E-1
660	1.337000E-1
670	1.342000E-1
680	1.371000E-1
690	1.405000E-1
700	1.435000E-1
710	1.452000E-1
720	1.449000E-1
730	1.450000E-1
"5G 5/4"	""	""	
380	8.790000E-2
390	1.026000E-1
400	1.194000E-1
410	1.289000E-1
420	1.311000E-1
430	1.329000E-1
440	1.365000E-1
450	1.431000E-1
460	1.538000E-1
470	1.712000E-1
480	1.935000E-1
490	2.164000E-1
500	2.343000E-1
510	2.434000E-1
520	2.446000E-1
530	2.400000E-1
540	2.326000E-1
550	2.227000E-1
560	2.090000E-1
570	1.953000E-1
580	1.807000E-1
590	1.652000E-1
600	1.470000E-1
610	1.296000E-1
620	1.172000E-1
630	1.093000E-1
640	1.033000E-1
650	9.830000E-2
660	9.490000E-2
670	9.360000E-2
680	9.410000E-2
690	9.590000E-2
700	9.940000E-2
710	1.031000E-1
720	1.044000E-1
730	1.050000E-1
"5G 5/6"	""	""	
380	8.060000E-2
390	8.890000E-2
400	1.012000E-1
410	1.062000E-1
420	1.082000E-1
430	1.107000E-1
440	1.143000E-1
450	1.216000E-1
460	1.339000E-1
470	1.565000E-1
480	1.899000E-1
490	2.237000E-1
500	2.501000E-1
510	2.640000E-1
520	2.655000E-1
530	2.582000E-1
540	2.461000E-1
550	2.313000E-1
560	2.122000E-1
570	1.930000E-1
580	1.696000E-1
590	1.422000E-1
600	1.143000E-1
610	9.360000E-2
620	8.180000E-2
630	7.510000E-2
640	7.070000E-2
650	6.760000E-2
660	6.570000E-2
670	6.510000E-2
680	6.580000E-2
690	6.760000E-2
700	6.990000E-2
710	7.250000E-2
720	7.370000E-2
730	7.460000E-2
"5G 5/8"	""	""	
380	7.050000E-2
390	7.920000E-2
400	8.730000E-2
410	9.260000E-2
420	9.390000E-2
430	9.640000E-2
440	1.006000E-1
450	1.076000E-1
460	1.209000E-1
470	1.471000E-1
480	1.885000E-1
490	2.280000E-1
500	2.595000E-1
510	2.918000E-1
520	3.167000E-1
530	3.108000E-1
540	2.832000E-1
550	2.459000E-1
560	2.045000E-1
570	1.687000E-1
580	1.380000E-1
590	1.121000E-1
600	9.000000E-2
610	7.510000E-2
620	6.660000E-2
630	6.240000E-2
640	5.940000E-2
650	5.730000E-2
660	5.620000E-2
670	5.610000E-2
680	5.660000E-2
690	5.790000E-2
700	5.970000E-2
710	6.120000E-2
720	6.230000E-2
730	6.290000E-2
"5G 6/1"	""	""	
380	1.208000E-1
390	1.555000E-1
400	2.161000E-1
410	2.554000E-1
420	2.649000E-1
430	2.681000E-1
440	2.717000E-1
450	2.780000E-1
460	2.870000E-1
470	2.975000E-1
480	3.080000E-1
490	3.152000E-1
500	3.176000E-1
510	3.168000E-1
520	3.155000E-1
530	3.125000E-1
540	3.095000E-1
550	3.070000E-1
560	3.026000E-1
570	3.000000E-1
580	2.952000E-1
590	2.898000E-1
600	2.831000E-1
610	2.750000E-1
620	2.675000E-1
630	2.612000E-1
640	2.557000E-1
650	2.504000E-1
660	2.464000E-1
670	2.441000E-1
680	2.437000E-1
690	2.442000E-1
700	2.454000E-1
710	2.463000E-1
720	2.457000E-1
730	2.446000E-1
"5G 6/2"	""	""	
380	1.168000E-1
390	1.537000E-1
400	2.106000E-1
410	2.482000E-1
420	2.574000E-1
430	2.594000E-1
440	2.626000E-1
450	2.685000E-1
460	2.782000E-1
470	2.915000E-1
480	3.062000E-1
490	3.196000E-1
500	3.284000E-1
510	3.319000E-1
520	3.322000E-1
530	3.295000E-1
540	3.256000E-1
550	3.219000E-1
560	3.157000E-1
570	3.101000E-1
580	3.016000E-1
590	2.909000E-1
600	2.763000E-1
610	2.597000E-1
620	2.448000E-1
630	2.336000E-1
640	2.239000E-1
650	2.151000E-1
660	2.086000E-1
670	2.057000E-1
680	2.061000E-1
690	2.086000E-1
700	2.129000E-1
710	2.168000E-1
720	2.173000E-1
730	2.175000E-1
"5G 6/4"	""	""	
380	1.033000E-1
390	1.316000E-1
400	1.668000E-1
410	1.888000E-1
420	1.956000E-1
430	2.009000E-1
440	2.082000E-1
450	2.191000E-1
460	2.362000E-1
470	2.595000E-1
480	2.852000E-1
490	3.125000E-1
500	3.337000E-1
510	3.439000E-1
520	3.453000E-1
530	3.402000E-1
540	3.323000E-1
550	3.236000E-1
560	3.136000E-1
570	3.041000E-1
580	2.831000E-1
590	2.480000E-1
600	2.086000E-1
610	1.813000E-1
620	1.675000E-1
630	1.605000E-1
640	1.551000E-1
650	1.515000E-1
660	1.534000E-1
670	1.616000E-1
680	1.735000E-1
690	1.857000E-1
700	1.952000E-1
710	1.978000E-1
720	1.927000E-1
730	1.904000E-1
"5G 6/6"	""	""	
380	9.800000E-2
390	1.220000E-1
400	1.537000E-1
410	1.723000E-1
420	1.772000E-1
430	1.819000E-1
440	1.881000E-1
450	1.997000E-1
460	2.187000E-1
470	2.513000E-1
480	2.955000E-1
490	3.381000E-1
500	3.705000E-1
510	3.876000E-1
520	3.907000E-1
530	3.832000E-1
540	3.697000E-1
550	3.506000E-1
560	3.236000E-1
570	2.947000E-1
580	2.629000E-1
590	2.283000E-1
600	1.919000E-1
610	1.608000E-1
620	1.401000E-1
630	1.276000E-1
640	1.184000E-1
650	1.111000E-1
660	1.060000E-1
670	1.042000E-1
680	1.048000E-1
690	1.077000E-1
700	1.124000E-1
710	1.173000E-1
720	1.190000E-1
730	1.203000E-1
"5G 6/8"	""	""	
380	9.280000E-2
390	1.099000E-1
400	1.293000E-1
410	1.402000E-1
420	1.439000E-1
430	1.480000E-1
440	1.552000E-1
450	1.665000E-1
460	1.873000E-1
470	2.265000E-1
480	2.865000E-1
490	3.479000E-1
500	3.982000E-1
510	4.281000E-1
520	4.327000E-1
530	4.167000E-1
540	3.898000E-1
550	3.551000E-1
560	3.127000E-1
570	2.720000E-1
580	2.313000E-1
590	1.910000E-1
600	1.525000E-1
610	1.236000E-1
620	1.063000E-1
630	9.660000E-2
640	8.980000E-2
650	8.450000E-2
660	8.120000E-2
670	8.020000E-2
680	8.090000E-2
690	8.290000E-2
700	8.650000E-2
710	8.990000E-2
720	9.130000E-2
730	9.280000E-2
"5G 6/10"	""	""	
380	8.360000E-2
390	9.570000E-2
400	1.128000E-1
410	1.235000E-1
420	1.270000E-1
430	1.321000E-1
440	1.394000E-1
450	1.517000E-1
460	1.740000E-1
470	2.190000E-1
480	2.941000E-1
490	3.782000E-1
500	4.526000E-1
510	4.961000E-1
520	4.964000E-1
530	4.639000E-1
540	4.157000E-1
550	3.595000E-1
560	2.994000E-1
570	2.476000E-1
580	2.026000E-1
590	1.624000E-1
600	1.271000E-1
610	1.015000E-1
620	8.680000E-2
630	7.880000E-2
640	7.320000E-2
650	6.900000E-2
660	6.660000E-2
670	6.600000E-2
680	6.660000E-2
690	6.860000E-2
700	7.150000E-2
710	7.460000E-2
720	7.600000E-2
730	7.710000E-2
"5G 7/1"	""	""	
380	1.325000E-1
390	1.778000E-1
400	2.758000E-1
410	3.644000E-1
420	3.888000E-1
430	3.902000E-1
440	3.896000E-1
450	3.904000E-1
460	3.930000E-1
470	3.976000E-1
480	4.048000E-1
490	4.165000E-1
500	4.270000E-1
510	4.321000E-1
520	4.334000E-1
530	4.308000E-1
540	4.275000E-1
550	4.249000E-1
560	4.198000E-1
570	4.167000E-1
580	4.106000E-1
590	4.037000E-1
600	3.942000E-1
610	3.831000E-1
620	3.726000E-1
630	3.632000E-1
640	3.547000E-1
650	3.471000E-1
660	3.412000E-1
670	3.383000E-1
680	3.380000E-1
690	3.396000E-1
700	3.422000E-1
710	3.444000E-1
720	3.437000E-1
730	3.430000E-1
"5G 7/2"	""	""	
380	1.406000E-1
390	1.810000E-1
400	2.618000E-1
410	3.269000E-1
420	3.460000E-1
430	3.527000E-1
440	3.593000E-1
450	3.707000E-1
460	3.877000E-1
470	4.104000E-1
480	4.345000E-1
490	4.531000E-1
500	4.618000E-1
510	4.636000E-1
520	4.626000E-1
530	4.585000E-1
540	4.537000E-1
550	4.487000E-1
560	4.400000E-1
570	4.324000E-1
580	4.203000E-1
590	4.054000E-1
600	3.850000E-1
610	3.622000E-1
620	3.421000E-1
630	3.268000E-1
640	3.138000E-1
650	3.020000E-1
660	2.935000E-1
670	2.898000E-1
680	2.907000E-1
690	2.945000E-1
700	3.010000E-1
710	3.064000E-1
720	3.082000E-1
730	3.081000E-1
"5G 7/4"	""	""	
380	1.263000E-1
390	1.663000E-1
400	2.304000E-1
410	2.764000E-1
420	2.917000E-1
430	2.998000E-1
440	3.095000E-1
450	3.255000E-1
460	3.483000E-1
470	3.813000E-1
480	4.192000E-1
490	4.489000E-1
500	4.677000E-1
510	4.781000E-1
520	4.838000E-1
530	4.848000E-1
540	4.838000E-1
550	4.801000E-1
560	4.677000E-1
570	4.509000E-1
580	4.234000E-1
590	3.868000E-1
600	3.413000E-1
610	2.976000E-1
620	2.657000E-1
630	2.449000E-1
640	2.289000E-1
650	2.154000E-1
660	2.061000E-1
670	2.026000E-1
680	2.041000E-1
690	2.101000E-1
700	2.192000E-1
710	2.282000E-1
720	2.322000E-1
730	2.336000E-1
"5G 7/6"	""	""	
380	1.253000E-1
390	1.574000E-1
400	2.146000E-1
410	2.539000E-1
420	2.657000E-1
430	2.714000E-1
440	2.804000E-1
450	2.954000E-1
460	3.197000E-1
470	3.594000E-1
480	4.123000E-1
490	4.685000E-1
500	5.158000E-1
510	5.438000E-1
520	5.505000E-1
530	5.405000E-1
540	5.214000E-1
550	4.951000E-1
560	4.594000E-1
570	4.241000E-1
580	3.870000E-1
590	3.475000E-1
600	3.035000E-1
610	2.629000E-1
620	2.342000E-1
630	2.159000E-1
640	2.019000E-1
650	1.900000E-1
660	1.818000E-1
670	1.787000E-1
680	1.800000E-1
690	1.844000E-1
700	1.924000E-1
710	2.009000E-1
720	2.041000E-1
730	2.055000E-1
"5G 7/8"	""	""	
380	1.203000E-1
390	1.480000E-1
400	1.987000E-1
410	2.306000E-1
420	2.372000E-1
430	2.417000E-1
440	2.496000E-1
450	2.621000E-1
460	2.837000E-1
470	3.216000E-1
480	3.769000E-1
490	4.453000E-1
500	5.229000E-1
510	5.851000E-1
520	6.090000E-1
530	5.967000E-1
540	5.650000E-1
550	5.214000E-1
560	4.668000E-1
570	4.139000E-1
580	3.605000E-1
590	3.074000E-1
600	2.541000E-1
610	2.097000E-1
620	1.811000E-1
630	1.637000E-1
640	1.509000E-1
650	1.402000E-1
660	1.331000E-1
670	1.304000E-1
680	1.311000E-1
690	1.346000E-1
700	1.409000E-1
710	1.474000E-1
720	1.505000E-1
730	1.512000E-1
"5G 7/10"	""	""	
380	1.050000E-1
390	1.282000E-1
400	1.648000E-1
410	1.889000E-1
420	1.956000E-1
430	2.016000E-1
440	2.113000E-1
450	2.272000E-1
460	2.539000E-1
470	3.050000E-1
480	3.883000E-1
490	4.841000E-1
500	5.717000E-1
510	6.225000E-1
520	6.259000E-1
530	5.966000E-1
540	5.510000E-1
550	4.944000E-1
560	4.290000E-1
570	3.703000E-1
580	3.159000E-1
590	2.639000E-1
600	2.131000E-1
610	1.735000E-1
620	1.496000E-1
630	1.362000E-1
640	1.268000E-1
650	1.189000E-1
660	1.140000E-1
670	1.128000E-1
680	1.148000E-1
690	1.194000E-1
700	1.259000E-1
710	1.309000E-1
720	1.315000E-1
730	1.291000E-1
"5G 8/1"	""	""	
380	1.554000E-1
390	2.012000E-1
400	3.287000E-1
410	4.664000E-1
420	5.192000E-1
430	5.322000E-1
440	5.407000E-1
450	5.512000E-1
460	5.627000E-1
470	5.739000E-1
480	5.830000E-1
490	5.911000E-1
500	5.964000E-1
510	6.002000E-1
520	6.035000E-1
530	6.038000E-1
540	6.026000E-1
550	6.000000E-1
560	5.910000E-1
570	5.840000E-1
580	5.760000E-1
590	5.689000E-1
600	5.568000E-1
610	5.427000E-1
620	5.322000E-1
630	5.275000E-1
640	5.244000E-1
650	5.209000E-1
660	5.178000E-1
670	5.153000E-1
680	5.133000E-1
690	5.138000E-1
700	5.192000E-1
710	5.271000E-1
720	5.330000E-1
730	5.388000E-1
"5G 8/2"	""	""	
380	1.538000E-1
390	2.013000E-1
400	3.167000E-1
410	4.358000E-1
420	4.786000E-1
430	4.898000E-1
440	4.997000E-1
450	5.145000E-1
460	5.356000E-1
470	5.639000E-1
480	5.939000E-1
490	6.177000E-1
500	6.299000E-1
510	6.334000E-1
520	6.335000E-1
530	6.297000E-1
540	6.243000E-1
550	6.186000E-1
560	6.071000E-1
570	5.975000E-1
580	5.811000E-1
590	5.606000E-1
600	5.329000E-1
610	5.024000E-1
620	4.763000E-1
630	4.565000E-1
640	4.398000E-1
650	4.250000E-1
660	4.141000E-1
670	4.102000E-1
680	4.121000E-1
690	4.181000E-1
700	4.275000E-1
710	4.365000E-1
720	4.390000E-1
730	4.397000E-1
"5G 8/4"	""	""	
380	1.398000E-1
390	1.826000E-1
400	2.952000E-1
410	4.008000E-1
420	4.364000E-1
430	4.469000E-1
440	4.560000E-1
450	4.711000E-1
460	4.945000E-1
470	5.324000E-1
480	5.813000E-1
490	6.302000E-1
500	6.698000E-1
510	6.931000E-1
520	7.013000E-1
530	6.968000E-1
540	6.857000E-1
550	6.695000E-1
560	6.424000E-1
570	6.134000E-1
580	5.772000E-1
590	5.344000E-1
600	4.829000E-1
610	4.337000E-1
620	3.982000E-1
630	3.753000E-1
640	3.583000E-1
650	3.429000E-1
660	3.320000E-1
670	3.296000E-1
680	3.343000E-1
690	3.440000E-1
700	3.574000E-1
710	3.673000E-1
720	3.664000E-1
730	3.623000E-1
"5G 8/6"	""	""	
380	1.487000E-1
390	1.848000E-1
400	2.759000E-1
410	3.545000E-1
420	3.797000E-1
430	3.899000E-1
440	4.018000E-1
450	4.214000E-1
460	4.532000E-1
470	5.037000E-1
480	5.709000E-1
490	6.402000E-1
500	7.003000E-1
510	7.387000E-1
520	7.504000E-1
530	7.392000E-1
540	7.150000E-1
550	6.810000E-1
560	6.338000E-1
570	5.862000E-1
580	5.345000E-1
590	4.792000E-1
600	4.188000E-1
610	3.646000E-1
620	3.263000E-1
630	3.009000E-1
640	2.816000E-1
650	2.652000E-1
660	2.542000E-1
670	2.501000E-1
680	2.525000E-1
690	2.599000E-1
700	2.710000E-1
710	2.822000E-1
720	2.864000E-1
730	2.884000E-1
"5G 9/1"	""	""	
380	1.811000E-1
390	2.191000E-1
400	3.691000E-1
410	5.785000E-1
420	6.892000E-1
430	7.150000E-1
440	7.243000E-1
450	7.346000E-1
460	7.482000E-1
470	7.631000E-1
480	7.759000E-1
490	7.854000E-1
500	7.906000E-1
510	7.946000E-1
520	7.984000E-1
530	7.979000E-1
540	7.967000E-1
550	7.981000E-1
560	7.967000E-1
570	7.978000E-1
580	7.897000E-1
590	7.754000E-1
600	7.503000E-1
610	7.220000E-1
620	6.992000E-1
630	6.832000E-1
640	6.699000E-1
650	6.574000E-1
660	6.483000E-1
670	6.448000E-1
680	6.478000E-1
690	6.561000E-1
700	6.697000E-1
710	6.829000E-1
720	6.900000E-1
730	6.952000E-1
"5G 9/2"	""	""	
380	1.771000E-1
390	2.186000E-1
400	3.627000E-1
410	5.551000E-1
420	6.495000E-1
430	6.710000E-1
440	6.817000E-1
450	6.970000E-1
460	7.193000E-1
470	7.508000E-1
480	7.867000E-1
490	8.204000E-1
500	8.464000E-1
510	8.638000E-1
520	8.724000E-1
530	8.707000E-1
540	8.644000E-1
550	8.549000E-1
560	8.355000E-1
570	8.172000E-1
580	7.911000E-1
590	7.602000E-1
600	7.206000E-1
610	6.798000E-1
620	6.471000E-1
630	6.237000E-1
640	6.044000E-1
650	5.874000E-1
660	5.752000E-1
670	5.710000E-1
680	5.746000E-1
690	5.837000E-1
700	5.981000E-1
710	6.117000E-1
720	6.172000E-1
730	6.201000E-1
"7.5G 2.5/2"	""	""	
380	3.480000E-2
390	3.870000E-2
400	3.770000E-2
410	3.940000E-2
420	3.950000E-2
430	3.970000E-2
440	4.050000E-2
450	4.130000E-2
460	4.300000E-2
470	4.720000E-2
480	5.320000E-2
490	5.940000E-2
500	6.220000E-2
510	6.140000E-2
520	5.930000E-2
530	5.660000E-2
540	5.340000E-2
550	4.990000E-2
560	4.620000E-2
570	4.320000E-2
580	4.050000E-2
590	3.830000E-2
600	3.660000E-2
610	3.570000E-2
620	3.530000E-2
630	3.510000E-2
640	3.530000E-2
650	3.560000E-2
660	3.630000E-2
670	3.690000E-2
680	3.770000E-2
690	3.820000E-2
700	3.820000E-2
710	3.820000E-2
720	3.840000E-2
730	3.880000E-2
"7.5G 3/2"	""	""	
380	5.080000E-2
390	5.030000E-2
400	5.120000E-2
410	5.160000E-2
420	5.170000E-2
430	5.230000E-2
440	5.350000E-2
450	5.510000E-2
460	5.850000E-2
470	6.390000E-2
480	7.090000E-2
490	7.860000E-2
500	8.290000E-2
510	8.260000E-2
520	7.970000E-2
530	7.520000E-2
540	7.030000E-2
550	6.550000E-2
560	6.030000E-2
570	5.640000E-2
580	5.360000E-2
590	5.190000E-2
600	5.070000E-2
610	5.000000E-2
620	4.970000E-2
630	4.930000E-2
640	4.920000E-2
650	4.920000E-2
660	4.930000E-2
670	4.930000E-2
680	4.890000E-2
690	4.840000E-2
700	4.820000E-2
710	4.860000E-2
720	5.000000E-2
730	5.230000E-2
"7.5G 3/4"	""	""	
380	4.510000E-2
390	4.730000E-2
400	4.650000E-2
410	4.750000E-2
420	4.700000E-2
430	4.710000E-2
440	4.740000E-2
450	4.780000E-2
460	4.970000E-2
470	5.420000E-2
480	6.500000E-2
490	7.980000E-2
500	9.360000E-2
510	1.108000E-1
520	1.178000E-1
530	9.790000E-2
540	7.300000E-2
550	5.620000E-2
560	4.760000E-2
570	4.430000E-2
580	4.270000E-2
590	4.160000E-2
600	4.080000E-2
610	4.010000E-2
620	4.000000E-2
630	3.970000E-2
640	3.970000E-2
650	3.980000E-2
660	4.020000E-2
670	4.040000E-2
680	4.110000E-2
690	4.180000E-2
700	4.240000E-2
710	4.290000E-2
720	4.340000E-2
730	4.400000E-2
"7.5G 4/2"	""	""	
380	7.110000E-2
390	7.920000E-2
400	8.940000E-2
410	9.650000E-2
420	9.750000E-2
430	9.840000E-2
440	1.007000E-1
450	1.039000E-1
460	1.086000E-1
470	1.160000E-1
480	1.235000E-1
490	1.292000E-1
500	1.316000E-1
510	1.319000E-1
520	1.315000E-1
530	1.302000E-1
540	1.283000E-1
550	1.261000E-1
560	1.225000E-1
570	1.189000E-1
580	1.138000E-1
590	1.074000E-1
600	9.900000E-2
610	9.060000E-2
620	8.420000E-2
630	8.010000E-2
640	7.710000E-2
650	7.440000E-2
660	7.270000E-2
670	7.230000E-2
680	7.290000E-2
690	7.430000E-2
700	7.630000E-2
710	7.770000E-2
720	7.760000E-2
730	7.680000E-2
"7.5G 4/4"	""	""	
380	6.100000E-2
390	6.850000E-2
400	7.530000E-2
410	8.060000E-2
420	8.220000E-2
430	8.350000E-2
440	8.610000E-2
450	9.080000E-2
460	9.800000E-2
470	1.105000E-1
480	1.257000E-1
490	1.362000E-1
500	1.422000E-1
510	1.471000E-1
520	1.503000E-1
530	1.487000E-1
540	1.436000E-1
550	1.362000E-1
560	1.256000E-1
570	1.146000E-1
580	1.023000E-1
590	8.930000E-2
600	7.630000E-2
610	6.580000E-2
620	5.920000E-2
630	5.570000E-2
640	5.310000E-2
650	5.130000E-2
660	5.040000E-2
670	5.030000E-2
680	5.100000E-2
690	5.190000E-2
700	5.340000E-2
710	5.490000E-2
720	5.560000E-2
730	5.580000E-2
"7.5G 4/6"	""	""	
380	5.150000E-2
390	6.270000E-2
400	6.140000E-2
410	6.490000E-2
420	6.690000E-2
430	6.730000E-2
440	7.070000E-2
450	7.580000E-2
460	8.440000E-2
470	1.044000E-1
480	1.364000E-1
490	1.691000E-1
500	1.905000E-1
510	1.947000E-1
520	1.852000E-1
530	1.699000E-1
540	1.516000E-1
550	1.305000E-1
560	1.093000E-1
570	9.180000E-2
580	7.690000E-2
590	6.410000E-2
600	5.450000E-2
610	4.880000E-2
620	4.590000E-2
630	4.470000E-2
640	4.400000E-2
650	4.350000E-2
660	4.400000E-2
670	4.490000E-2
680	4.580000E-2
690	4.670000E-2
700	4.780000E-2
710	4.900000E-2
720	4.940000E-2
730	4.940000E-2
"7.5G 4/8"	""	""	
380	5.140000E-2
390	5.610000E-2
400	5.810000E-2
410	5.870000E-2
420	5.990000E-2
430	6.060000E-2
440	6.130000E-2
450	6.450000E-2
460	7.210000E-2
470	9.460000E-2
480	1.476000E-1
490	2.220000E-1
500	2.644000E-1
510	2.610000E-1
520	2.339000E-1
530	1.952000E-1
540	1.553000E-1
550	1.197000E-1
560	9.220000E-2
570	7.490000E-2
580	6.340000E-2
590	5.530000E-2
600	4.990000E-2
610	4.730000E-2
620	4.610000E-2
630	4.570000E-2
640	4.590000E-2
650	4.650000E-2
660	4.710000E-2
670	4.850000E-2
680	4.990000E-2
690	5.100000E-2
700	5.150000E-2
710	5.150000E-2
720	5.190000E-2
730	5.280000E-2
"7.5G 5/2"	""	""	
380	9.520000E-2
390	1.159000E-1
400	1.471000E-1
410	1.627000E-1
420	1.666000E-1
430	1.683000E-1
440	1.710000E-1
450	1.757000E-1
460	1.818000E-1
470	1.903000E-1
480	1.987000E-1
490	2.066000E-1
500	2.124000E-1
510	2.153000E-1
520	2.155000E-1
530	2.133000E-1
540	2.099000E-1
550	2.061000E-1
560	2.003000E-1
570	1.949000E-1
580	1.866000E-1
590	1.760000E-1
600	1.636000E-1
610	1.534000E-1
620	1.471000E-1
630	1.433000E-1
640	1.406000E-1
650	1.383000E-1
660	1.383000E-1
670	1.415000E-1
680	1.458000E-1
690	1.490000E-1
700	1.513000E-1
710	1.513000E-1
720	1.492000E-1
730	1.485000E-1
"7.5G 5/4"	""	""	
380	8.570000E-2
390	1.068000E-1
400	1.251000E-1
410	1.384000E-1
420	1.423000E-1
430	1.458000E-1
440	1.505000E-1
450	1.581000E-1
460	1.697000E-1
470	1.862000E-1
480	2.041000E-1
490	2.232000E-1
500	2.378000E-1
510	2.450000E-1
520	2.459000E-1
530	2.420000E-1
540	2.354000E-1
550	2.256000E-1
560	2.115000E-1
570	1.960000E-1
580	1.769000E-1
590	1.553000E-1
600	1.341000E-1
610	1.193000E-1
620	1.114000E-1
630	1.076000E-1
640	1.044000E-1
650	1.021000E-1
660	1.026000E-1
670	1.062000E-1
680	1.119000E-1
690	1.172000E-1
700	1.214000E-1
710	1.230000E-1
720	1.206000E-1
730	1.193000E-1
"7.5G 5/6"	""	""	
380	8.140000E-2
390	9.190000E-2
400	1.063000E-1
410	1.151000E-1
420	1.184000E-1
430	1.228000E-1
440	1.290000E-1
450	1.391000E-1
460	1.564000E-1
470	1.875000E-1
480	2.289000E-1
490	2.578000E-1
500	2.679000E-1
510	2.741000E-1
520	2.778000E-1
530	2.637000E-1
540	2.423000E-1
550	2.274000E-1
560	2.110000E-1
570	1.877000E-1
580	1.592000E-1
590	1.337000E-1
600	1.116000E-1
610	9.380000E-2
620	8.220000E-2
630	7.530000E-2
640	7.030000E-2
650	6.660000E-2
660	6.450000E-2
670	6.400000E-2
680	6.470000E-2
690	6.670000E-2
700	6.980000E-2
710	7.260000E-2
720	7.410000E-2
730	7.520000E-2
"7.5G 5/8"	""	""	
380	8.100000E-2
390	8.470000E-2
400	9.490000E-2
410	1.007000E-1
420	1.025000E-1
430	1.059000E-1
440	1.111000E-1
450	1.181000E-1
460	1.317000E-1
470	1.607000E-1
480	2.123000E-1
490	2.806000E-1
500	3.309000E-1
510	3.457000E-1
520	3.342000E-1
530	3.045000E-1
540	2.647000E-1
550	2.214000E-1
560	1.795000E-1
570	1.466000E-1
580	1.205000E-1
590	9.920000E-2
600	8.290000E-2
610	7.400000E-2
620	7.000000E-2
630	6.810000E-2
640	6.700000E-2
650	6.660000E-2
660	6.800000E-2
670	7.080000E-2
680	7.450000E-2
690	7.830000E-2
700	8.100000E-2
710	8.160000E-2
720	7.980000E-2
730	8.050000E-2
"7.5G 6/2"	""	""	
380	1.144000E-1
390	1.450000E-1
400	1.951000E-1
410	2.284000E-1
420	2.391000E-1
430	2.449000E-1
440	2.521000E-1
450	2.614000E-1
460	2.724000E-1
470	2.851000E-1
480	2.969000E-1
490	3.051000E-1
500	3.103000E-1
510	3.129000E-1
520	3.141000E-1
530	3.128000E-1
540	3.102000E-1
550	3.049000E-1
560	2.944000E-1
570	2.850000E-1
580	2.781000E-1
590	2.701000E-1
600	2.552000E-1
610	2.375000E-1
620	2.241000E-1
630	2.158000E-1
640	2.094000E-1
650	2.030000E-1
660	1.976000E-1
670	1.950000E-1
680	1.952000E-1
690	1.970000E-1
700	2.025000E-1
710	2.092000E-1
720	2.132000E-1
730	2.167000E-1
"7.5G 6/4"	""	""	
380	1.093000E-1
390	1.309000E-1
400	1.627000E-1
410	1.877000E-1
420	1.996000E-1
430	2.147000E-1
440	2.399000E-1
450	2.639000E-1
460	2.734000E-1
470	2.773000E-1
480	2.820000E-1
490	2.924000E-1
500	3.107000E-1
510	3.358000E-1
520	3.637000E-1
530	3.847000E-1
540	3.862000E-1
550	3.604000E-1
560	3.131000E-1
570	2.697000E-1
580	2.383000E-1
590	2.189000E-1
600	2.033000E-1
610	1.913000E-1
620	1.859000E-1
630	1.839000E-1
640	1.836000E-1
650	1.875000E-1
660	1.947000E-1
670	1.978000E-1
680	1.938000E-1
690	1.865000E-1
700	1.764000E-1
710	1.689000E-1
720	1.717000E-1
730	1.881000E-1
"7.5G 6/6"	""	""	
380	1.019000E-1
390	1.272000E-1
400	1.624000E-1
410	1.850000E-1
420	1.903000E-1
430	1.944000E-1
440	2.006000E-1
450	2.115000E-1
460	2.289000E-1
470	2.553000E-1
480	2.947000E-1
490	3.503000E-1
500	4.103000E-1
510	4.469000E-1
520	4.443000E-1
530	4.126000E-1
540	3.698000E-1
550	3.226000E-1
560	2.727000E-1
570	2.328000E-1
580	2.056000E-1
590	1.887000E-1
600	1.745000E-1
610	1.639000E-1
620	1.589000E-1
630	1.574000E-1
640	1.574000E-1
650	1.612000E-1
660	1.680000E-1
670	1.710000E-1
680	1.671000E-1
690	1.601000E-1
700	1.511000E-1
710	1.439000E-1
720	1.468000E-1
730	1.624000E-1
"7.5G 6/8"	""	""	
380	1.010000E-1
390	1.156000E-1
400	1.396000E-1
410	1.531000E-1
420	1.585000E-1
430	1.648000E-1
440	1.735000E-1
450	1.879000E-1
460	2.128000E-1
470	2.577000E-1
480	3.228000E-1
490	3.837000E-1
500	4.250000E-1
510	4.423000E-1
520	4.389000E-1
530	4.196000E-1
540	3.894000E-1
550	3.504000E-1
560	3.033000E-1
570	2.590000E-1
580	2.166000E-1
590	1.773000E-1
600	1.420000E-1
610	1.171000E-1
620	1.025000E-1
630	9.410000E-2
640	8.810000E-2
650	8.350000E-2
660	8.070000E-2
670	8.030000E-2
680	8.110000E-2
690	8.350000E-2
700	8.700000E-2
710	9.020000E-2
720	9.180000E-2
730	9.230000E-2
"7.5G 6/10"	""	""	
380	8.830000E-2
390	1.034000E-1
400	1.251000E-1
410	1.398000E-1
420	1.467000E-1
430	1.532000E-1
440	1.633000E-1
450	1.797000E-1
460	2.082000E-1
470	2.610000E-1
480	3.434000E-1
490	4.316000E-1
500	4.990000E-1
510	5.249000E-1
520	5.108000E-1
530	4.696000E-1
540	4.154000E-1
550	3.548000E-1
560	2.931000E-1
570	2.412000E-1
580	1.958000E-1
590	1.560000E-1
600	1.227000E-1
610	1.001000E-1
620	8.730000E-2
630	8.020000E-2
640	7.510000E-2
650	7.120000E-2
660	6.900000E-2
670	6.890000E-2
680	7.040000E-2
690	7.270000E-2
700	7.590000E-2
710	7.910000E-2
720	8.030000E-2
730	8.080000E-2
"7.5G 7/2"	""	""	
380	1.328000E-1
390	1.732000E-1
400	2.603000E-1
410	3.345000E-1
420	3.586000E-1
430	3.674000E-1
440	3.762000E-1
450	3.884000E-1
460	4.023000E-1
470	4.182000E-1
480	4.329000E-1
490	4.437000E-1
500	4.508000E-1
510	4.553000E-1
520	4.589000E-1
530	4.601000E-1
540	4.599000E-1
550	4.585000E-1
560	4.498000E-1
570	4.390000E-1
580	4.227000E-1
590	4.039000E-1
600	3.792000E-1
610	3.523000E-1
620	3.314000E-1
630	3.169000E-1
640	3.050000E-1
650	2.955000E-1
660	2.893000E-1
670	2.875000E-1
680	2.888000E-1
690	2.926000E-1
700	2.979000E-1
710	3.030000E-1
720	3.074000E-1
730	3.147000E-1
"7.5G 7/4"	""	""	
380	1.257000E-1
390	1.644000E-1
400	2.412000E-1
410	3.030000E-1
420	3.221000E-1
430	3.303000E-1
440	3.403000E-1
450	3.557000E-1
460	3.779000E-1
470	4.097000E-1
480	4.411000E-1
490	4.574000E-1
500	4.662000E-1
510	4.910000E-1
520	5.144000E-1
530	5.053000E-1
540	4.906000E-1
550	4.784000E-1
560	4.536000E-1
570	4.292000E-1
580	4.096000E-1
590	3.853000E-1
600	3.458000E-1
610	3.010000E-1
620	2.666000E-1
630	2.448000E-1
640	2.297000E-1
650	2.173000E-1
660	2.088000E-1
670	2.060000E-1
680	2.082000E-1
690	2.149000E-1
700	2.253000E-1
710	2.357000E-1
720	2.398000E-1
730	2.416000E-1
"7.5G 7/6"	""	""	
380	1.157000E-1
390	1.549000E-1
400	2.170000E-1
410	2.630000E-1
420	2.791000E-1
430	2.873000E-1
440	2.996000E-1
450	3.180000E-1
460	3.473000E-1
470	3.949000E-1
480	4.529000E-1
490	4.933000E-1
500	5.157000E-1
510	5.393000E-1
520	5.522000E-1
530	5.356000E-1
540	5.129000E-1
550	4.883000E-1
560	4.505000E-1
570	4.125000E-1
580	3.755000E-1
590	3.341000E-1
600	2.849000E-1
610	2.394000E-1
620	2.080000E-1
630	1.884000E-1
640	1.746000E-1
650	1.630000E-1
660	1.551000E-1
670	1.526000E-1
680	1.539000E-1
690	1.593000E-1
700	1.675000E-1
710	1.762000E-1
720	1.795000E-1
730	1.809000E-1
"7.5G 7/8"	""	""	
380	1.244000E-1
390	1.582000E-1
400	2.110000E-1
410	2.479000E-1
420	2.625000E-1
430	2.725000E-1
440	2.852000E-1
450	3.040000E-1
460	3.307000E-1
470	3.769000E-1
480	4.464000E-1
490	5.190000E-1
500	5.816000E-1
510	6.162000E-1
520	6.169000E-1
530	5.957000E-1
540	5.625000E-1
550	5.188000E-1
560	4.637000E-1
570	4.102000E-1
580	3.564000E-1
590	3.015000E-1
600	2.443000E-1
610	1.975000E-1
620	1.692000E-1
630	1.544000E-1
640	1.443000E-1
650	1.356000E-1
660	1.303000E-1
670	1.310000E-1
680	1.360000E-1
690	1.440000E-1
700	1.540000E-1
710	1.618000E-1
720	1.625000E-1
730	1.598000E-1
"7.5G 7/10"	""	""	
380	1.269000E-1
390	1.453000E-1
400	1.921000E-1
410	2.215000E-1
420	2.342000E-1
430	2.460000E-1
440	2.600000E-1
450	2.805000E-1
460	3.110000E-1
470	3.634000E-1
480	4.432000E-1
490	5.314000E-1
500	6.078000E-1
510	6.487000E-1
520	6.487000E-1
530	6.214000E-1
540	5.766000E-1
550	5.179000E-1
560	4.478000E-1
570	3.835000E-1
580	3.224000E-1
590	2.641000E-1
600	2.096000E-1
610	1.692000E-1
620	1.466000E-1
630	1.348000E-1
640	1.266000E-1
650	1.202000E-1
660	1.168000E-1
670	1.185000E-1
680	1.241000E-1
690	1.324000E-1
700	1.422000E-1
710	1.492000E-1
720	1.492000E-1
730	1.475000E-1
"7.5G 8/2"	""	""	
380	1.492000E-1
390	1.974000E-1
400	3.138000E-1
410	4.378000E-1
420	4.858000E-1
430	4.985000E-1
440	5.095000E-1
450	5.249000E-1
460	5.441000E-1
470	5.690000E-1
480	5.930000E-1
490	6.100000E-1
500	6.198000E-1
510	6.254000E-1
520	6.293000E-1
530	6.298000E-1
540	6.285000E-1
550	6.259000E-1
560	6.153000E-1
570	6.040000E-1
580	5.846000E-1
590	5.580000E-1
600	5.210000E-1
610	4.806000E-1
620	4.486000E-1
630	4.262000E-1
640	4.081000E-1
650	3.917000E-1
660	3.803000E-1
670	3.763000E-1
680	3.793000E-1
690	3.873000E-1
700	4.000000E-1
710	4.128000E-1
720	4.176000E-1
730	4.206000E-1
"7.5G 8/4"	""	""	
380	1.434000E-1
390	1.876000E-1
400	2.979000E-1
410	4.025000E-1
420	4.418000E-1
430	4.533000E-1
440	4.643000E-1
450	4.823000E-1
460	5.078000E-1
470	5.463000E-1
480	5.933000E-1
490	6.354000E-1
500	6.661000E-1
510	6.817000E-1
520	6.836000E-1
530	6.756000E-1
540	6.623000E-1
550	6.433000E-1
560	6.134000E-1
570	5.836000E-1
580	5.499000E-1
590	5.086000E-1
600	4.568000E-1
610	4.062000E-1
620	3.685000E-1
630	3.431000E-1
640	3.233000E-1
650	3.060000E-1
660	2.939000E-1
670	2.899000E-1
680	2.927000E-1
690	2.999000E-1
700	3.118000E-1
710	3.231000E-1
720	3.278000E-1
730	3.298000E-1
"7.5G 8/6"	""	""	
380	1.511000E-1
390	1.937000E-1
400	2.890000E-1
410	3.661000E-1
420	3.924000E-1
430	4.058000E-1
440	4.193000E-1
450	4.388000E-1
460	4.663000E-1
470	5.133000E-1
480	5.837000E-1
490	6.571000E-1
500	7.158000E-1
510	7.476000E-1
520	7.520000E-1
530	7.378000E-1
540	7.130000E-1
550	6.783000E-1
560	6.294000E-1
570	5.802000E-1
580	5.263000E-1
590	4.669000E-1
600	3.999000E-1
610	3.397000E-1
620	3.004000E-1
630	2.782000E-1
640	2.626000E-1
650	2.490000E-1
660	2.406000E-1
670	2.419000E-1
680	2.510000E-1
690	2.649000E-1
700	2.804000E-1
710	2.927000E-1
720	2.929000E-1
730	2.895000E-1
"7.5G 9/2"	""	""	
380	1.696000E-1
390	2.121000E-1
400	3.595000E-1
410	5.621000E-1
420	6.731000E-1
430	6.988000E-1
440	7.102000E-1
450	7.262000E-1
460	7.478000E-1
470	7.769000E-1
480	8.080000E-1
490	8.303000E-1
500	8.417000E-1
510	8.478000E-1
520	8.509000E-1
530	8.492000E-1
540	8.462000E-1
550	8.442000E-1
560	8.360000E-1
570	8.270000E-1
580	8.030000E-1
590	7.680000E-1
600	7.218000E-1
610	6.750000E-1
620	6.384000E-1
630	6.128000E-1
640	5.920000E-1
650	5.736000E-1
660	5.605000E-1
670	5.559000E-1
680	5.596000E-1
690	5.682000E-1
700	5.822000E-1
710	5.966000E-1
720	6.035000E-1
730	6.062000E-1
"10G 2.5/1"	""	""	
380	4.310000E-2
390	4.520000E-2
400	4.490000E-2
410	4.620000E-2
420	4.610000E-2
430	4.630000E-2
440	4.640000E-2
450	4.620000E-2
460	4.700000E-2
470	4.830000E-2
480	4.970000E-2
490	5.030000E-2
500	5.050000E-2
510	5.070000E-2
520	5.140000E-2
530	5.150000E-2
540	5.030000E-2
550	4.870000E-2
560	4.670000E-2
570	4.500000E-2
580	4.320000E-2
590	4.160000E-2
600	4.020000E-2
610	3.900000E-2
620	3.850000E-2
630	3.810000E-2
640	3.790000E-2
650	3.790000E-2
660	3.820000E-2
670	3.860000E-2
680	3.910000E-2
690	3.950000E-2
700	3.980000E-2
710	4.020000E-2
720	4.040000E-2
730	4.060000E-2
"10G 2.5/2"	""	""	
380	4.010000E-2
390	4.460000E-2
400	4.510000E-2
410	4.540000E-2
420	4.550000E-2
430	4.660000E-2
440	4.690000E-2
450	4.790000E-2
460	5.000000E-2
470	5.420000E-2
480	6.100000E-2
490	6.770000E-2
500	7.020000E-2
510	6.880000E-2
520	6.570000E-2
530	6.160000E-2
540	5.700000E-2
550	5.250000E-2
560	4.840000E-2
570	4.560000E-2
580	4.310000E-2
590	4.150000E-2
600	4.040000E-2
610	3.980000E-2
620	3.960000E-2
630	3.970000E-2
640	3.990000E-2
650	4.040000E-2
660	4.110000E-2
670	4.190000E-2
680	4.290000E-2
690	4.320000E-2
700	4.330000E-2
710	4.330000E-2
720	4.310000E-2
730	4.360000E-2
"10G 3/1"	""	""	
380	4.770000E-2
390	5.590000E-2
400	6.130000E-2
410	6.290000E-2
420	6.340000E-2
430	6.360000E-2
440	6.370000E-2
450	6.460000E-2
460	6.580000E-2
470	6.770000E-2
480	6.950000E-2
490	7.110000E-2
500	7.210000E-2
510	7.190000E-2
520	7.110000E-2
530	7.000000E-2
540	6.870000E-2
550	6.760000E-2
560	6.590000E-2
570	6.460000E-2
580	6.270000E-2
590	6.040000E-2
600	5.800000E-2
610	5.590000E-2
620	5.450000E-2
630	5.370000E-2
640	5.280000E-2
650	5.250000E-2
660	5.260000E-2
670	5.330000E-2
680	5.400000E-2
690	5.450000E-2
700	5.470000E-2
710	5.440000E-2
720	5.430000E-2
730	5.390000E-2
"10G 3/2"	""	""	
380	5.320000E-2
390	5.210000E-2
400	5.350000E-2
410	5.630000E-2
420	5.490000E-2
430	5.610000E-2
440	5.680000E-2
450	5.780000E-2
460	6.030000E-2
470	6.430000E-2
480	6.940000E-2
490	7.340000E-2
500	7.500000E-2
510	7.530000E-2
520	7.480000E-2
530	7.270000E-2
540	7.010000E-2
550	6.690000E-2
560	6.230000E-2
570	5.820000E-2
580	5.440000E-2
590	5.080000E-2
600	4.770000E-2
610	4.590000E-2
620	4.460000E-2
630	4.380000E-2
640	4.330000E-2
650	4.340000E-2
660	4.310000E-2
670	4.320000E-2
680	4.380000E-2
690	4.430000E-2
700	4.460000E-2
710	4.490000E-2
720	4.540000E-2
730	4.580000E-2
"10G 3/4"	""	""	
380	4.840000E-2
390	5.120000E-2
400	4.780000E-2
410	5.060000E-2
420	5.020000E-2
430	4.990000E-2
440	5.100000E-2
450	5.170000E-2
460	5.450000E-2
470	6.130000E-2
480	7.760000E-2
490	1.055000E-1
500	1.279000E-1
510	1.329000E-1
520	1.211000E-1
530	9.730000E-2
540	7.190000E-2
550	5.390000E-2
560	4.480000E-2
570	4.190000E-2
580	4.080000E-2
590	4.050000E-2
600	4.020000E-2
610	4.010000E-2
620	4.060000E-2
630	4.080000E-2
640	4.090000E-2
650	4.170000E-2
660	4.260000E-2
670	4.320000E-2
680	4.400000E-2
690	4.480000E-2
700	4.540000E-2
710	4.510000E-2
720	4.510000E-2
730	4.640000E-2
"10G 4/1"	""	""	
380	8.000000E-2
390	8.950000E-2
400	1.042000E-1
410	1.098000E-1
420	1.096000E-1
430	1.100000E-1
440	1.097000E-1
450	1.110000E-1
460	1.139000E-1
470	1.163000E-1
480	1.196000E-1
490	1.229000E-1
500	1.244000E-1
510	1.247000E-1
520	1.240000E-1
530	1.221000E-1
540	1.205000E-1
550	1.188000E-1
560	1.162000E-1
570	1.143000E-1
580	1.113000E-1
590	1.077000E-1
600	1.034000E-1
610	1.001000E-1
620	9.750000E-2
630	9.570000E-2
640	9.450000E-2
650	9.340000E-2
660	9.300000E-2
670	9.390000E-2
680	9.510000E-2
690	9.590000E-2
700	9.600000E-2
710	9.610000E-2
720	9.590000E-2
730	9.470000E-2
"10G 4/2"	""	""	
380	6.970000E-2
390	8.440000E-2
400	9.380000E-2
410	1.001000E-1
420	1.022000E-1
430	1.029000E-1
440	1.057000E-1
450	1.099000E-1
460	1.151000E-1
470	1.230000E-1
480	1.302000E-1
490	1.354000E-1
500	1.389000E-1
510	1.402000E-1
520	1.401000E-1
530	1.383000E-1
540	1.348000E-1
550	1.298000E-1
560	1.225000E-1
570	1.161000E-1
580	1.110000E-1
590	1.061000E-1
600	9.910000E-2
610	9.160000E-2
620	8.680000E-2
630	8.380000E-2
640	8.150000E-2
650	7.930000E-2
660	7.800000E-2
670	7.710000E-2
680	7.680000E-2
690	7.760000E-2
700	7.940000E-2
710	8.140000E-2
720	8.250000E-2
730	8.440000E-2
"10G 4/4"	""	""	
380	6.260000E-2
390	7.930000E-2
400	8.380000E-2
410	8.710000E-2
420	8.890000E-2
430	9.030000E-2
440	9.280000E-2
450	9.710000E-2
460	1.039000E-1
470	1.184000E-1
480	1.395000E-1
490	1.605000E-1
500	1.711000E-1
510	1.719000E-1
520	1.677000E-1
530	1.600000E-1
540	1.490000E-1
550	1.355000E-1
560	1.198000E-1
570	1.057000E-1
580	9.230000E-2
590	8.040000E-2
600	7.130000E-2
610	6.580000E-2
620	6.330000E-2
630	6.240000E-2
640	6.150000E-2
650	6.120000E-2
660	6.230000E-2
670	6.410000E-2
680	6.650000E-2
690	6.820000E-2
700	7.020000E-2
710	7.060000E-2
720	6.920000E-2
730	6.950000E-2
"10G 4/6"	""	""	
380	6.540000E-2
390	6.860000E-2
400	7.060000E-2
410	7.510000E-2
420	7.550000E-2
430	7.840000E-2
440	8.240000E-2
450	8.710000E-2
460	9.770000E-2
470	1.186000E-1
480	1.539000E-1
490	1.990000E-1
500	2.268000E-1
510	2.274000E-1
520	2.110000E-1
530	1.841000E-1
540	1.538000E-1
550	1.250000E-1
560	1.002000E-1
570	8.310000E-2
580	7.100000E-2
590	6.200000E-2
600	5.570000E-2
610	5.280000E-2
620	5.170000E-2
630	5.120000E-2
640	5.110000E-2
650	5.190000E-2
660	5.290000E-2
670	5.450000E-2
680	5.670000E-2
690	5.830000E-2
700	5.900000E-2
710	5.910000E-2
720	5.860000E-2
730	5.960000E-2
"10G 4/8"	""	""	
380	6.520000E-2
390	6.040000E-2
400	6.600000E-2
410	6.970000E-2
420	6.980000E-2
430	7.320000E-2
440	7.690000E-2
450	8.200000E-2
460	9.370000E-2
470	1.176000E-1
480	1.616000E-1
490	2.228000E-1
500	2.643000E-1
510	2.642000E-1
520	2.362000E-1
530	1.945000E-1
540	1.533000E-1
550	1.185000E-1
560	9.170000E-2
570	7.490000E-2
580	6.410000E-2
590	5.620000E-2
600	5.080000E-2
610	4.860000E-2
620	4.750000E-2
630	4.710000E-2
640	4.710000E-2
650	4.760000E-2
660	4.850000E-2
670	4.970000E-2
680	5.150000E-2
690	5.280000E-2
700	5.300000E-2
710	5.330000E-2
720	5.330000E-2
730	5.410000E-2
"10G 5/1"	""	""	
380	1.027000E-1
390	1.284000E-1
400	1.608000E-1
410	1.819000E-1
420	1.845000E-1
430	1.845000E-1
440	1.854000E-1
450	1.869000E-1
460	1.904000E-1
470	1.949000E-1
480	1.992000E-1
490	2.031000E-1
500	2.054000E-1
510	2.052000E-1
520	2.046000E-1
530	2.026000E-1
540	2.002000E-1
550	1.984000E-1
560	1.954000E-1
570	1.934000E-1
580	1.900000E-1
590	1.865000E-1
600	1.814000E-1
610	1.757000E-1
620	1.703000E-1
630	1.654000E-1
640	1.608000E-1
650	1.569000E-1
660	1.541000E-1
670	1.522000E-1
680	1.517000E-1
690	1.528000E-1
700	1.536000E-1
710	1.540000E-1
720	1.539000E-1
730	1.535000E-1
"10G 5/2"	""	""	
380	9.670000E-2
390	1.268000E-1
400	1.588000E-1
410	1.796000E-1
420	1.829000E-1
430	1.830000E-1
440	1.845000E-1
450	1.870000E-1
460	1.915000E-1
470	1.982000E-1
480	2.033000E-1
490	2.060000E-1
500	2.078000E-1
510	2.117000E-1
520	2.169000E-1
530	2.174000E-1
540	2.147000E-1
550	2.113000E-1
560	2.055000E-1
570	2.001000E-1
580	1.922000E-1
590	1.829000E-1
600	1.703000E-1
610	1.570000E-1
620	1.461000E-1
630	1.381000E-1
640	1.315000E-1
650	1.259000E-1
660	1.219000E-1
670	1.198000E-1
680	1.199000E-1
690	1.215000E-1
700	1.242000E-1
710	1.266000E-1
720	1.270000E-1
730	1.270000E-1
"10G 5/4"	""	""	
380	8.750000E-2
390	1.126000E-1
400	1.372000E-1
410	1.494000E-1
420	1.534000E-1
430	1.554000E-1
440	1.592000E-1
450	1.660000E-1
460	1.766000E-1
470	1.963000E-1
480	2.212000E-1
490	2.384000E-1
500	2.473000E-1
510	2.491000E-1
520	2.466000E-1
530	2.413000E-1
540	2.338000E-1
550	2.238000E-1
560	2.094000E-1
570	1.939000E-1
580	1.761000E-1
590	1.562000E-1
600	1.345000E-1
610	1.157000E-1
620	1.038000E-1
630	9.690000E-2
640	9.190000E-2
650	8.750000E-2
660	8.500000E-2
670	8.410000E-2
680	8.500000E-2
690	8.680000E-2
700	9.020000E-2
710	9.230000E-2
720	9.200000E-2
730	9.080000E-2
"10G 5/6"	""	""	
380	8.780000E-2
390	9.860000E-2
400	1.193000E-1
410	1.278000E-1
420	1.314000E-1
430	1.375000E-1
440	1.429000E-1
450	1.521000E-1
460	1.680000E-1
470	1.955000E-1
480	2.350000E-1
490	2.735000E-1
500	2.935000E-1
510	2.964000E-1
520	2.896000E-1
530	2.745000E-1
540	2.530000E-1
550	2.263000E-1
560	1.956000E-1
570	1.683000E-1
580	1.428000E-1
590	1.197000E-1
600	1.013000E-1
610	9.080000E-2
620	8.570000E-2
630	8.340000E-2
640	8.210000E-2
650	8.110000E-2
660	8.200000E-2
670	8.600000E-2
680	9.100000E-2
690	9.480000E-2
700	9.790000E-2
710	9.900000E-2
720	9.740000E-2
730	9.680000E-2
"10G 5/8"	""	""	
380	7.820000E-2
390	9.150000E-2
400	1.035000E-1
410	1.102000E-1
420	1.151000E-1
430	1.201000E-1
440	1.271000E-1
450	1.381000E-1
460	1.572000E-1
470	1.950000E-1
480	2.538000E-1
490	3.231000E-1
500	3.648000E-1
510	3.666000E-1
520	3.445000E-1
530	3.068000E-1
540	2.620000E-1
550	2.155000E-1
560	1.726000E-1
570	1.402000E-1
580	1.149000E-1
590	9.470000E-2
600	7.970000E-2
610	7.110000E-2
620	6.740000E-2
630	6.620000E-2
640	6.530000E-2
650	6.520000E-2
660	6.660000E-2
670	6.950000E-2
680	7.330000E-2
690	7.660000E-2
700	7.940000E-2
710	8.020000E-2
720	7.850000E-2
730	7.830000E-2
"10G 6/1"	""	""	
380	1.324000E-1
390	1.670000E-1
400	2.319000E-1
410	2.737000E-1
420	2.809000E-1
430	2.826000E-1
440	2.843000E-1
450	2.857000E-1
460	2.905000E-1
470	2.994000E-1
480	3.096000E-1
490	3.169000E-1
500	3.183000E-1
510	3.175000E-1
520	3.166000E-1
530	3.142000E-1
540	3.114000E-1
550	3.089000E-1
560	3.043000E-1
570	3.008000E-1
580	2.950000E-1
590	2.872000E-1
600	2.781000E-1
610	2.708000E-1
620	2.654000E-1
630	2.614000E-1
640	2.579000E-1
650	2.553000E-1
660	2.540000E-1
670	2.550000E-1
680	2.567000E-1
690	2.572000E-1
700	2.566000E-1
710	2.566000E-1
720	2.554000E-1
730	2.540000E-1
"10G 6/2"	""	""	
380	1.240000E-1
390	1.550000E-1
400	2.186000E-1
410	2.608000E-1
420	2.694000E-1
430	2.716000E-1
440	2.734000E-1
450	2.775000E-1
460	2.848000E-1
470	2.953000E-1
480	3.075000E-1
490	3.186000E-1
500	3.262000E-1
510	3.289000E-1
520	3.286000E-1
530	3.251000E-1
540	3.207000E-1
550	3.159000E-1
560	3.077000E-1
570	3.001000E-1
580	2.890000E-1
590	2.754000E-1
600	2.570000E-1
610	2.374000E-1
620	2.213000E-1
630	2.091000E-1
640	1.991000E-1
650	1.905000E-1
660	1.839000E-1
670	1.807000E-1
680	1.809000E-1
690	1.833000E-1
700	1.873000E-1
710	1.916000E-1
720	1.927000E-1
730	1.925000E-1
"10G 6/4"	""	""	
380	1.091000E-1
390	1.424000E-1
400	1.920000E-1
410	2.189000E-1
420	2.279000E-1
430	2.346000E-1
440	2.415000E-1
450	2.542000E-1
460	2.725000E-1
470	2.990000E-1
480	3.303000E-1
490	3.521000E-1
500	3.644000E-1
510	3.694000E-1
520	3.686000E-1
530	3.613000E-1
540	3.489000E-1
550	3.311000E-1
560	3.056000E-1
570	2.821000E-1
580	2.606000E-1
590	2.390000E-1
600	2.134000E-1
610	1.889000E-1
620	1.712000E-1
630	1.604000E-1
640	1.522000E-1
650	1.448000E-1
660	1.390000E-1
670	1.366000E-1
680	1.363000E-1
690	1.372000E-1
700	1.418000E-1
710	1.472000E-1
720	1.499000E-1
730	1.505000E-1
"10G 6/6"	""	""	
380	1.050000E-1
390	1.290000E-1
400	1.665000E-1
410	1.895000E-1
420	1.965000E-1
430	2.032000E-1
440	2.138000E-1
450	2.309000E-1
460	2.562000E-1
470	2.948000E-1
480	3.477000E-1
490	4.060000E-1
500	4.462000E-1
510	4.547000E-1
520	4.374000E-1
530	4.037000E-1
540	3.632000E-1
550	3.200000E-1
560	2.733000E-1
570	2.350000E-1
580	2.075000E-1
590	1.904000E-1
600	1.763000E-1
610	1.654000E-1
620	1.607000E-1
630	1.589000E-1
640	1.585000E-1
650	1.624000E-1
660	1.692000E-1
670	1.723000E-1
680	1.684000E-1
690	1.615000E-1
700	1.523000E-1
710	1.451000E-1
720	1.480000E-1
730	1.636000E-1
"10G 6/8"	""	""	
380	9.910000E-2
390	1.222000E-1
400	1.534000E-1
410	1.758000E-1
420	1.853000E-1
430	1.944000E-1
440	2.077000E-1
450	2.260000E-1
460	2.571000E-1
470	3.047000E-1
480	3.602000E-1
490	4.216000E-1
500	4.713000E-1
510	4.913000E-1
520	4.818000E-1
530	4.503000E-1
540	4.056000E-1
550	3.538000E-1
560	2.996000E-1
570	2.517000E-1
580	2.071000E-1
590	1.674000E-1
600	1.351000E-1
610	1.159000E-1
620	1.068000E-1
630	1.022000E-1
640	9.870000E-2
650	9.640000E-2
660	9.720000E-2
670	1.013000E-1
680	1.076000E-1
690	1.145000E-1
700	1.205000E-1
710	1.221000E-1
720	1.189000E-1
730	1.177000E-1
"10G 6/10"	""	""	
380	1.007000E-1
390	1.185000E-1
400	1.442000E-1
410	1.615000E-1
420	1.699000E-1
430	1.789000E-1
440	1.920000E-1
450	2.091000E-1
460	2.386000E-1
470	2.940000E-1
480	3.798000E-1
490	4.837000E-1
500	5.511000E-1
510	5.594000E-1
520	5.300000E-1
530	4.750000E-1
540	4.078000E-1
550	3.381000E-1
560	2.731000E-1
570	2.234000E-1
580	1.835000E-1
590	1.501000E-1
600	1.233000E-1
610	1.073000E-1
620	9.990000E-2
630	9.650000E-2
640	9.430000E-2
650	9.350000E-2
660	9.540000E-2
670	1.004000E-1
680	1.071000E-1
690	1.134000E-1
700	1.177000E-1
710	1.188000E-1
720	1.163000E-1
730	1.165000E-1
"10G 7/1"	""	""	
380	1.363000E-1
390	1.861000E-1
400	2.896000E-1
410	3.831000E-1
420	4.097000E-1
430	4.124000E-1
440	4.133000E-1
450	4.158000E-1
460	4.203000E-1
470	4.247000E-1
480	4.289000E-1
490	4.308000E-1
500	4.323000E-1
510	4.393000E-1
520	4.493000E-1
530	4.516000E-1
540	4.493000E-1
550	4.460000E-1
560	4.395000E-1
570	4.348000E-1
580	4.265000E-1
590	4.168000E-1
600	4.035000E-1
610	3.882000E-1
620	3.740000E-1
630	3.630000E-1
640	3.532000E-1
650	3.446000E-1
660	3.383000E-1
670	3.350000E-1
680	3.356000E-1
690	3.377000E-1
700	3.415000E-1
710	3.453000E-1
720	3.448000E-1
730	3.447000E-1
"10G 7/2"	""	""	
380	1.365000E-1
390	1.881000E-1
400	2.771000E-1
410	3.544000E-1
420	3.752000E-1
430	3.812000E-1
440	3.875000E-1
450	3.936000E-1
460	4.043000E-1
470	4.228000E-1
480	4.451000E-1
490	4.630000E-1
500	4.712000E-1
510	4.718000E-1
520	4.709000E-1
530	4.670000E-1
540	4.610000E-1
550	4.541000E-1
560	4.421000E-1
570	4.298000E-1
580	4.123000E-1
590	3.914000E-1
600	3.660000E-1
610	3.453000E-1
620	3.335000E-1
630	3.271000E-1
640	3.222000E-1
650	3.201000E-1
660	3.239000E-1
670	3.322000E-1
680	3.417000E-1
690	3.493000E-1
700	3.536000E-1
710	3.531000E-1
720	3.492000E-1
730	3.489000E-1
"10G 7/4"	""	""	
380	1.287000E-1
390	1.693000E-1
400	2.485000E-1
410	3.148000E-1
420	3.360000E-1
430	3.446000E-1
440	3.540000E-1
450	3.672000E-1
460	3.907000E-1
470	4.300000E-1
480	4.763000E-1
490	5.077000E-1
500	5.181000E-1
510	5.182000E-1
520	5.152000E-1
530	5.066000E-1
540	4.930000E-1
550	4.739000E-1
560	4.458000E-1
570	4.173000E-1
580	3.849000E-1
590	3.504000E-1
600	3.153000E-1
610	2.901000E-1
620	2.765000E-1
630	2.694000E-1
640	2.640000E-1
650	2.615000E-1
660	2.641000E-1
670	2.730000E-1
680	2.839000E-1
690	2.935000E-1
700	3.005000E-1
710	3.012000E-1
720	2.964000E-1
730	2.974000E-1
"10G 7/6"	""	""	
380	1.344000E-1
390	1.727000E-1
400	2.450000E-1
410	2.946000E-1
420	3.137000E-1
430	3.247000E-1
440	3.382000E-1
450	3.565000E-1
460	3.821000E-1
470	4.222000E-1
480	4.741000E-1
490	5.196000E-1
500	5.510000E-1
510	5.642000E-1
520	5.623000E-1
530	5.497000E-1
540	5.300000E-1
550	5.029000E-1
560	4.646000E-1
570	4.247000E-1
580	3.802000E-1
590	3.316000E-1
600	2.794000E-1
610	2.354000E-1
620	2.082000E-1
630	1.931000E-1
640	1.827000E-1
650	1.737000E-1
660	1.687000E-1
670	1.703000E-1
680	1.772000E-1
690	1.868000E-1
700	1.985000E-1
710	2.070000E-1
720	2.066000E-1
730	2.036000E-1
"10G 7/8"	""	""	
380	1.301000E-1
390	1.639000E-1
400	2.235000E-1
410	2.642000E-1
420	2.800000E-1
430	2.925000E-1
440	3.076000E-1
450	3.276000E-1
460	3.594000E-1
470	4.159000E-1
480	4.985000E-1
490	5.894000E-1
500	6.473000E-1
510	6.601000E-1
520	6.438000E-1
530	6.054000E-1
540	5.532000E-1
550	4.929000E-1
560	4.282000E-1
570	3.718000E-1
580	3.195000E-1
590	2.697000E-1
600	2.253000E-1
610	1.972000E-1
620	1.835000E-1
630	1.776000E-1
640	1.737000E-1
650	1.718000E-1
660	1.754000E-1
670	1.858000E-1
680	1.993000E-1
690	2.120000E-1
700	2.214000E-1
710	2.239000E-1
720	2.186000E-1
730	2.156000E-1
"10G 8/1"	""	""	
380	1.584000E-1
390	2.080000E-1
400	3.464000E-1
410	4.966000E-1
420	5.528000E-1
430	5.634000E-1
440	5.683000E-1
450	5.735000E-1
460	5.813000E-1
470	5.929000E-1
480	6.071000E-1
490	6.188000E-1
500	6.239000E-1
510	6.251000E-1
520	6.254000E-1
530	6.229000E-1
540	6.199000E-1
550	6.175000E-1
560	6.113000E-1
570	6.076000E-1
580	5.992000E-1
590	5.884000E-1
600	5.716000E-1
610	5.516000E-1
620	5.336000E-1
630	5.212000E-1
640	5.109000E-1
650	5.015000E-1
660	4.959000E-1
670	4.968000E-1
680	5.027000E-1
690	5.106000E-1
700	5.187000E-1
710	5.238000E-1
720	5.229000E-1
730	5.198000E-1
"10G 8/2"	""	""	
380	1.580000E-1
390	2.057000E-1
400	3.286000E-1
410	4.591000E-1
420	5.092000E-1
430	5.227000E-1
440	5.325000E-1
450	5.463000E-1
460	5.646000E-1
470	5.860000E-1
480	6.078000E-1
490	6.230000E-1
500	6.316000E-1
510	6.359000E-1
520	6.381000E-1
530	6.354000E-1
540	6.293000E-1
550	6.202000E-1
560	6.021000E-1
570	5.852000E-1
580	5.667000E-1
590	5.467000E-1
600	5.190000E-1
610	4.892000E-1
620	4.661000E-1
630	4.506000E-1
640	4.383000E-1
650	4.266000E-1
660	4.178000E-1
670	4.134000E-1
680	4.133000E-1
690	4.171000E-1
700	4.259000E-1
710	4.356000E-1
720	4.408000E-1
730	4.443000E-1
"10G 8/4"	""	""	
380	1.584000E-1
390	2.060000E-1
400	3.181000E-1
410	4.257000E-1
420	4.646000E-1
430	4.780000E-1
440	4.909000E-1
450	5.098000E-1
460	5.386000E-1
470	5.803000E-1
480	6.279000E-1
490	6.630000E-1
500	6.826000E-1
510	6.891000E-1
520	6.863000E-1
530	6.756000E-1
540	6.604000E-1
550	6.395000E-1
560	6.079000E-1
570	5.778000E-1
580	5.475000E-1
590	5.114000E-1
600	4.629000E-1
610	4.146000E-1
620	3.779000E-1
630	3.533000E-1
640	3.335000E-1
650	3.164000E-1
660	3.047000E-1
670	3.008000E-1
680	3.037000E-1
690	3.111000E-1
700	3.243000E-1
710	3.368000E-1
720	3.419000E-1
730	3.443000E-1
"10G 9/1"	""	""	
380	1.944000E-1
390	2.332000E-1
400	3.878000E-1
410	5.984000E-1
420	7.096000E-1
430	7.341000E-1
440	7.407000E-1
450	7.478000E-1
460	7.585000E-1
470	7.734000E-1
480	7.906000E-1
490	8.050000E-1
500	8.122000E-1
510	8.151000E-1
520	8.167000E-1
530	8.148000E-1
540	8.118000E-1
550	8.086000E-1
560	7.997000E-1
570	7.952000E-1
580	7.829000E-1
590	7.661000E-1
600	7.411000E-1
610	7.146000E-1
620	6.928000E-1
630	6.777000E-1
640	6.652000E-1
650	6.537000E-1
660	6.458000E-1
670	6.446000E-1
680	6.497000E-1
690	6.572000E-1
700	6.663000E-1
710	6.729000E-1
720	6.711000E-1
730	6.670000E-1
"10G 9/2"	""	""	
380	1.810000E-1
390	2.232000E-1
400	3.717000E-1
410	5.775000E-1
420	6.887000E-1
430	7.196000E-1
440	7.333000E-1
450	7.487000E-1
460	7.687000E-1
470	7.912000E-1
480	8.144000E-1
490	8.371000E-1
500	8.535000E-1
510	8.622000E-1
520	8.672000E-1
530	8.651000E-1
540	8.596000E-1
550	8.514000E-1
560	8.336000E-1
570	8.157000E-1
580	7.868000E-1
590	7.507000E-1
600	7.067000E-1
610	6.666000E-1
620	6.389000E-1
630	6.230000E-1
640	6.110000E-1
650	6.023000E-1
660	5.990000E-1
670	6.051000E-1
680	6.190000E-1
690	6.360000E-1
700	6.526000E-1
710	6.633000E-1
720	6.641000E-1
730	6.680000E-1
"2.5BG 2.5/2"	""	""	
380	3.850000E-2
390	4.320000E-2
400	4.140000E-2
410	4.410000E-2
420	4.250000E-2
430	4.390000E-2
440	4.360000E-2
450	4.460000E-2
460	4.590000E-2
470	5.010000E-2
480	5.790000E-2
490	6.590000E-2
500	7.080000E-2
510	7.000000E-2
520	6.530000E-2
530	5.750000E-2
540	4.990000E-2
550	4.400000E-2
560	3.990000E-2
570	3.850000E-2
580	3.740000E-2
590	3.680000E-2
600	3.630000E-2
610	3.570000E-2
620	3.590000E-2
630	3.560000E-2
640	3.560000E-2
650	3.590000E-2
660	3.560000E-2
670	3.600000E-2
680	3.630000E-2
690	3.660000E-2
700	3.740000E-2
710	3.760000E-2
720	3.790000E-2
730	3.870000E-2
"2.5BG 3/2"	""	""	
380	4.520000E-2
390	4.940000E-2
400	5.310000E-2
410	5.590000E-2
420	5.630000E-2
430	5.690000E-2
440	5.780000E-2
450	5.880000E-2
460	6.070000E-2
470	6.410000E-2
480	6.820000E-2
490	7.150000E-2
500	7.290000E-2
510	7.270000E-2
520	7.170000E-2
530	7.010000E-2
540	6.820000E-2
550	6.590000E-2
560	6.270000E-2
570	5.950000E-2
580	5.580000E-2
590	5.170000E-2
600	4.720000E-2
610	4.330000E-2
620	4.100000E-2
630	3.980000E-2
640	3.910000E-2
650	3.860000E-2
660	3.860000E-2
670	3.890000E-2
680	3.990000E-2
690	4.080000E-2
700	4.150000E-2
710	4.220000E-2
720	4.200000E-2
730	4.180000E-2
"2.5BG 3/4"	""	""	
380	4.990000E-2
390	5.020000E-2
400	5.130000E-2
410	5.340000E-2
420	5.380000E-2
430	5.530000E-2
440	5.630000E-2
450	5.870000E-2
460	6.270000E-2
470	7.170000E-2
480	8.910000E-2
490	1.202000E-1
500	1.461000E-1
510	1.444000E-1
520	1.237000E-1
530	9.640000E-2
540	7.320000E-2
550	5.820000E-2
560	5.030000E-2
570	4.670000E-2
580	4.430000E-2
590	4.270000E-2
600	4.160000E-2
610	4.130000E-2
620	4.140000E-2
630	4.170000E-2
640	4.210000E-2
650	4.310000E-2
660	4.420000E-2
670	4.560000E-2
680	4.650000E-2
690	4.700000E-2
700	4.760000E-2
710	4.710000E-2
720	4.680000E-2
730	4.770000E-2
"2.5BG 3/6"	""	""	
380	4.590000E-2
390	4.760000E-2
400	4.730000E-2
410	4.780000E-2
420	4.680000E-2
430	4.740000E-2
440	4.750000E-2
450	5.000000E-2
460	5.420000E-2
470	6.930000E-2
480	1.037000E-1
490	1.458000E-1
500	1.698000E-1
510	1.591000E-1
520	1.237000E-1
530	8.650000E-2
540	6.070000E-2
550	4.650000E-2
560	4.020000E-2
570	3.840000E-2
580	3.720000E-2
590	3.690000E-2
600	3.640000E-2
610	3.650000E-2
620	3.670000E-2
630	3.670000E-2
640	3.720000E-2
650	3.730000E-2
660	3.770000E-2
670	3.810000E-2
680	3.820000E-2
690	3.860000E-2
700	3.950000E-2
710	4.050000E-2
720	4.320000E-2
730	4.440000E-2
"2.5BG 4/2"	""	""	
380	7.860000E-2
390	8.730000E-2
400	1.021000E-1
410	1.072000E-1
420	1.094000E-1
430	1.098000E-1
440	1.118000E-1
450	1.139000E-1
460	1.179000E-1
470	1.247000E-1
480	1.320000E-1
490	1.374000E-1
500	1.385000E-1
510	1.377000E-1
520	1.365000E-1
530	1.343000E-1
540	1.314000E-1
550	1.279000E-1
560	1.229000E-1
570	1.176000E-1
580	1.106000E-1
590	1.024000E-1
600	9.430000E-2
610	8.870000E-2
620	8.530000E-2
630	8.330000E-2
640	8.170000E-2
650	8.090000E-2
660	8.120000E-2
670	8.250000E-2
680	8.490000E-2
690	8.630000E-2
700	8.760000E-2
710	8.800000E-2
720	8.670000E-2
730	8.640000E-2
"2.5BG 4/4"	""	""	
380	7.270000E-2
390	7.980000E-2
400	9.080000E-2
410	9.670000E-2
420	1.000000E-1
430	1.023000E-1
440	1.068000E-1
450	1.124000E-1
460	1.212000E-1
470	1.346000E-1
480	1.494000E-1
490	1.611000E-1
500	1.666000E-1
510	1.673000E-1
520	1.645000E-1
530	1.586000E-1
540	1.503000E-1
550	1.395000E-1
560	1.256000E-1
570	1.120000E-1
580	9.810000E-2
590	8.460000E-2
600	7.260000E-2
610	6.430000E-2
620	5.990000E-2
630	5.790000E-2
640	5.650000E-2
650	5.560000E-2
660	5.570000E-2
670	5.670000E-2
680	5.870000E-2
690	6.080000E-2
700	6.300000E-2
710	6.440000E-2
720	6.380000E-2
730	6.330000E-2
"2.5BG 4/6"	""	""	
380	6.710000E-2
390	7.230000E-2
400	7.940000E-2
410	8.230000E-2
420	8.430000E-2
430	8.670000E-2
440	9.030000E-2
450	9.740000E-2
460	1.091000E-1
470	1.341000E-1
480	1.757000E-1
490	2.191000E-1
500	2.457000E-1
510	2.438000E-1
520	2.170000E-1
530	1.796000E-1
540	1.438000E-1
550	1.142000E-1
560	9.130000E-2
570	7.780000E-2
580	6.990000E-2
590	6.460000E-2
600	5.960000E-2
610	5.590000E-2
620	5.380000E-2
630	5.270000E-2
640	5.180000E-2
650	5.110000E-2
660	5.070000E-2
670	5.050000E-2
680	5.070000E-2
690	5.110000E-2
700	5.230000E-2
710	5.330000E-2
720	5.380000E-2
730	5.450000E-2
"2.5BG 4/8"	""	""	
380	7.140000E-2
390	6.730000E-2
400	7.900000E-2
410	7.880000E-2
420	8.380000E-2
430	8.500000E-2
440	9.090000E-2
450	9.750000E-2
460	1.112000E-1
470	1.375000E-1
480	1.741000E-1
490	2.130000E-1
500	2.297000E-1
510	2.243000E-1
520	2.061000E-1
530	1.803000E-1
540	1.511000E-1
550	1.229000E-1
560	9.900000E-2
570	8.200000E-2
580	7.010000E-2
590	6.060000E-2
600	5.440000E-2
610	5.140000E-2
620	4.980000E-2
630	4.990000E-2
640	4.950000E-2
650	4.990000E-2
660	5.120000E-2
670	5.240000E-2
680	5.470000E-2
690	5.590000E-2
700	5.690000E-2
710	5.750000E-2
720	5.570000E-2
730	5.700000E-2
"2.5BG 5/2"	""	""	
380	9.530000E-2
390	1.228000E-1
400	1.558000E-1
410	1.744000E-1
420	1.783000E-1
430	1.808000E-1
440	1.830000E-1
450	1.859000E-1
460	1.914000E-1
470	2.002000E-1
480	2.110000E-1
490	2.190000E-1
500	2.217000E-1
510	2.215000E-1
520	2.200000E-1
530	2.171000E-1
540	2.133000E-1
550	2.090000E-1
560	2.022000E-1
570	1.952000E-1
580	1.856000E-1
590	1.739000E-1
600	1.609000E-1
610	1.511000E-1
620	1.456000E-1
630	1.425000E-1
640	1.400000E-1
650	1.387000E-1
660	1.397000E-1
670	1.433000E-1
680	1.477000E-1
690	1.508000E-1
700	1.530000E-1
710	1.524000E-1
720	1.506000E-1
730	1.499000E-1
"2.5BG 5/4"	""	""	
380	9.080000E-2
390	1.168000E-1
400	1.420000E-1
410	1.577000E-1
420	1.633000E-1
430	1.679000E-1
440	1.739000E-1
450	1.815000E-1
460	1.935000E-1
470	2.129000E-1
480	2.347000E-1
490	2.523000E-1
500	2.591000E-1
510	2.590000E-1
520	2.556000E-1
530	2.485000E-1
540	2.386000E-1
550	2.252000E-1
560	2.073000E-1
570	1.891000E-1
580	1.695000E-1
590	1.488000E-1
600	1.286000E-1
610	1.155000E-1
620	1.088000E-1
630	1.057000E-1
640	1.036000E-1
650	1.027000E-1
660	1.042000E-1
670	1.088000E-1
680	1.148000E-1
690	1.201000E-1
700	1.240000E-1
710	1.253000E-1
720	1.229000E-1
730	1.218000E-1
"2.5BG 5/6"	""	""	
380	8.750000E-2
390	1.075000E-1
400	1.305000E-1
410	1.426000E-1
420	1.488000E-1
430	1.553000E-1
440	1.640000E-1
450	1.759000E-1
460	1.948000E-1
470	2.237000E-1
480	2.564000E-1
490	2.828000E-1
500	2.963000E-1
510	2.978000E-1
520	2.911000E-1
530	2.770000E-1
540	2.573000E-1
550	2.321000E-1
560	2.022000E-1
570	1.745000E-1
580	1.483000E-1
590	1.239000E-1
600	1.026000E-1
610	8.870000E-2
620	8.160000E-2
630	7.790000E-2
640	7.560000E-2
650	7.400000E-2
660	7.390000E-2
670	7.590000E-2
680	7.910000E-2
690	8.290000E-2
700	8.680000E-2
710	8.870000E-2
720	8.800000E-2
730	8.720000E-2
"2.5BG 5/8"	""	""	
380	7.950000E-2
390	9.620000E-2
400	1.094000E-1
410	1.192000E-1
420	1.233000E-1
430	1.313000E-1
440	1.416000E-1
450	1.579000E-1
460	1.879000E-1
470	2.388000E-1
480	2.962000E-1
490	3.474000E-1
500	3.748000E-1
510	3.686000E-1
520	3.401000E-1
530	3.002000E-1
540	2.580000E-1
550	2.153000E-1
560	1.743000E-1
570	1.416000E-1
580	1.147000E-1
590	9.350000E-2
600	7.820000E-2
610	6.970000E-2
620	6.630000E-2
630	6.450000E-2
640	6.360000E-2
650	6.330000E-2
660	6.390000E-2
670	6.600000E-2
680	6.830000E-2
690	7.070000E-2
700	7.260000E-2
710	7.300000E-2
720	7.220000E-2
730	7.250000E-2
"2.5BG 6/2"	""	""	
380	1.201000E-1
390	1.566000E-1
400	2.099000E-1
410	2.475000E-1
420	2.603000E-1
430	2.676000E-1
440	2.758000E-1
450	2.860000E-1
460	2.981000E-1
470	3.095000E-1
480	3.173000E-1
490	3.229000E-1
500	3.248000E-1
510	3.246000E-1
520	3.237000E-1
530	3.209000E-1
540	3.178000E-1
550	3.150000E-1
560	3.091000E-1
570	3.026000E-1
580	2.896000E-1
590	2.713000E-1
600	2.489000E-1
610	2.310000E-1
620	2.211000E-1
630	2.156000E-1
640	2.118000E-1
650	2.096000E-1
660	2.111000E-1
670	2.187000E-1
680	2.298000E-1
690	2.413000E-1
700	2.512000E-1
710	2.558000E-1
720	2.541000E-1
730	2.546000E-1
"2.5BG 6/4"	""	""	
380	1.140000E-1
390	1.475000E-1
400	2.003000E-1
410	2.337000E-1
420	2.437000E-1
430	2.501000E-1
440	2.588000E-1
450	2.698000E-1
460	2.871000E-1
470	3.150000E-1
480	3.455000E-1
490	3.679000E-1
500	3.755000E-1
510	3.747000E-1
520	3.708000E-1
530	3.623000E-1
540	3.502000E-1
550	3.336000E-1
560	3.105000E-1
570	2.861000E-1
580	2.570000E-1
590	2.263000E-1
600	1.976000E-1
610	1.784000E-1
620	1.684000E-1
630	1.631000E-1
640	1.591000E-1
650	1.566000E-1
660	1.582000E-1
670	1.646000E-1
680	1.731000E-1
690	1.804000E-1
700	1.859000E-1
710	1.865000E-1
720	1.818000E-1
730	1.804000E-1
"2.5BG 6/6"	""	""	
380	1.196000E-1
390	1.428000E-1
400	1.893000E-1
410	2.171000E-1
420	2.308000E-1
430	2.403000E-1
440	2.540000E-1
450	2.721000E-1
460	2.984000E-1
470	3.299000E-1
480	3.532000E-1
490	3.678000E-1
500	3.767000E-1
510	4.014000E-1
520	4.319000E-1
530	4.306000E-1
540	4.027000E-1
550	3.618000E-1
560	3.145000E-1
570	2.714000E-1
580	2.315000E-1
590	1.938000E-1
600	1.609000E-1
610	1.405000E-1
620	1.307000E-1
630	1.268000E-1
640	1.238000E-1
650	1.225000E-1
660	1.253000E-1
670	1.319000E-1
680	1.416000E-1
690	1.503000E-1
700	1.570000E-1
710	1.587000E-1
720	1.547000E-1
730	1.531000E-1
"2.5BG 6/8"	""	""	
380	1.088000E-1
390	1.301000E-1
400	1.663000E-1
410	1.902000E-1
420	2.005000E-1
430	2.119000E-1
440	2.265000E-1
450	2.465000E-1
460	2.795000E-1
470	3.360000E-1
480	4.082000E-1
490	4.792000E-1
500	5.136000E-1
510	5.100000E-1
520	4.847000E-1
530	4.428000E-1
540	3.916000E-1
550	3.357000E-1
560	2.799000E-1
570	2.340000E-1
580	1.955000E-1
590	1.618000E-1
600	1.336000E-1
610	1.166000E-1
620	1.083000E-1
630	1.047000E-1
640	1.022000E-1
650	1.008000E-1
660	1.028000E-1
670	1.081000E-1
680	1.150000E-1
690	1.216000E-1
700	1.259000E-1
710	1.271000E-1
720	1.239000E-1
730	1.240000E-1
"2.5BG 6/10"	""	""	
380	1.018000E-1
390	1.207000E-1
400	1.465000E-1
410	1.660000E-1
420	1.756000E-1
430	1.876000E-1
440	2.030000E-1
450	2.258000E-1
460	2.648000E-1
470	3.334000E-1
480	4.246000E-1
490	5.195000E-1
500	5.651000E-1
510	5.574000E-1
520	5.198000E-1
530	4.604000E-1
540	3.912000E-1
550	3.208000E-1
560	2.565000E-1
570	2.075000E-1
580	1.686000E-1
590	1.362000E-1
600	1.108000E-1
610	9.660000E-2
620	9.040000E-2
630	8.770000E-2
640	8.610000E-2
650	8.550000E-2
660	8.730000E-2
670	9.250000E-2
680	9.930000E-2
690	1.054000E-1
700	1.106000E-1
710	1.120000E-1
720	1.096000E-1
730	1.091000E-1
"2.5BG 7/2"	""	""	
380	1.384000E-1
390	1.835000E-1
400	2.800000E-1
410	3.634000E-1
420	3.912000E-1
430	3.999000E-1
440	4.086000E-1
450	4.187000E-1
460	4.306000E-1
470	4.434000E-1
480	4.541000E-1
490	4.627000E-1
500	4.676000E-1
510	4.711000E-1
520	4.732000E-1
530	4.718000E-1
540	4.685000E-1
550	4.623000E-1
560	4.477000E-1
570	4.310000E-1
580	4.118000E-1
590	3.944000E-1
600	3.735000E-1
610	3.526000E-1
620	3.377000E-1
630	3.276000E-1
640	3.196000E-1
650	3.144000E-1
660	3.127000E-1
670	3.121000E-1
680	3.114000E-1
690	3.118000E-1
700	3.115000E-1
710	3.109000E-1
720	3.148000E-1
730	3.259000E-1
"2.5BG 7/4"	""	""	
380	1.354000E-1
390	1.755000E-1
400	2.637000E-1
410	3.333000E-1
420	3.568000E-1
430	3.676000E-1
440	3.791000E-1
450	3.932000E-1
460	4.138000E-1
470	4.461000E-1
480	4.825000E-1
490	5.135000E-1
500	5.263000E-1
510	5.280000E-1
520	5.248000E-1
530	5.149000E-1
540	5.003000E-1
550	4.801000E-1
560	4.517000E-1
570	4.221000E-1
580	3.873000E-1
590	3.486000E-1
600	3.096000E-1
610	2.834000E-1
620	2.700000E-1
630	2.636000E-1
640	2.590000E-1
650	2.566000E-1
660	2.605000E-1
670	2.715000E-1
680	2.852000E-1
690	2.973000E-1
700	3.050000E-1
710	3.067000E-1
720	3.014000E-1
730	3.001000E-1
"2.5BG 7/6"	""	""	
380	1.292000E-1
390	1.655000E-1
400	2.388000E-1
410	2.960000E-1
420	3.192000E-1
430	3.338000E-1
440	3.508000E-1
450	3.738000E-1
460	4.078000E-1
470	4.528000E-1
480	4.959000E-1
490	5.336000E-1
500	5.573000E-1
510	5.656000E-1
520	5.608000E-1
530	5.433000E-1
540	5.167000E-1
550	4.819000E-1
560	4.384000E-1
570	3.944000E-1
580	3.460000E-1
590	2.955000E-1
600	2.487000E-1
610	2.177000E-1
620	2.021000E-1
630	1.940000E-1
640	1.880000E-1
650	1.835000E-1
660	1.850000E-1
670	1.940000E-1
680	2.065000E-1
690	2.190000E-1
700	2.286000E-1
710	2.311000E-1
720	2.254000E-1
730	2.225000E-1
"2.5BG 7/8"	""	""	
380	1.236000E-1
390	1.555000E-1
400	2.201000E-1
410	2.735000E-1
420	2.958000E-1
430	3.122000E-1
440	3.330000E-1
450	3.619000E-1
460	4.077000E-1
470	4.744000E-1
480	5.491000E-1
490	6.240000E-1
500	6.729000E-1
510	6.830000E-1
520	6.616000E-1
530	6.164000E-1
540	5.573000E-1
550	4.901000E-1
560	4.207000E-1
570	3.624000E-1
580	3.105000E-1
590	2.620000E-1
600	2.192000E-1
610	1.913000E-1
620	1.774000E-1
630	1.708000E-1
640	1.658000E-1
650	1.626000E-1
660	1.642000E-1
670	1.724000E-1
680	1.838000E-1
690	1.951000E-1
700	2.044000E-1
710	2.074000E-1
720	2.037000E-1
730	2.027000E-1
"2.5BG 8/2"	""	""	
380	1.571000E-1
390	2.019000E-1
400	3.279000E-1
410	4.658000E-1
420	5.217000E-1
430	5.351000E-1
440	5.455000E-1
450	5.581000E-1
460	5.740000E-1
470	5.922000E-1
480	6.082000E-1
490	6.201000E-1
500	6.268000E-1
510	6.335000E-1
520	6.391000E-1
530	6.377000E-1
540	6.320000E-1
550	6.222000E-1
560	6.016000E-1
570	5.804000E-1
580	5.574000E-1
590	5.351000E-1
600	5.069000E-1
610	4.779000E-1
620	4.564000E-1
630	4.411000E-1
640	4.286000E-1
650	4.188000E-1
660	4.136000E-1
670	4.116000E-1
680	4.125000E-1
690	4.159000E-1
700	4.200000E-1
710	4.237000E-1
720	4.280000E-1
730	4.386000E-1
"2.5BG 8/4"	""	""	
380	1.611000E-1
390	1.992000E-1
400	3.247000E-1
410	4.456000E-1
420	4.947000E-1
430	5.070000E-1
440	5.192000E-1
450	5.366000E-1
460	5.644000E-1
470	6.097000E-1
480	6.652000E-1
490	7.091000E-1
500	7.298000E-1
510	7.355000E-1
520	7.293000E-1
530	7.111000E-1
540	6.857000E-1
550	6.537000E-1
560	6.129000E-1
570	5.750000E-1
580	5.380000E-1
590	5.002000E-1
600	4.561000E-1
610	4.143000E-1
620	3.827000E-1
630	3.623000E-1
640	3.466000E-1
650	3.323000E-1
660	3.228000E-1
670	3.181000E-1
680	3.185000E-1
690	3.243000E-1
700	3.329000E-1
710	3.422000E-1
720	3.462000E-1
730	3.481000E-1
"2.5BG 9/2"	""	""	
380	1.725000E-1
390	2.154000E-1
400	3.630000E-1
410	5.693000E-1
420	6.824000E-1
430	7.111000E-1
440	7.240000E-1
450	7.397000E-1
460	7.607000E-1
470	7.856000E-1
480	8.077000E-1
490	8.289000E-1
500	8.428000E-1
510	8.507000E-1
520	8.541000E-1
530	8.497000E-1
540	8.413000E-1
550	8.291000E-1
560	8.079000E-1
570	7.860000E-1
580	7.529000E-1
590	7.128000E-1
600	6.681000E-1
610	6.348000E-1
620	6.164000E-1
630	6.065000E-1
640	5.984000E-1
650	5.930000E-1
660	5.971000E-1
670	6.110000E-1
680	6.304000E-1
690	6.477000E-1
700	6.602000E-1
710	6.648000E-1
720	6.587000E-1
730	6.566000E-1
"5BG 2.5/1"	""	""	
380	4.620000E-2
390	4.520000E-2
400	4.580000E-2
410	4.560000E-2
420	4.580000E-2
430	4.530000E-2
440	4.560000E-2
450	4.610000E-2
460	4.740000E-2
470	4.980000E-2
480	5.300000E-2
490	5.560000E-2
500	5.670000E-2
510	5.570000E-2
520	5.320000E-2
530	4.970000E-2
540	4.650000E-2
550	4.420000E-2
560	4.230000E-2
570	4.130000E-2
580	4.060000E-2
590	4.020000E-2
600	3.970000E-2
610	3.950000E-2
620	3.950000E-2
630	3.950000E-2
640	3.950000E-2
650	3.940000E-2
660	3.940000E-2
670	3.960000E-2
680	4.000000E-2
690	4.020000E-2
700	4.100000E-2
710	4.100000E-2
720	4.190000E-2
730	4.220000E-2
"5BG 2.5/2"	""	""	
380	3.940000E-2
390	4.390000E-2
400	4.290000E-2
410	4.350000E-2
420	4.370000E-2
430	4.370000E-2
440	4.460000E-2
450	4.590000E-2
460	4.940000E-2
470	5.850000E-2
480	7.380000E-2
490	8.190000E-2
500	7.800000E-2
510	6.960000E-2
520	6.140000E-2
530	5.360000E-2
540	4.800000E-2
550	4.430000E-2
560	4.170000E-2
570	4.010000E-2
580	3.920000E-2
590	3.810000E-2
600	3.710000E-2
610	3.680000E-2
620	3.650000E-2
630	3.650000E-2
640	3.660000E-2
650	3.670000E-2
660	3.710000E-2
670	3.740000E-2
680	3.810000E-2
690	3.850000E-2
700	3.930000E-2
710	3.960000E-2
720	3.970000E-2
730	4.000000E-2
"5BG 3/1"	""	""	
380	5.470000E-2
390	5.410000E-2
400	6.080000E-2
410	5.880000E-2
420	6.150000E-2
430	6.100000E-2
440	6.320000E-2
450	6.490000E-2
460	6.780000E-2
470	7.090000E-2
480	7.140000E-2
490	7.120000E-2
500	7.010000E-2
510	7.240000E-2
520	7.370000E-2
530	7.140000E-2
540	6.770000E-2
550	6.390000E-2
560	5.900000E-2
570	5.680000E-2
580	5.770000E-2
590	5.980000E-2
600	5.630000E-2
610	5.330000E-2
620	5.130000E-2
630	5.090000E-2
640	4.980000E-2
650	5.020000E-2
660	5.020000E-2
670	5.150000E-2
680	5.230000E-2
690	5.400000E-2
700	5.420000E-2
710	5.520000E-2
720	5.390000E-2
730	5.500000E-2
"5BG 3/2"	""	""	
380	4.740000E-2
390	6.040000E-2
400	6.100000E-2
410	6.420000E-2
420	6.400000E-2
430	6.480000E-2
440	6.600000E-2
450	6.770000E-2
460	7.010000E-2
470	7.440000E-2
480	7.910000E-2
490	8.140000E-2
500	8.200000E-2
510	8.040000E-2
520	7.750000E-2
530	7.320000E-2
540	6.940000E-2
550	6.670000E-2
560	6.420000E-2
570	6.130000E-2
580	5.750000E-2
590	5.410000E-2
600	5.120000E-2
610	4.900000E-2
620	4.790000E-2
630	4.730000E-2
640	4.710000E-2
650	4.690000E-2
660	4.700000E-2
670	4.720000E-2
680	4.720000E-2
690	4.730000E-2
700	4.800000E-2
710	4.880000E-2
720	5.150000E-2
730	5.310000E-2
"5BG 3/4"	""	""	
380	3.840000E-2
390	5.750000E-2
400	5.000000E-2
410	5.550000E-2
420	5.490000E-2
430	5.610000E-2
440	5.780000E-2
450	6.030000E-2
460	6.740000E-2
470	8.170000E-2
480	1.075000E-1
490	1.354000E-1
500	1.459000E-1
510	1.326000E-1
520	1.098000E-1
530	8.460000E-2
540	6.490000E-2
550	5.230000E-2
560	4.610000E-2
570	4.330000E-2
580	4.190000E-2
590	4.080000E-2
600	4.030000E-2
610	4.040000E-2
620	4.100000E-2
630	4.160000E-2
640	4.220000E-2
650	4.320000E-2
660	4.450000E-2
670	4.550000E-2
680	4.680000E-2
690	4.700000E-2
700	4.770000E-2
710	4.710000E-2
720	4.860000E-2
730	4.760000E-2
"5BG 4/1"	""	""	
380	7.330000E-2
390	9.710000E-2
400	1.067000E-1
410	1.178000E-1
420	1.166000E-1
430	1.194000E-1
440	1.194000E-1
450	1.223000E-1
460	1.249000E-1
470	1.283000E-1
480	1.308000E-1
490	1.317000E-1
500	1.319000E-1
510	1.302000E-1
520	1.291000E-1
530	1.268000E-1
540	1.249000E-1
550	1.226000E-1
560	1.199000E-1
570	1.171000E-1
580	1.136000E-1
590	1.091000E-1
600	1.045000E-1
610	9.990000E-2
620	9.750000E-2
630	9.520000E-2
640	9.420000E-2
650	9.260000E-2
660	9.290000E-2
670	9.310000E-2
680	9.480000E-2
690	9.480000E-2
700	9.610000E-2
710	9.510000E-2
720	9.500000E-2
730	9.320000E-2
"5BG 4/2"	""	""	
380	8.340000E-2
390	8.860000E-2
400	1.099000E-1
410	1.148000E-1
420	1.186000E-1
430	1.188000E-1
440	1.208000E-1
450	1.231000E-1
460	1.266000E-1
470	1.309000E-1
480	1.343000E-1
490	1.389000E-1
500	1.413000E-1
510	1.422000E-1
520	1.406000E-1
530	1.383000E-1
540	1.343000E-1
550	1.302000E-1
560	1.238000E-1
570	1.178000E-1
580	1.101000E-1
590	1.019000E-1
600	9.280000E-2
610	8.670000E-2
620	8.260000E-2
630	8.100000E-2
640	7.910000E-2
650	7.840000E-2
660	7.820000E-2
670	8.030000E-2
680	8.200000E-2
690	8.450000E-2
700	8.530000E-2
710	8.660000E-2
720	8.490000E-2
730	8.690000E-2
"5BG 4/4"	""	""	
380	7.140000E-2
390	8.300000E-2
400	9.210000E-2
410	9.960000E-2
420	1.023000E-1
430	1.072000E-1
440	1.130000E-1
450	1.218000E-1
460	1.359000E-1
470	1.541000E-1
480	1.689000E-1
490	1.774000E-1
500	1.785000E-1
510	1.746000E-1
520	1.676000E-1
530	1.571000E-1
540	1.443000E-1
550	1.302000E-1
560	1.154000E-1
570	1.031000E-1
580	9.150000E-2
590	8.060000E-2
600	7.110000E-2
610	6.540000E-2
620	6.280000E-2
630	6.150000E-2
640	6.100000E-2
650	6.080000E-2
660	6.170000E-2
670	6.320000E-2
680	6.510000E-2
690	6.670000E-2
700	6.770000E-2
710	6.780000E-2
720	6.810000E-2
730	6.980000E-2
"5BG 4/6"	""	""	
380	5.670000E-2
390	7.750000E-2
400	8.200000E-2
410	8.700000E-2
420	9.140000E-2
430	9.500000E-2
440	1.031000E-1
450	1.133000E-1
460	1.349000E-1
470	1.693000E-1
480	2.093000E-1
490	2.413000E-1
500	2.506000E-1
510	2.370000E-1
520	2.112000E-1
530	1.785000E-1
540	1.457000E-1
550	1.168000E-1
560	9.310000E-2
570	7.770000E-2
580	6.720000E-2
590	6.040000E-2
600	5.510000E-2
610	5.290000E-2
620	5.150000E-2
630	5.160000E-2
640	5.120000E-2
650	5.190000E-2
660	5.250000E-2
670	5.410000E-2
680	5.480000E-2
690	5.600000E-2
700	5.590000E-2
710	5.640000E-2
720	5.730000E-2
730	5.870000E-2
"5BG 4/8"	""	""	
380	5.170000E-2
390	6.920000E-2
400	7.560000E-2
410	8.180000E-2
420	8.680000E-2
430	9.150000E-2
440	1.007000E-1
450	1.134000E-1
460	1.374000E-1
470	1.801000E-1
480	2.346000E-1
490	2.806000E-1
500	2.912000E-1
510	2.671000E-1
520	2.262000E-1
530	1.817000E-1
540	1.420000E-1
550	1.095000E-1
560	8.420000E-2
570	6.850000E-2
580	5.810000E-2
590	5.170000E-2
600	4.660000E-2
610	4.440000E-2
620	4.350000E-2
630	4.370000E-2
640	4.340000E-2
650	4.410000E-2
660	4.480000E-2
670	4.620000E-2
680	4.700000E-2
690	4.780000E-2
700	4.820000E-2
710	4.860000E-2
720	4.970000E-2
730	5.110000E-2
"5BG 5/1"	""	""	
380	1.118000E-1
390	1.313000E-1
400	1.762000E-1
410	1.985000E-1
420	2.002000E-1
430	1.980000E-1
440	1.964000E-1
450	1.966000E-1
460	1.963000E-1
470	1.971000E-1
480	2.011000E-1
490	2.113000E-1
500	2.206000E-1
510	2.238000E-1
520	2.203000E-1
530	2.130000E-1
540	2.052000E-1
550	1.999000E-1
560	1.932000E-1
570	1.857000E-1
580	1.789000E-1
590	1.742000E-1
600	1.680000E-1
610	1.627000E-1
620	1.633000E-1
630	1.711000E-1
640	1.833000E-1
650	1.960000E-1
660	2.047000E-1
670	2.031000E-1
680	1.911000E-1
690	1.790000E-1
700	1.749000E-1
710	1.781000E-1
720	1.844000E-1
730	1.969000E-1
"5BG 5/2"	""	""	
380	9.840000E-2
390	1.281000E-1
400	1.626000E-1
410	1.848000E-1
420	1.892000E-1
430	1.912000E-1
440	1.932000E-1
450	1.955000E-1
460	2.001000E-1
470	2.048000E-1
480	2.096000E-1
490	2.151000E-1
500	2.193000E-1
510	2.204000E-1
520	2.195000E-1
530	2.164000E-1
540	2.123000E-1
550	2.077000E-1
560	2.006000E-1
570	1.935000E-1
580	1.836000E-1
590	1.715000E-1
600	1.582000E-1
610	1.473000E-1
620	1.408000E-1
630	1.367000E-1
640	1.338000E-1
650	1.316000E-1
660	1.312000E-1
670	1.336000E-1
680	1.372000E-1
690	1.401000E-1
700	1.427000E-1
710	1.429000E-1
720	1.419000E-1
730	1.412000E-1
"5BG 5/4"	""	""	
380	9.740000E-2
390	1.235000E-1
400	1.543000E-1
410	1.745000E-1
420	1.799000E-1
430	1.839000E-1
440	1.899000E-1
450	1.988000E-1
460	2.109000E-1
470	2.287000E-1
480	2.466000E-1
490	2.564000E-1
500	2.590000E-1
510	2.575000E-1
520	2.516000E-1
530	2.405000E-1
540	2.269000E-1
550	2.134000E-1
560	1.975000E-1
570	1.806000E-1
580	1.610000E-1
590	1.434000E-1
600	1.264000E-1
610	1.120000E-1
620	1.030000E-1
630	9.770000E-2
640	9.380000E-2
650	9.120000E-2
660	9.010000E-2
670	8.970000E-2
680	8.940000E-2
690	8.950000E-2
700	8.980000E-2
710	9.060000E-2
720	9.240000E-2
730	9.740000E-2
"5BG 5/6"	""	""	
380	8.270000E-2
390	1.013000E-1
400	1.273000E-1
410	1.460000E-1
420	1.548000E-1
430	1.653000E-1
440	1.782000E-1
450	1.951000E-1
460	2.204000E-1
470	2.532000E-1
480	2.796000E-1
490	2.946000E-1
500	2.974000E-1
510	2.926000E-1
520	2.827000E-1
530	2.658000E-1
540	2.446000E-1
550	2.209000E-1
560	1.943000E-1
570	1.673000E-1
580	1.390000E-1
590	1.134000E-1
600	9.270000E-2
610	8.040000E-2
620	7.520000E-2
630	7.240000E-2
640	7.070000E-2
650	7.010000E-2
660	7.150000E-2
670	7.460000E-2
680	7.870000E-2
690	8.230000E-2
700	8.510000E-2
710	8.500000E-2
720	8.420000E-2
730	8.500000E-2
"5BG 5/8"	""	""	
380	8.340000E-2
390	9.740000E-2
400	1.173000E-1
410	1.301000E-1
420	1.385000E-1
430	1.488000E-1
440	1.637000E-1
450	1.856000E-1
460	2.225000E-1
470	2.821000E-1
480	3.459000E-1
490	3.955000E-1
500	4.062000E-1
510	3.837000E-1
520	3.441000E-1
530	2.959000E-1
540	2.460000E-1
550	1.984000E-1
560	1.561000E-1
570	1.253000E-1
580	1.029000E-1
590	8.600000E-2
600	7.340000E-2
610	6.610000E-2
620	6.330000E-2
630	6.200000E-2
640	6.130000E-2
650	6.130000E-2
660	6.230000E-2
670	6.450000E-2
680	6.700000E-2
690	6.900000E-2
700	7.000000E-2
710	7.020000E-2
720	7.020000E-2
730	7.220000E-2
"5BG 6/1"	""	""	
380	1.216000E-1
390	1.665000E-1
400	2.397000E-1
410	2.912000E-1
420	3.023000E-1
430	3.028000E-1
440	3.031000E-1
450	3.036000E-1
460	3.048000E-1
470	3.053000E-1
480	3.045000E-1
490	3.035000E-1
500	3.038000E-1
510	3.099000E-1
520	3.183000E-1
530	3.198000E-1
540	3.169000E-1
550	3.131000E-1
560	3.063000E-1
570	3.007000E-1
580	2.923000E-1
590	2.827000E-1
600	2.708000E-1
610	2.603000E-1
620	2.531000E-1
630	2.488000E-1
640	2.449000E-1
650	2.421000E-1
660	2.421000E-1
670	2.442000E-1
680	2.469000E-1
690	2.485000E-1
700	2.497000E-1
710	2.502000E-1
720	2.491000E-1
730	2.482000E-1
"5BG 6/2"	""	""	
380	1.170000E-1
390	1.547000E-1
400	2.239000E-1
410	2.713000E-1
420	2.848000E-1
430	2.885000E-1
440	2.917000E-1
450	2.961000E-1
460	3.023000E-1
470	3.093000E-1
480	3.154000E-1
490	3.225000E-1
500	3.272000E-1
510	3.277000E-1
520	3.256000E-1
530	3.212000E-1
540	3.156000E-1
550	3.089000E-1
560	2.984000E-1
570	2.884000E-1
580	2.774000E-1
590	2.626000E-1
600	2.432000E-1
610	2.273000E-1
620	2.172000E-1
630	2.113000E-1
640	2.068000E-1
650	2.031000E-1
660	2.027000E-1
670	2.062000E-1
680	2.121000E-1
690	2.173000E-1
700	2.214000E-1
710	2.222000E-1
720	2.198000E-1
730	2.187000E-1
"5BG 6/4"	""	""	
380	1.089000E-1
390	1.446000E-1
400	2.017000E-1
410	2.408000E-1
420	2.579000E-1
430	2.678000E-1
440	2.821000E-1
450	2.989000E-1
460	3.233000E-1
470	3.504000E-1
480	3.707000E-1
490	3.830000E-1
500	3.864000E-1
510	3.820000E-1
520	3.736000E-1
530	3.625000E-1
540	3.512000E-1
550	3.349000E-1
560	3.090000E-1
570	2.821000E-1
580	2.610000E-1
590	2.389000E-1
600	2.083000E-1
610	1.847000E-1
620	1.719000E-1
630	1.651000E-1
640	1.599000E-1
650	1.562000E-1
660	1.566000E-1
670	1.617000E-1
680	1.708000E-1
690	1.795000E-1
700	1.874000E-1
710	1.893000E-1
720	1.867000E-1
730	1.844000E-1
"5BG 6/6"	""	""	
380	1.109000E-1
390	1.452000E-1
400	1.991000E-1
410	2.361000E-1
420	2.500000E-1
430	2.582000E-1
440	2.706000E-1
450	2.875000E-1
460	3.134000E-1
470	3.542000E-1
480	4.031000E-1
490	4.356000E-1
500	4.482000E-1
510	4.448000E-1
520	4.283000E-1
530	4.000000E-1
540	3.651000E-1
550	3.256000E-1
560	2.814000E-1
570	2.443000E-1
580	2.150000E-1
590	1.919000E-1
600	1.693000E-1
610	1.499000E-1
620	1.371000E-1
630	1.294000E-1
640	1.237000E-1
650	1.195000E-1
660	1.176000E-1
670	1.165000E-1
680	1.168000E-1
690	1.170000E-1
700	1.182000E-1
710	1.189000E-1
720	1.220000E-1
730	1.269000E-1
"5BG 6/8"	""	""	
380	1.091000E-1
390	1.318000E-1
400	1.761000E-1
410	2.051000E-1
420	2.190000E-1
430	2.331000E-1
440	2.516000E-1
450	2.782000E-1
460	3.238000E-1
470	3.939000E-1
480	4.656000E-1
490	5.221000E-1
500	5.398000E-1
510	5.230000E-1
520	4.875000E-1
530	4.391000E-1
540	3.836000E-1
550	3.257000E-1
560	2.687000E-1
570	2.224000E-1
580	1.840000E-1
590	1.523000E-1
600	1.264000E-1
610	1.101000E-1
620	1.018000E-1
630	9.770000E-2
640	9.480000E-2
650	9.340000E-2
660	9.400000E-2
670	9.750000E-2
680	1.023000E-1
690	1.064000E-1
700	1.091000E-1
710	1.085000E-1
720	1.072000E-1
730	1.081000E-1
"5BG 7/1"	""	""	
380	1.353000E-1
390	1.844000E-1
400	2.831000E-1
410	3.725000E-1
420	4.016000E-1
430	4.118000E-1
440	4.204000E-1
450	4.284000E-1
460	4.336000E-1
470	4.361000E-1
480	4.374000E-1
490	4.390000E-1
500	4.403000E-1
510	4.418000E-1
520	4.438000E-1
530	4.439000E-1
540	4.424000E-1
550	4.398000E-1
560	4.331000E-1
570	4.268000E-1
580	4.159000E-1
590	4.021000E-1
600	3.850000E-1
610	3.707000E-1
620	3.613000E-1
630	3.552000E-1
640	3.500000E-1
650	3.459000E-1
660	3.459000E-1
670	3.499000E-1
680	3.559000E-1
690	3.601000E-1
700	3.630000E-1
710	3.631000E-1
720	3.588000E-1
730	3.572000E-1
"5BG 7/2"	""	""	
380	1.381000E-1
390	1.865000E-1
400	2.886000E-1
410	3.782000E-1
420	4.021000E-1
430	4.068000E-1
440	4.104000E-1
450	4.165000E-1
460	4.237000E-1
470	4.336000E-1
480	4.445000E-1
490	4.553000E-1
500	4.635000E-1
510	4.683000E-1
520	4.670000E-1
530	4.576000E-1
540	4.461000E-1
550	4.374000E-1
560	4.278000E-1
570	4.150000E-1
580	3.934000E-1
590	3.735000E-1
600	3.535000E-1
610	3.365000E-1
620	3.280000E-1
630	3.245000E-1
640	3.232000E-1
650	3.273000E-1
660	3.355000E-1
670	3.390000E-1
680	3.342000E-1
690	3.252000E-1
700	3.123000E-1
710	3.019000E-1
720	3.057000E-1
730	3.281000E-1
"5BG 7/4"	""	""	
380	1.382000E-1
390	1.754000E-1
400	2.682000E-1
410	3.452000E-1
420	3.747000E-1
430	3.888000E-1
440	4.042000E-1
450	4.235000E-1
460	4.494000E-1
470	4.780000E-1
480	4.988000E-1
490	5.134000E-1
500	5.198000E-1
510	5.212000E-1
520	5.196000E-1
530	5.122000E-1
540	4.993000E-1
550	4.802000E-1
560	4.515000E-1
570	4.220000E-1
580	3.883000E-1
590	3.514000E-1
600	3.132000E-1
610	2.855000E-1
620	2.704000E-1
630	2.628000E-1
640	2.574000E-1
650	2.532000E-1
660	2.538000E-1
670	2.611000E-1
680	2.718000E-1
690	2.822000E-1
700	2.911000E-1
710	2.944000E-1
720	2.915000E-1
730	2.901000E-1
"5BG 7/6"	""	""	
380	1.302000E-1
390	1.705000E-1
400	2.507000E-1
410	3.186000E-1
420	3.472000E-1
430	3.649000E-1
440	3.855000E-1
450	4.128000E-1
460	4.528000E-1
470	5.042000E-1
480	5.496000E-1
490	5.869000E-1
500	6.039000E-1
510	5.978000E-1
520	5.769000E-1
530	5.510000E-1
540	5.210000E-1
550	4.808000E-1
560	4.316000E-1
570	3.875000E-1
580	3.491000E-1
590	3.043000E-1
600	2.564000E-1
610	2.242000E-1
620	2.078000E-1
630	1.997000E-1
640	1.933000E-1
650	1.890000E-1
660	1.903000E-1
670	1.996000E-1
680	2.128000E-1
690	2.261000E-1
700	2.369000E-1
710	2.397000E-1
720	2.339000E-1
730	2.310000E-1
"5BG 7/8"	""	""	
380	1.354000E-1
390	1.690000E-1
400	2.477000E-1
410	3.116000E-1
420	3.390000E-1
430	3.573000E-1
440	3.803000E-1
450	4.116000E-1
460	4.627000E-1
470	5.364000E-1
480	6.087000E-1
490	6.655000E-1
500	6.853000E-1
510	6.724000E-1
520	6.413000E-1
530	5.959000E-1
540	5.410000E-1
550	4.807000E-1
560	4.172000E-1
570	3.617000E-1
580	3.100000E-1
590	2.625000E-1
600	2.208000E-1
610	1.928000E-1
620	1.784000E-1
630	1.711000E-1
640	1.662000E-1
650	1.628000E-1
660	1.644000E-1
670	1.715000E-1
680	1.818000E-1
690	1.903000E-1
700	1.968000E-1
710	1.973000E-1
720	1.929000E-1
730	1.925000E-1
"5BG 8/1"	""	""	
380	1.527000E-1
390	2.177000E-1
400	3.462000E-1
410	5.017000E-1
420	5.604000E-1
430	5.718000E-1
440	5.754000E-1
450	5.802000E-1
460	5.883000E-1
470	5.962000E-1
480	6.035000E-1
490	6.104000E-1
500	6.143000E-1
510	6.148000E-1
520	6.149000E-1
530	6.110000E-1
540	6.063000E-1
550	6.016000E-1
560	5.931000E-1
570	5.861000E-1
580	5.735000E-1
590	5.570000E-1
600	5.370000E-1
610	5.195000E-1
620	5.092000E-1
630	5.019000E-1
640	4.959000E-1
650	4.916000E-1
660	4.922000E-1
670	4.989000E-1
680	5.068000E-1
690	5.140000E-1
700	5.173000E-1
710	5.186000E-1
720	5.127000E-1
730	5.116000E-1
"5BG 8/2"	""	""	
380	1.569000E-1
390	2.032000E-1
400	3.365000E-1
410	4.879000E-1
420	5.491000E-1
430	5.635000E-1
440	5.725000E-1
450	5.835000E-1
460	5.987000E-1
470	6.148000E-1
480	6.276000E-1
490	6.398000E-1
500	6.468000E-1
510	6.489000E-1
520	6.480000E-1
530	6.423000E-1
540	6.339000E-1
550	6.235000E-1
560	6.058000E-1
570	5.884000E-1
580	5.630000E-1
590	5.319000E-1
600	4.969000E-1
610	4.696000E-1
620	4.534000E-1
630	4.441000E-1
640	4.366000E-1
650	4.313000E-1
660	4.323000E-1
670	4.407000E-1
680	4.528000E-1
690	4.643000E-1
700	4.729000E-1
710	4.757000E-1
720	4.712000E-1
730	4.700000E-1
"5BG 8/4"	""	""	
380	1.508000E-1
390	2.021000E-1
400	3.286000E-1
410	4.615000E-1
420	5.145000E-1
430	5.320000E-1
440	5.469000E-1
450	5.674000E-1
460	5.981000E-1
470	6.373000E-1
480	6.744000E-1
490	7.073000E-1
500	7.267000E-1
510	7.315000E-1
520	7.256000E-1
530	7.077000E-1
540	6.812000E-1
550	6.474000E-1
560	6.046000E-1
570	5.639000E-1
580	5.208000E-1
590	4.760000E-1
600	4.313000E-1
610	3.988000E-1
620	3.807000E-1
630	3.715000E-1
640	3.647000E-1
650	3.606000E-1
660	3.636000E-1
670	3.746000E-1
680	3.890000E-1
690	4.009000E-1
700	4.094000E-1
710	4.110000E-1
720	4.042000E-1
730	4.028000E-1
"5BG 9/1"	""	""	
380	1.833000E-1
390	2.335000E-1
400	3.953000E-1
410	6.137000E-1
420	7.245000E-1
430	7.508000E-1
440	7.594000E-1
450	7.675000E-1
460	7.784000E-1
470	7.901000E-1
480	8.002000E-1
490	8.090000E-1
500	8.124000E-1
510	8.134000E-1
520	8.147000E-1
530	8.125000E-1
540	8.085000E-1
550	8.042000E-1
560	7.938000E-1
570	7.869000E-1
580	7.726000E-1
590	7.540000E-1
600	7.305000E-1
610	7.121000E-1
620	7.018000E-1
630	6.970000E-1
640	6.935000E-1
650	6.924000E-1
660	6.972000E-1
670	7.074000E-1
680	7.208000E-1
690	7.308000E-1
700	7.381000E-1
710	7.414000E-1
720	7.374000E-1
730	7.378000E-1
"5BG 9/2"	""	""	
380	1.842000E-1
390	2.380000E-1
400	3.988000E-1
410	6.108000E-1
420	7.185000E-1
430	7.486000E-1
440	7.632000E-1
450	7.787000E-1
460	7.992000E-1
470	8.222000E-1
480	8.424000E-1
490	8.584000E-1
500	8.656000E-1
510	8.674000E-1
520	8.680000E-1
530	8.623000E-1
540	8.524000E-1
550	8.389000E-1
560	8.149000E-1
570	7.915000E-1
580	7.603000E-1
590	7.243000E-1
600	6.843000E-1
610	6.539000E-1
620	6.381000E-1
630	6.308000E-1
640	6.259000E-1
650	6.245000E-1
660	6.322000E-1
670	6.482000E-1
680	6.677000E-1
690	6.839000E-1
700	6.941000E-1
710	6.977000E-1
720	6.918000E-1
730	6.939000E-1
"7.5BG 2.5/2"	""	""	
380	4.610000E-2
390	4.360000E-2
400	4.560000E-2
410	4.680000E-2
420	4.690000E-2
430	4.760000E-2
440	4.870000E-2
450	5.010000E-2
460	5.340000E-2
470	5.950000E-2
480	6.930000E-2
490	7.900000E-2
500	8.120000E-2
510	7.550000E-2
520	6.620000E-2
530	5.500000E-2
540	4.650000E-2
550	4.130000E-2
560	3.860000E-2
570	3.740000E-2
580	3.660000E-2
590	3.570000E-2
600	3.560000E-2
610	3.580000E-2
620	3.670000E-2
630	3.740000E-2
640	3.810000E-2
650	3.910000E-2
660	4.020000E-2
670	4.130000E-2
680	4.190000E-2
690	4.250000E-2
700	4.240000E-2
710	4.270000E-2
720	4.260000E-2
730	4.410000E-2
"7.5BG 3/2"	""	""	
380	4.800000E-2
390	5.420000E-2
400	5.760000E-2
410	5.920000E-2
420	6.000000E-2
430	6.150000E-2
440	6.320000E-2
450	6.610000E-2
460	7.100000E-2
470	7.790000E-2
480	8.340000E-2
490	8.530000E-2
500	8.380000E-2
510	8.060000E-2
520	7.630000E-2
530	7.100000E-2
540	6.510000E-2
550	5.890000E-2
560	5.310000E-2
570	4.880000E-2
580	4.550000E-2
590	4.310000E-2
600	4.140000E-2
610	4.090000E-2
620	4.080000E-2
630	4.120000E-2
640	4.150000E-2
650	4.220000E-2
660	4.350000E-2
670	4.460000E-2
680	4.570000E-2
690	4.630000E-2
700	4.660000E-2
710	4.670000E-2
720	4.640000E-2
730	4.750000E-2
"7.5BG 3/4"	""	""	
380	4.600000E-2
390	5.030000E-2
400	5.150000E-2
410	5.380000E-2
420	5.390000E-2
430	5.510000E-2
440	5.700000E-2
450	6.110000E-2
460	6.910000E-2
470	9.010000E-2
480	1.284000E-1
490	1.588000E-1
500	1.594000E-1
510	1.341000E-1
520	9.980000E-2
530	7.130000E-2
540	5.400000E-2
550	4.530000E-2
560	4.100000E-2
570	3.930000E-2
580	3.850000E-2
590	3.810000E-2
600	3.770000E-2
610	3.750000E-2
620	3.770000E-2
630	3.780000E-2
640	3.790000E-2
650	3.780000E-2
660	3.790000E-2
670	3.790000E-2
680	3.840000E-2
690	3.870000E-2
700	3.980000E-2
710	4.040000E-2
720	4.140000E-2
730	4.210000E-2
"7.5BG 4/2"	""	""	
380	7.280000E-2
390	9.060000E-2
400	1.060000E-1
410	1.154000E-1
420	1.176000E-1
430	1.196000E-1
440	1.217000E-1
450	1.245000E-1
460	1.279000E-1
470	1.322000E-1
480	1.347000E-1
490	1.361000E-1
500	1.358000E-1
510	1.348000E-1
520	1.334000E-1
530	1.313000E-1
540	1.284000E-1
550	1.251000E-1
560	1.198000E-1
570	1.143000E-1
580	1.066000E-1
590	9.800000E-2
600	8.910000E-2
610	8.320000E-2
620	7.970000E-2
630	7.810000E-2
640	7.700000E-2
650	7.610000E-2
660	7.680000E-2
670	7.910000E-2
680	8.170000E-2
690	8.350000E-2
700	8.520000E-2
710	8.530000E-2
720	8.460000E-2
730	8.480000E-2
"7.5BG 4/4"	""	""	
380	7.400000E-2
390	8.410000E-2
400	9.790000E-2
410	1.058000E-1
420	1.085000E-1
430	1.115000E-1
440	1.162000E-1
450	1.242000E-1
460	1.357000E-1
470	1.539000E-1
480	1.756000E-1
490	1.884000E-1
500	1.907000E-1
510	1.839000E-1
520	1.699000E-1
530	1.511000E-1
540	1.318000E-1
550	1.143000E-1
560	9.890000E-2
570	8.820000E-2
580	8.140000E-2
590	7.610000E-2
600	7.080000E-2
610	6.620000E-2
620	6.370000E-2
630	6.260000E-2
640	6.200000E-2
650	6.130000E-2
660	6.040000E-2
670	5.980000E-2
680	5.930000E-2
690	5.950000E-2
700	6.070000E-2
710	6.230000E-2
720	6.350000E-2
730	6.530000E-2
"7.5BG 4/6"	""	""	
380	6.810000E-2
390	7.540000E-2
400	8.790000E-2
410	9.460000E-2
420	9.930000E-2
430	1.051000E-1
440	1.135000E-1
450	1.271000E-1
460	1.518000E-1
470	1.929000E-1
480	2.373000E-1
490	2.674000E-1
500	2.679000E-1
510	2.463000E-1
520	2.143000E-1
530	1.765000E-1
540	1.404000E-1
550	1.096000E-1
560	8.560000E-2
570	7.060000E-2
580	6.140000E-2
590	5.520000E-2
600	5.110000E-2
610	4.910000E-2
620	4.860000E-2
630	4.870000E-2
640	4.890000E-2
650	4.960000E-2
660	5.090000E-2
670	5.220000E-2
680	5.330000E-2
690	5.390000E-2
700	5.410000E-2
710	5.450000E-2
720	5.510000E-2
730	5.750000E-2
"7.5BG 4/8"	""	""	
380	5.620000E-2
390	6.840000E-2
400	7.980000E-2
410	8.750000E-2
420	9.220000E-2
430	9.990000E-2
440	1.113000E-1
450	1.282000E-1
460	1.588000E-1
470	2.100000E-1
480	2.661000E-1
490	3.082000E-1
500	3.079000E-1
510	2.738000E-1
520	2.273000E-1
530	1.790000E-1
540	1.366000E-1
550	1.023000E-1
560	7.650000E-2
570	6.060000E-2
580	5.120000E-2
590	4.530000E-2
600	4.170000E-2
610	4.010000E-2
620	3.970000E-2
630	3.990000E-2
640	4.030000E-2
650	4.090000E-2
660	4.200000E-2
670	4.330000E-2
680	4.400000E-2
690	4.450000E-2
700	4.460000E-2
710	4.480000E-2
720	4.550000E-2
730	4.780000E-2
"7.5BG 5/2"	""	""	
380	1.000000E-1
390	1.292000E-1
400	1.677000E-1
410	1.913000E-1
420	1.968000E-1
430	2.002000E-1
440	2.036000E-1
450	2.079000E-1
460	2.134000E-1
470	2.191000E-1
480	2.217000E-1
490	2.229000E-1
500	2.222000E-1
510	2.202000E-1
520	2.185000E-1
530	2.154000E-1
540	2.117000E-1
550	2.074000E-1
560	2.004000E-1
570	1.932000E-1
580	1.825000E-1
590	1.689000E-1
600	1.540000E-1
610	1.425000E-1
620	1.357000E-1
630	1.317000E-1
640	1.282000E-1
650	1.257000E-1
660	1.256000E-1
670	1.284000E-1
680	1.326000E-1
690	1.365000E-1
700	1.391000E-1
710	1.395000E-1
720	1.372000E-1
730	1.359000E-1
"7.5BG 5/4"	""	""	
380	1.032000E-1
390	1.228000E-1
400	1.574000E-1
410	1.797000E-1
420	1.890000E-1
430	1.963000E-1
440	2.054000E-1
450	2.169000E-1
460	2.335000E-1
470	2.516000E-1
480	2.635000E-1
490	2.685000E-1
500	2.669000E-1
510	2.612000E-1
520	2.536000E-1
530	2.431000E-1
540	2.313000E-1
550	2.180000E-1
560	2.014000E-1
570	1.840000E-1
580	1.650000E-1
590	1.452000E-1
600	1.260000E-1
610	1.128000E-1
620	1.062000E-1
630	1.029000E-1
640	1.009000E-1
650	9.950000E-2
660	1.001000E-1
670	1.032000E-1
680	1.073000E-1
690	1.113000E-1
700	1.142000E-1
710	1.160000E-1
720	1.145000E-1
730	1.142000E-1
"7.5BG 5/6"	""	""	
380	9.080000E-2
390	1.187000E-1
400	1.483000E-1
410	1.680000E-1
420	1.761000E-1
430	1.837000E-1
440	1.939000E-1
450	2.102000E-1
460	2.329000E-1
470	2.674000E-1
480	3.054000E-1
490	3.276000E-1
500	3.333000E-1
510	3.322000E-1
520	3.159000E-1
530	2.775000E-1
540	2.337000E-1
550	1.930000E-1
560	1.576000E-1
570	1.342000E-1
580	1.210000E-1
590	1.123000E-1
600	1.034000E-1
610	9.510000E-2
620	9.000000E-2
630	8.790000E-2
640	8.660000E-2
650	8.490000E-2
660	8.350000E-2
670	8.250000E-2
680	8.190000E-2
690	8.210000E-2
700	8.450000E-2
710	8.730000E-2
720	8.980000E-2
730	9.310000E-2
"7.5BG 5/8"	""	""	
380	9.910000E-2
390	1.056000E-1
400	1.357000E-1
410	1.507000E-1
420	1.618000E-1
430	1.725000E-1
440	1.901000E-1
450	2.135000E-1
460	2.544000E-1
470	3.188000E-1
480	3.869000E-1
490	4.335000E-1
500	4.363000E-1
510	4.043000E-1
520	3.569000E-1
530	2.996000E-1
540	2.434000E-1
550	1.916000E-1
560	1.482000E-1
570	1.182000E-1
580	9.880000E-2
590	8.480000E-2
600	7.450000E-2
610	6.830000E-2
620	6.560000E-2
630	6.480000E-2
640	6.420000E-2
650	6.500000E-2
660	6.590000E-2
670	6.880000E-2
680	7.030000E-2
690	7.200000E-2
700	7.190000E-2
710	7.160000E-2
720	7.230000E-2
730	7.420000E-2
"7.5BG 6/2"	""	""	
380	1.224000E-1
390	1.607000E-1
400	2.326000E-1
410	2.827000E-1
420	2.954000E-1
430	2.985000E-1
440	3.022000E-1
450	3.077000E-1
460	3.151000E-1
470	3.250000E-1
480	3.332000E-1
490	3.364000E-1
500	3.358000E-1
510	3.330000E-1
520	3.284000E-1
530	3.209000E-1
540	3.129000E-1
550	3.049000E-1
560	2.964000E-1
570	2.921000E-1
580	2.874000E-1
590	2.776000E-1
600	2.597000E-1
610	2.382000E-1
620	2.233000E-1
630	2.133000E-1
640	2.062000E-1
650	2.005000E-1
660	1.977000E-1
670	1.969000E-1
680	1.965000E-1
690	1.983000E-1
700	1.994000E-1
710	2.021000E-1
720	2.052000E-1
730	2.148000E-1
"7.5BG 6/4"	""	""	
380	1.194000E-1
390	1.526000E-1
400	2.156000E-1
410	2.622000E-1
420	2.800000E-1
430	2.922000E-1
440	3.054000E-1
450	3.208000E-1
460	3.421000E-1
470	3.646000E-1
480	3.805000E-1
490	3.886000E-1
500	3.899000E-1
510	3.865000E-1
520	3.807000E-1
530	3.697000E-1
540	3.539000E-1
550	3.327000E-1
560	3.046000E-1
570	2.769000E-1
580	2.490000E-1
590	2.211000E-1
600	1.942000E-1
610	1.749000E-1
620	1.651000E-1
630	1.601000E-1
640	1.569000E-1
650	1.554000E-1
660	1.580000E-1
670	1.644000E-1
680	1.718000E-1
690	1.779000E-1
700	1.817000E-1
710	1.815000E-1
720	1.791000E-1
730	1.807000E-1
"7.5BG 6/6"	""	""	
380	1.162000E-1
390	1.572000E-1
400	2.164000E-1
410	2.600000E-1
420	2.778000E-1
430	2.929000E-1
440	3.102000E-1
450	3.331000E-1
460	3.655000E-1
470	4.061000E-1
480	4.367000E-1
490	4.534000E-1
500	4.548000E-1
510	4.462000E-1
520	4.313000E-1
530	4.073000E-1
540	3.756000E-1
550	3.372000E-1
560	2.928000E-1
570	2.537000E-1
580	2.195000E-1
590	1.894000E-1
600	1.625000E-1
610	1.445000E-1
620	1.354000E-1
630	1.313000E-1
640	1.287000E-1
650	1.276000E-1
660	1.299000E-1
670	1.356000E-1
680	1.422000E-1
690	1.468000E-1
700	1.493000E-1
710	1.484000E-1
720	1.470000E-1
730	1.497000E-1
"7.5BG 6/8"	""	""	
380	1.130000E-1
390	1.447000E-1
400	2.058000E-1
410	2.527000E-1
420	2.703000E-1
430	2.834000E-1
440	3.009000E-1
450	3.253000E-1
460	3.599000E-1
470	4.178000E-1
480	4.928000E-1
490	5.472000E-1
500	5.638000E-1
510	5.428000E-1
520	4.935000E-1
530	4.303000E-1
540	3.662000E-1
550	3.048000E-1
560	2.464000E-1
570	2.027000E-1
580	1.732000E-1
590	1.533000E-1
600	1.362000E-1
610	1.223000E-1
620	1.140000E-1
630	1.090000E-1
640	1.058000E-1
650	1.037000E-1
660	1.036000E-1
670	1.033000E-1
680	1.028000E-1
690	1.023000E-1
700	1.013000E-1
710	1.010000E-1
720	1.032000E-1
730	1.109000E-1
"7.5BG 7/2"	""	""	
380	1.462000E-1
390	1.835000E-1
400	2.923000E-1
410	3.861000E-1
420	4.171000E-1
430	4.224000E-1
440	4.278000E-1
450	4.347000E-1
460	4.449000E-1
470	4.579000E-1
480	4.693000E-1
490	4.741000E-1
500	4.742000E-1
510	4.712000E-1
520	4.665000E-1
530	4.580000E-1
540	4.486000E-1
550	4.391000E-1
560	4.268000E-1
570	4.183000E-1
580	4.072000E-1
590	3.913000E-1
600	3.662000E-1
610	3.390000E-1
620	3.194000E-1
630	3.060000E-1
640	2.956000E-1
650	2.881000E-1
660	2.842000E-1
670	2.833000E-1
680	2.834000E-1
690	2.857000E-1
700	2.873000E-1
710	2.893000E-1
720	2.940000E-1
730	3.053000E-1
"7.5BG 7/4"	""	""	
380	1.417000E-1
390	1.841000E-1
400	2.814000E-1
410	3.712000E-1
420	4.047000E-1
430	4.192000E-1
440	4.338000E-1
450	4.493000E-1
460	4.680000E-1
470	4.901000E-1
480	5.095000E-1
490	5.239000E-1
500	5.305000E-1
510	5.300000E-1
520	5.246000E-1
530	5.122000E-1
540	4.944000E-1
550	4.699000E-1
560	4.361000E-1
570	4.022000E-1
580	3.683000E-1
590	3.376000E-1
600	3.063000E-1
610	2.797000E-1
620	2.630000E-1
630	2.539000E-1
640	2.479000E-1
650	2.445000E-1
660	2.443000E-1
670	2.468000E-1
680	2.510000E-1
690	2.556000E-1
700	2.590000E-1
710	2.606000E-1
720	2.623000E-1
730	2.716000E-1
"7.5BG 7/6"	""	""	
380	1.413000E-1
390	1.916000E-1
400	2.848000E-1
410	3.650000E-1
420	3.971000E-1
430	4.171000E-1
440	4.393000E-1
450	4.672000E-1
460	5.070000E-1
470	5.564000E-1
480	5.946000E-1
490	6.167000E-1
500	6.199000E-1
510	6.110000E-1
520	5.947000E-1
530	5.674000E-1
540	5.309000E-1
550	4.861000E-1
560	4.335000E-1
570	3.852000E-1
580	3.406000E-1
590	2.983000E-1
600	2.588000E-1
610	2.312000E-1
620	2.175000E-1
630	2.110000E-1
640	2.067000E-1
650	2.049000E-1
660	2.092000E-1
670	2.190000E-1
680	2.301000E-1
690	2.393000E-1
700	2.440000E-1
710	2.437000E-1
720	2.399000E-1
730	2.424000E-1
"7.5BG 7/8"	""	""	
380	1.464000E-1
390	1.872000E-1
400	2.726000E-1
410	3.439000E-1
420	3.749000E-1
430	3.981000E-1
440	4.249000E-1
450	4.602000E-1
460	5.133000E-1
470	5.864000E-1
480	6.527000E-1
490	6.967000E-1
500	7.031000E-1
510	6.808000E-1
520	6.429000E-1
530	5.895000E-1
540	5.282000E-1
550	4.618000E-1
560	3.932000E-1
570	3.364000E-1
580	2.902000E-1
590	2.503000E-1
600	2.144000E-1
610	1.906000E-1
620	1.794000E-1
630	1.748000E-1
640	1.719000E-1
650	1.716000E-1
660	1.762000E-1
670	1.855000E-1
680	1.951000E-1
690	2.019000E-1
700	2.052000E-1
710	2.047000E-1
720	2.026000E-1
730	2.077000E-1
"7.5BG 8/2"	""	""	
380	1.597000E-1
390	2.070000E-1
400	3.447000E-1
410	5.005000E-1
420	5.649000E-1
430	5.794000E-1
440	5.888000E-1
450	6.001000E-1
460	6.146000E-1
470	6.318000E-1
480	6.468000E-1
490	6.545000E-1
500	6.561000E-1
510	6.533000E-1
520	6.471000E-1
530	6.351000E-1
540	6.212000E-1
550	6.090000E-1
560	5.938000E-1
570	5.812000E-1
580	5.661000E-1
590	5.492000E-1
600	5.246000E-1
610	4.976000E-1
620	4.785000E-1
630	4.685000E-1
640	4.609000E-1
650	4.524000E-1
660	4.454000E-1
670	4.416000E-1
680	4.411000E-1
690	4.452000E-1
700	4.554000E-1
710	4.687000E-1
720	4.769000E-1
730	4.849000E-1
"7.5BG 8/4"	""	""	
380	1.452000E-1
390	2.031000E-1
400	3.306000E-1
410	4.843000E-1
420	5.474000E-1
430	5.665000E-1
440	5.808000E-1
450	6.008000E-1
460	6.270000E-1
470	6.660000E-1
480	7.073000E-1
490	7.344000E-1
500	7.444000E-1
510	7.417000E-1
520	7.274000E-1
530	7.008000E-1
540	6.661000E-1
550	6.260000E-1
560	5.756000E-1
570	5.300000E-1
580	4.891000E-1
590	4.561000E-1
600	4.226000E-1
610	3.917000E-1
620	3.710000E-1
630	3.571000E-1
640	3.469000E-1
650	3.391000E-1
660	3.361000E-1
670	3.346000E-1
680	3.342000E-1
690	3.353000E-1
700	3.358000E-1
710	3.376000E-1
720	3.415000E-1
730	3.557000E-1
"7.5BG 9/2"	""	""	
380	1.860000E-1
390	2.320000E-1
400	3.954000E-1
410	6.128000E-1
420	7.280000E-1
430	7.593000E-1
440	7.756000E-1
450	7.925000E-1
460	8.139000E-1
470	8.355000E-1
480	8.507000E-1
490	8.614000E-1
500	8.657000E-1
510	8.662000E-1
520	8.658000E-1
530	8.594000E-1
540	8.489000E-1
550	8.339000E-1
560	8.093000E-1
570	7.867000E-1
580	7.558000E-1
590	7.179000E-1
600	6.759000E-1
610	6.446000E-1
620	6.291000E-1
630	6.223000E-1
640	6.183000E-1
650	6.169000E-1
660	6.246000E-1
670	6.411000E-1
680	6.610000E-1
690	6.785000E-1
700	6.908000E-1
710	6.955000E-1
720	6.896000E-1
730	6.884000E-1
"10BG 2.5/1"	""	""	
380	4.610000E-2
390	4.990000E-2
400	5.130000E-2
410	5.200000E-2
420	5.120000E-2
430	5.140000E-2
440	5.160000E-2
450	5.170000E-2
460	5.260000E-2
470	5.400000E-2
480	5.480000E-2
490	5.540000E-2
500	5.530000E-2
510	5.660000E-2
520	5.680000E-2
530	5.340000E-2
540	4.870000E-2
550	4.560000E-2
560	4.320000E-2
570	4.200000E-2
580	4.100000E-2
590	4.030000E-2
600	3.990000E-2
610	4.010000E-2
620	4.070000E-2
630	4.100000E-2
640	4.160000E-2
650	4.220000E-2
660	4.290000E-2
670	4.340000E-2
680	4.370000E-2
690	4.400000E-2
700	4.440000E-2
710	4.540000E-2
720	4.690000E-2
730	4.900000E-2
"10BG 2.5/2"	""	""	
380	4.410000E-2
390	4.850000E-2
400	4.800000E-2
410	5.000000E-2
420	4.990000E-2
430	5.070000E-2
440	5.190000E-2
450	5.340000E-2
460	5.730000E-2
470	6.400000E-2
480	7.260000E-2
490	7.970000E-2
500	7.920000E-2
510	7.240000E-2
520	6.310000E-2
530	5.370000E-2
540	4.690000E-2
550	4.300000E-2
560	4.070000E-2
570	3.950000E-2
580	3.860000E-2
590	3.800000E-2
600	3.780000E-2
610	3.810000E-2
620	3.880000E-2
630	3.930000E-2
640	4.010000E-2
650	4.090000E-2
660	4.210000E-2
670	4.310000E-2
680	4.370000E-2
690	4.400000E-2
700	4.420000E-2
710	4.440000E-2
720	4.470000E-2
730	4.560000E-2
"10BG 3/1"	""	""	
380	5.760000E-2
390	6.040000E-2
400	6.770000E-2
410	6.980000E-2
420	7.050000E-2
430	7.060000E-2
440	7.090000E-2
450	7.130000E-2
460	7.220000E-2
470	7.300000E-2
480	7.290000E-2
490	7.280000E-2
500	7.180000E-2
510	7.130000E-2
520	7.090000E-2
530	6.980000E-2
540	6.830000E-2
550	6.660000E-2
560	6.440000E-2
570	6.240000E-2
580	5.970000E-2
590	5.670000E-2
600	5.390000E-2
610	5.190000E-2
620	5.110000E-2
630	5.060000E-2
640	5.030000E-2
650	5.050000E-2
660	5.100000E-2
670	5.200000E-2
680	5.290000E-2
690	5.360000E-2
700	5.390000E-2
710	5.380000E-2
720	5.370000E-2
730	5.390000E-2
"10BG 3/2"	""	""	
380	4.980000E-2
390	5.620000E-2
400	5.670000E-2
410	6.070000E-2
420	6.100000E-2
430	6.290000E-2
440	6.430000E-2
450	6.750000E-2
460	7.250000E-2
470	7.980000E-2
480	8.500000E-2
490	8.700000E-2
500	8.550000E-2
510	8.210000E-2
520	7.770000E-2
530	7.240000E-2
540	6.630000E-2
550	6.000000E-2
560	5.410000E-2
570	4.960000E-2
580	4.620000E-2
590	4.350000E-2
600	4.180000E-2
610	4.100000E-2
620	4.120000E-2
630	4.140000E-2
640	4.150000E-2
650	4.250000E-2
660	4.350000E-2
670	4.480000E-2
680	4.580000E-2
690	4.640000E-2
700	4.660000E-2
710	4.650000E-2
720	4.660000E-2
730	4.710000E-2
"10BG 3/4"	""	""	
380	4.250000E-2
390	5.880000E-2
400	5.830000E-2
410	6.310000E-2
420	6.240000E-2
430	6.640000E-2
440	6.910000E-2
450	7.560000E-2
460	8.680000E-2
470	1.105000E-1
480	1.402000E-1
490	1.637000E-1
500	1.589000E-1
510	1.339000E-1
520	1.043000E-1
530	7.900000E-2
540	6.190000E-2
550	5.120000E-2
560	4.460000E-2
570	4.090000E-2
580	3.910000E-2
590	3.760000E-2
600	3.760000E-2
610	3.820000E-2
620	3.940000E-2
630	4.060000E-2
640	4.160000E-2
650	4.320000E-2
660	4.430000E-2
670	4.530000E-2
680	4.570000E-2
690	4.630000E-2
700	4.700000E-2
710	4.760000E-2
720	5.020000E-2
730	5.120000E-2
"10BG 4/1"	""	""	
380	8.200000E-2
390	9.430000E-2
400	1.133000E-1
410	1.235000E-1
420	1.257000E-1
430	1.258000E-1
440	1.267000E-1
450	1.266000E-1
460	1.278000E-1
470	1.281000E-1
480	1.284000E-1
490	1.281000E-1
500	1.277000E-1
510	1.266000E-1
520	1.260000E-1
530	1.247000E-1
540	1.234000E-1
550	1.221000E-1
560	1.200000E-1
570	1.179000E-1
580	1.145000E-1
590	1.108000E-1
600	1.057000E-1
610	1.016000E-1
620	9.870000E-2
630	9.690000E-2
640	9.560000E-2
650	9.430000E-2
660	9.450000E-2
670	9.540000E-2
680	9.730000E-2
690	9.810000E-2
700	9.870000E-2
710	9.900000E-2
720	9.760000E-2
730	9.820000E-2
"10BG 4/2"	""	""	
380	8.580000E-2
390	9.420000E-2
400	1.142000E-1
410	1.227000E-1
420	1.250000E-1
430	1.254000E-1
440	1.268000E-1
450	1.291000E-1
460	1.323000E-1
470	1.367000E-1
480	1.405000E-1
490	1.420000E-1
500	1.412000E-1
510	1.394000E-1
520	1.364000E-1
530	1.326000E-1
540	1.271000E-1
550	1.215000E-1
560	1.136000E-1
570	1.073000E-1
580	1.017000E-1
590	9.720000E-2
600	9.210000E-2
610	8.650000E-2
620	8.310000E-2
630	8.020000E-2
640	7.880000E-2
650	7.660000E-2
660	7.550000E-2
670	7.480000E-2
680	7.400000E-2
690	7.500000E-2
700	7.530000E-2
710	7.700000E-2
720	7.810000E-2
730	7.820000E-2
"10BG 4/4"	""	""	
380	8.390000E-2
390	8.900000E-2
400	1.103000E-1
410	1.205000E-1
420	1.260000E-1
430	1.301000E-1
440	1.380000E-1
450	1.460000E-1
460	1.590000E-1
470	1.739000E-1
480	1.848000E-1
490	1.890000E-1
500	1.881000E-1
510	1.822000E-1
520	1.733000E-1
530	1.605000E-1
540	1.448000E-1
550	1.271000E-1
560	1.084000E-1
570	9.340000E-2
580	8.160000E-2
590	7.360000E-2
600	6.670000E-2
610	6.260000E-2
620	6.050000E-2
630	5.980000E-2
640	5.940000E-2
650	5.930000E-2
660	6.050000E-2
670	6.130000E-2
680	6.250000E-2
690	6.270000E-2
700	6.240000E-2
710	6.270000E-2
720	6.290000E-2
730	6.620000E-2
"10BG 4/6"	""	""	
380	6.530000E-2
390	8.540000E-2
400	9.460000E-2
410	1.063000E-1
420	1.112000E-1
430	1.186000E-1
440	1.289000E-1
450	1.454000E-1
460	1.701000E-1
470	2.105000E-1
480	2.481000E-1
490	2.699000E-1
500	2.646000E-1
510	2.405000E-1
520	2.068000E-1
530	1.689000E-1
540	1.338000E-1
550	1.045000E-1
560	8.200000E-2
570	6.810000E-2
580	6.020000E-2
590	5.490000E-2
600	5.160000E-2
610	4.980000E-2
620	4.960000E-2
630	4.960000E-2
640	5.000000E-2
650	5.100000E-2
660	5.170000E-2
670	5.310000E-2
680	5.360000E-2
690	5.400000E-2
700	5.390000E-2
710	5.410000E-2
720	5.600000E-2
730	5.840000E-2
"10BG 4/8"	""	""	
380	5.970000E-2
390	7.210000E-2
400	8.710000E-2
410	9.790000E-2
420	1.049000E-1
430	1.143000E-1
440	1.282000E-1
450	1.497000E-1
460	1.829000E-1
470	2.363000E-1
480	2.878000E-1
490	3.178000E-1
500	3.079000E-1
510	2.700000E-1
520	2.215000E-1
530	1.726000E-1
540	1.303000E-1
550	9.720000E-2
560	7.250000E-2
570	5.800000E-2
580	4.970000E-2
590	4.500000E-2
600	4.170000E-2
610	4.020000E-2
620	4.000000E-2
630	4.010000E-2
640	4.040000E-2
650	4.120000E-2
660	4.210000E-2
670	4.310000E-2
680	4.360000E-2
690	4.380000E-2
700	4.380000E-2
710	4.430000E-2
720	4.560000E-2
730	4.850000E-2
"10BG 5/1"	""	""	
380	1.075000E-1
390	1.329000E-1
400	1.760000E-1
410	2.010000E-1
420	2.048000E-1
430	2.053000E-1
440	2.056000E-1
450	2.059000E-1
460	2.075000E-1
470	2.092000E-1
480	2.100000E-1
490	2.109000E-1
500	2.106000E-1
510	2.094000E-1
520	2.079000E-1
530	2.054000E-1
540	2.024000E-1
550	1.996000E-1
560	1.954000E-1
570	1.922000E-1
580	1.872000E-1
590	1.812000E-1
600	1.742000E-1
610	1.678000E-1
620	1.634000E-1
630	1.604000E-1
640	1.579000E-1
650	1.561000E-1
660	1.557000E-1
670	1.566000E-1
680	1.579000E-1
690	1.584000E-1
700	1.589000E-1
710	1.590000E-1
720	1.589000E-1
730	1.583000E-1
"10BG 5/2"	""	""	
380	9.840000E-2
390	1.335000E-1
400	1.768000E-1
410	1.997000E-1
420	2.059000E-1
430	2.085000E-1
440	2.106000E-1
450	2.133000E-1
460	2.169000E-1
470	2.207000E-1
480	2.224000E-1
490	2.227000E-1
500	2.212000E-1
510	2.195000E-1
520	2.178000E-1
530	2.145000E-1
540	2.106000E-1
550	2.062000E-1
560	1.994000E-1
570	1.921000E-1
580	1.821000E-1
590	1.699000E-1
600	1.568000E-1
610	1.471000E-1
620	1.414000E-1
630	1.382000E-1
640	1.357000E-1
650	1.342000E-1
660	1.350000E-1
670	1.382000E-1
680	1.423000E-1
690	1.450000E-1
700	1.471000E-1
710	1.467000E-1
720	1.448000E-1
730	1.439000E-1
"10BG 5/4"	""	""	
380	9.820000E-2
390	1.256000E-1
400	1.706000E-1
410	1.994000E-1
420	2.102000E-1
430	2.173000E-1
440	2.259000E-1
450	2.356000E-1
460	2.476000E-1
470	2.598000E-1
480	2.676000E-1
490	2.712000E-1
500	2.707000E-1
510	2.668000E-1
520	2.611000E-1
530	2.513000E-1
540	2.377000E-1
550	2.201000E-1
560	1.970000E-1
570	1.748000E-1
580	1.547000E-1
590	1.375000E-1
600	1.219000E-1
610	1.106000E-1
620	1.048000E-1
630	1.019000E-1
640	1.002000E-1
650	9.970000E-2
660	1.013000E-1
670	1.040000E-1
680	1.065000E-1
690	1.080000E-1
700	1.076000E-1
710	1.065000E-1
720	1.068000E-1
730	1.106000E-1
"10BG 5/6"	""	""	
380	1.011000E-1
390	1.284000E-1
400	1.687000E-1
410	1.949000E-1
420	2.068000E-1
430	2.181000E-1
440	2.329000E-1
450	2.516000E-1
460	2.765000E-1
470	3.071000E-1
480	3.291000E-1
490	3.389000E-1
500	3.363000E-1
510	3.254000E-1
520	3.075000E-1
530	2.813000E-1
540	2.491000E-1
550	2.133000E-1
560	1.757000E-1
570	1.460000E-1
580	1.247000E-1
590	1.095000E-1
600	9.730000E-2
610	8.880000E-2
620	8.510000E-2
630	8.340000E-2
640	8.240000E-2
650	8.300000E-2
660	8.490000E-2
670	8.760000E-2
680	8.920000E-2
690	8.970000E-2
700	8.880000E-2
710	8.740000E-2
720	8.850000E-2
730	9.350000E-2
"10BG 5/8"	""	""	
380	9.140000E-2
390	1.119000E-1
400	1.437000E-1
410	1.677000E-1
420	1.807000E-1
430	1.959000E-1
440	2.170000E-1
450	2.460000E-1
460	2.891000E-1
470	3.529000E-1
480	4.136000E-1
490	4.494000E-1
500	4.430000E-1
510	4.041000E-1
520	3.484000E-1
530	2.875000E-1
540	2.310000E-1
550	1.819000E-1
560	1.408000E-1
570	1.127000E-1
580	9.490000E-2
590	8.340000E-2
600	7.480000E-2
610	6.910000E-2
620	6.660000E-2
630	6.570000E-2
640	6.520000E-2
650	6.560000E-2
660	6.670000E-2
670	6.830000E-2
680	6.920000E-2
690	6.910000E-2
700	6.830000E-2
710	6.770000E-2
720	6.950000E-2
730	7.330000E-2
"10BG 6/1"	""	""	
380	1.236000E-1
390	1.670000E-1
400	2.404000E-1
410	2.911000E-1
420	3.015000E-1
430	3.026000E-1
440	3.028000E-1
450	3.033000E-1
460	3.058000E-1
470	3.085000E-1
480	3.105000E-1
490	3.126000E-1
500	3.127000E-1
510	3.115000E-1
520	3.096000E-1
530	3.056000E-1
540	3.013000E-1
550	2.968000E-1
560	2.903000E-1
570	2.848000E-1
580	2.779000E-1
590	2.704000E-1
600	2.615000E-1
610	2.538000E-1
620	2.484000E-1
630	2.449000E-1
640	2.420000E-1
650	2.396000E-1
660	2.391000E-1
670	2.397000E-1
680	2.409000E-1
690	2.407000E-1
700	2.410000E-1
710	2.410000E-1
720	2.405000E-1
730	2.399000E-1
"10BG 6/2"	""	""	
380	1.158000E-1
390	1.598000E-1
400	2.342000E-1
410	2.857000E-1
420	3.008000E-1
430	3.061000E-1
440	3.107000E-1
450	3.154000E-1
460	3.219000E-1
470	3.277000E-1
480	3.311000E-1
490	3.322000E-1
500	3.313000E-1
510	3.292000E-1
520	3.272000E-1
530	3.233000E-1
540	3.183000E-1
550	3.125000E-1
560	3.029000E-1
570	2.931000E-1
580	2.793000E-1
590	2.624000E-1
600	2.429000E-1
610	2.275000E-1
620	2.187000E-1
630	2.137000E-1
640	2.103000E-1
650	2.080000E-1
660	2.096000E-1
670	2.153000E-1
680	2.224000E-1
690	2.277000E-1
700	2.308000E-1
710	2.309000E-1
720	2.274000E-1
730	2.258000E-1
"10BG 6/4"	""	""	
380	1.223000E-1
390	1.680000E-1
400	2.409000E-1
410	2.938000E-1
420	3.112000E-1
430	3.211000E-1
440	3.314000E-1
450	3.435000E-1
460	3.595000E-1
470	3.768000E-1
480	3.877000E-1
490	3.928000E-1
500	3.918000E-1
510	3.874000E-1
520	3.807000E-1
530	3.694000E-1
540	3.532000E-1
550	3.320000E-1
560	3.033000E-1
570	2.755000E-1
580	2.492000E-1
590	2.253000E-1
600	2.024000E-1
610	1.858000E-1
620	1.774000E-1
630	1.730000E-1
640	1.702000E-1
650	1.694000E-1
660	1.722000E-1
670	1.775000E-1
680	1.825000E-1
690	1.856000E-1
700	1.863000E-1
710	1.855000E-1
720	1.846000E-1
730	1.894000E-1
"10BG 6/6"	""	""	
380	1.174000E-1
390	1.633000E-1
400	2.289000E-1
410	2.854000E-1
420	3.061000E-1
430	3.239000E-1
440	3.430000E-1
450	3.665000E-1
460	3.975000E-1
470	4.340000E-1
480	4.599000E-1
490	4.731000E-1
500	4.717000E-1
510	4.606000E-1
520	4.422000E-1
530	4.134000E-1
540	3.768000E-1
550	3.335000E-1
560	2.853000E-1
570	2.447000E-1
580	2.127000E-1
590	1.873000E-1
600	1.644000E-1
610	1.485000E-1
620	1.406000E-1
630	1.372000E-1
640	1.349000E-1
650	1.348000E-1
660	1.383000E-1
670	1.436000E-1
680	1.485000E-1
690	1.505000E-1
700	1.497000E-1
710	1.471000E-1
720	1.464000E-1
730	1.531000E-1
"10BG 6/8"	""	""	
380	1.207000E-1
390	1.549000E-1
400	2.207000E-1
410	2.729000E-1
420	2.972000E-1
430	3.185000E-1
440	3.458000E-1
450	3.809000E-1
460	4.308000E-1
470	4.994000E-1
480	5.593000E-1
490	5.927000E-1
500	5.873000E-1
510	5.532000E-1
520	5.029000E-1
530	4.400000E-1
540	3.742000E-1
550	3.096000E-1
560	2.488000E-1
570	2.040000E-1
580	1.730000E-1
590	1.510000E-1
600	1.322000E-1
610	1.196000E-1
620	1.135000E-1
630	1.107000E-1
640	1.093000E-1
650	1.097000E-1
660	1.129000E-1
670	1.173000E-1
680	1.201000E-1
690	1.204000E-1
700	1.186000E-1
710	1.164000E-1
720	1.166000E-1
730	1.229000E-1
"10BG 7/1"	""	""	
380	1.475000E-1
390	2.024000E-1
400	3.152000E-1
410	4.147000E-1
420	4.431000E-1
430	4.479000E-1
440	4.492000E-1
450	4.514000E-1
460	4.534000E-1
470	4.551000E-1
480	4.548000E-1
490	4.546000E-1
500	4.540000E-1
510	4.556000E-1
520	4.588000E-1
530	4.577000E-1
540	4.548000E-1
550	4.519000E-1
560	4.457000E-1
570	4.409000E-1
580	4.325000E-1
590	4.219000E-1
600	4.092000E-1
610	3.975000E-1
620	3.900000E-1
630	3.850000E-1
640	3.812000E-1
650	3.789000E-1
660	3.797000E-1
670	3.836000E-1
680	3.882000E-1
690	3.910000E-1
700	3.925000E-1
710	3.921000E-1
720	3.890000E-1
730	3.887000E-1
"10BG 7/2"	""	""	
380	1.364000E-1
390	2.005000E-1
400	3.071000E-1
410	4.064000E-1
420	4.371000E-1
430	4.467000E-1
440	4.525000E-1
450	4.597000E-1
460	4.691000E-1
470	4.777000E-1
480	4.830000E-1
490	4.853000E-1
500	4.842000E-1
510	4.816000E-1
520	4.792000E-1
530	4.739000E-1
540	4.671000E-1
550	4.588000E-1
560	4.452000E-1
570	4.317000E-1
580	4.132000E-1
590	3.915000E-1
600	3.664000E-1
610	3.473000E-1
620	3.357000E-1
630	3.296000E-1
640	3.246000E-1
650	3.215000E-1
660	3.239000E-1
670	3.305000E-1
680	3.396000E-1
690	3.470000E-1
700	3.519000E-1
710	3.533000E-1
720	3.488000E-1
730	3.471000E-1
"10BG 7/4"	""	""	
380	1.448000E-1
390	1.964000E-1
400	3.068000E-1
410	4.040000E-1
420	4.400000E-1
430	4.560000E-1
440	4.701000E-1
450	4.865000E-1
460	5.069000E-1
470	5.282000E-1
480	5.416000E-1
490	5.481000E-1
500	5.472000E-1
510	5.426000E-1
520	5.355000E-1
530	5.224000E-1
540	5.036000E-1
550	4.788000E-1
560	4.445000E-1
570	4.105000E-1
580	3.764000E-1
590	3.429000E-1
600	3.094000E-1
610	2.845000E-1
620	2.712000E-1
630	2.651000E-1
640	2.610000E-1
650	2.603000E-1
660	2.651000E-1
670	2.747000E-1
680	2.843000E-1
690	2.903000E-1
700	2.925000E-1
710	2.903000E-1
720	2.887000E-1
730	2.938000E-1
"10BG 7/6"	""	""	
380	1.477000E-1
390	1.977000E-1
400	3.030000E-1
410	3.976000E-1
420	4.354000E-1
430	4.570000E-1
440	4.795000E-1
450	5.074000E-1
460	5.441000E-1
470	5.873000E-1
480	6.185000E-1
490	6.351000E-1
500	6.348000E-1
510	6.234000E-1
520	6.036000E-1
530	5.721000E-1
540	5.314000E-1
550	4.827000E-1
560	4.261000E-1
570	3.758000E-1
580	3.325000E-1
590	2.957000E-1
600	2.612000E-1
610	2.368000E-1
620	2.248000E-1
630	2.194000E-1
640	2.162000E-1
650	2.164000E-1
660	2.219000E-1
670	2.310000E-1
680	2.389000E-1
690	2.433000E-1
700	2.427000E-1
710	2.400000E-1
720	2.392000E-1
730	2.481000E-1
"10BG 7/8"	""	""	
380	1.465000E-1
390	1.899000E-1
400	2.902000E-1
410	3.809000E-1
420	4.187000E-1
430	4.423000E-1
440	4.692000E-1
450	5.045000E-1
460	5.543000E-1
470	6.198000E-1
480	6.748000E-1
490	7.096000E-1
500	7.105000E-1
510	6.862000E-1
520	6.465000E-1
530	5.929000E-1
540	5.314000E-1
550	4.646000E-1
560	3.944000E-1
570	3.360000E-1
580	2.901000E-1
590	2.538000E-1
600	2.219000E-1
610	2.005000E-1
620	1.901000E-1
630	1.848000E-1
640	1.812000E-1
650	1.807000E-1
660	1.850000E-1
670	1.928000E-1
680	1.995000E-1
690	2.033000E-1
700	2.032000E-1
710	2.008000E-1
720	2.005000E-1
730	2.092000E-1
"10BG 8/1"	""	""	
380	1.605000E-1
390	2.088000E-1
400	3.480000E-1
410	5.136000E-1
420	5.829000E-1
430	5.930000E-1
440	5.952000E-1
450	5.972000E-1
460	6.006000E-1
470	6.035000E-1
480	6.055000E-1
490	6.076000E-1
500	6.077000E-1
510	6.060000E-1
520	6.049000E-1
530	6.016000E-1
540	5.981000E-1
550	5.956000E-1
560	5.895000E-1
570	5.863000E-1
580	5.787000E-1
590	5.693000E-1
600	5.578000E-1
610	5.475000E-1
620	5.405000E-1
630	5.358000E-1
640	5.318000E-1
650	5.286000E-1
660	5.287000E-1
670	5.323000E-1
680	5.372000E-1
690	5.410000E-1
700	5.429000E-1
710	5.427000E-1
720	5.401000E-1
730	5.378000E-1
"10BG 8/2"	""	""	
380	1.572000E-1
390	2.072000E-1
400	3.480000E-1
410	5.085000E-1
420	5.754000E-1
430	5.929000E-1
440	6.040000E-1
450	6.147000E-1
460	6.272000E-1
470	6.383000E-1
480	6.450000E-1
490	6.492000E-1
500	6.496000E-1
510	6.475000E-1
520	6.455000E-1
530	6.398000E-1
540	6.315000E-1
550	6.207000E-1
560	6.024000E-1
570	5.846000E-1
580	5.620000E-1
590	5.379000E-1
600	5.110000E-1
610	4.901000E-1
620	4.784000E-1
630	4.722000E-1
640	4.671000E-1
650	4.652000E-1
660	4.690000E-1
670	4.781000E-1
680	4.881000E-1
690	4.954000E-1
700	4.986000E-1
710	4.983000E-1
720	4.957000E-1
730	4.982000E-1
"10BG 8/4"	""	""	
380	1.693000E-1
390	2.160000E-1
400	3.582000E-1
410	5.138000E-1
420	5.819000E-1
430	6.053000E-1
440	6.259000E-1
450	6.481000E-1
460	6.777000E-1
470	7.095000E-1
480	7.323000E-1
490	7.450000E-1
500	7.466000E-1
510	7.409000E-1
520	7.304000E-1
530	7.104000E-1
540	6.819000E-1
550	6.455000E-1
560	5.977000E-1
570	5.541000E-1
580	5.125000E-1
590	4.733000E-1
600	4.339000E-1
610	4.046000E-1
620	3.900000E-1
630	3.829000E-1
640	3.783000E-1
650	3.779000E-1
660	3.845000E-1
670	3.971000E-1
680	4.096000E-1
690	4.171000E-1
700	4.195000E-1
710	4.168000E-1
720	4.140000E-1
730	4.207000E-1
"10BG 9/1"	""	""	
380	1.847000E-1
390	2.274000E-1
400	3.798000E-1
410	6.093000E-1
420	7.443000E-1
430	7.782000E-1
440	7.870000E-1
450	7.938000E-1
460	8.016000E-1
470	8.073000E-1
480	8.107000E-1
490	8.139000E-1
500	8.146000E-1
510	8.135000E-1
520	8.138000E-1
530	8.111000E-1
540	8.077000E-1
550	8.040000E-1
560	7.953000E-1
570	7.915000E-1
580	7.814000E-1
590	7.671000E-1
600	7.493000E-1
610	7.361000E-1
620	7.285000E-1
630	7.229000E-1
640	7.180000E-1
650	7.154000E-1
660	7.148000E-1
670	7.144000E-1
680	7.221000E-1
690	7.328000E-1
700	7.408000E-1
710	7.437000E-1
720	7.415000E-1
730	7.396000E-1
"10BG 9/2"	""	""	
380	1.846000E-1
390	2.280000E-1
400	3.885000E-1
410	6.185000E-1
420	7.476000E-1
430	7.835000E-1
440	7.986000E-1
450	8.143000E-1
460	8.334000E-1
470	8.508000E-1
480	8.627000E-1
490	8.712000E-1
500	8.735000E-1
510	8.724000E-1
520	8.696000E-1
530	8.599000E-1
540	8.448000E-1
550	8.246000E-1
560	7.950000E-1
570	7.698000E-1
580	7.436000E-1
590	7.164000E-1
600	6.859000E-1
610	6.639000E-1
620	6.546000E-1
630	6.529000E-1
640	6.525000E-1
650	6.541000E-1
660	6.622000E-1
670	6.748000E-1
680	6.882000E-1
690	6.979000E-1
700	7.055000E-1
710	7.098000E-1
720	7.090000E-1
730	7.127000E-1
"2.5B 2.5/2"	""	""	
380	3.900000E-2
390	4.860000E-2
400	4.790000E-2
410	4.920000E-2
420	4.960000E-2
430	5.040000E-2
440	5.190000E-2
450	5.390000E-2
460	5.790000E-2
470	6.410000E-2
480	7.100000E-2
490	7.580000E-2
500	7.480000E-2
510	6.860000E-2
520	6.090000E-2
530	5.260000E-2
540	4.590000E-2
550	4.180000E-2
560	3.920000E-2
570	3.790000E-2
580	3.670000E-2
590	3.620000E-2
600	3.600000E-2
610	3.670000E-2
620	3.770000E-2
630	3.880000E-2
640	3.980000E-2
650	4.110000E-2
660	4.290000E-2
670	4.410000E-2
680	4.510000E-2
690	4.570000E-2
700	4.550000E-2
710	4.590000E-2
720	4.580000E-2
730	4.680000E-2
"2.5B 3/2"	""	""	
380	5.040000E-2
390	6.200000E-2
400	6.870000E-2
410	7.170000E-2
420	7.260000E-2
430	7.300000E-2
440	7.410000E-2
450	7.540000E-2
460	7.720000E-2
470	8.010000E-2
480	8.250000E-2
490	8.370000E-2
500	8.290000E-2
510	8.120000E-2
520	7.820000E-2
530	7.440000E-2
540	6.950000E-2
550	6.430000E-2
560	5.860000E-2
570	5.400000E-2
580	5.090000E-2
590	4.860000E-2
600	4.690000E-2
610	4.570000E-2
620	4.480000E-2
630	4.460000E-2
640	4.410000E-2
650	4.430000E-2
660	4.400000E-2
670	4.410000E-2
680	4.420000E-2
690	4.400000E-2
700	4.490000E-2
710	4.500000E-2
720	4.710000E-2
730	4.890000E-2
"2.5B 3/4"	""	""	
380	4.590000E-2
390	5.850000E-2
400	5.820000E-2
410	6.240000E-2
420	6.260000E-2
430	6.550000E-2
440	6.880000E-2
450	7.550000E-2
460	8.910000E-2
470	1.156000E-1
480	1.489000E-1
490	1.679000E-1
500	1.541000E-1
510	1.211000E-1
520	9.050000E-2
530	6.840000E-2
540	5.600000E-2
550	4.870000E-2
560	4.470000E-2
570	4.270000E-2
580	4.160000E-2
590	4.120000E-2
600	4.050000E-2
610	4.120000E-2
620	4.140000E-2
630	4.220000E-2
640	4.270000E-2
650	4.270000E-2
660	4.390000E-2
670	4.380000E-2
680	4.440000E-2
690	4.460000E-2
700	4.520000E-2
710	4.610000E-2
720	4.560000E-2
730	4.770000E-2
"2.5B 4/2"	""	""	
380	8.030000E-2
390	1.020000E-1
400	1.243000E-1
410	1.357000E-1
420	1.380000E-1
430	1.387000E-1
440	1.395000E-1
450	1.403000E-1
460	1.423000E-1
470	1.442000E-1
480	1.457000E-1
490	1.460000E-1
500	1.448000E-1
510	1.427000E-1
520	1.405000E-1
530	1.372000E-1
540	1.328000E-1
550	1.278000E-1
560	1.205000E-1
570	1.134000E-1
580	1.067000E-1
590	1.012000E-1
600	9.570000E-2
610	9.070000E-2
620	8.710000E-2
630	8.460000E-2
640	8.260000E-2
650	8.120000E-2
660	8.060000E-2
670	8.030000E-2
680	8.000000E-2
690	7.960000E-2
700	7.940000E-2
710	7.920000E-2
720	8.020000E-2
730	8.300000E-2
"2.5B 4/4"	""	""	
380	7.940000E-2
390	9.740000E-2
400	1.173000E-1
410	1.301000E-1
420	1.351000E-1
430	1.396000E-1
440	1.460000E-1
450	1.549000E-1
460	1.673000E-1
470	1.838000E-1
480	1.998000E-1
490	2.062000E-1
500	2.035000E-1
510	1.930000E-1
520	1.771000E-1
530	1.570000E-1
540	1.358000E-1
550	1.159000E-1
560	9.810000E-2
570	8.670000E-2
580	8.050000E-2
590	7.690000E-2
600	7.340000E-2
610	7.010000E-2
620	6.830000E-2
630	6.800000E-2
640	6.810000E-2
650	6.770000E-2
660	6.730000E-2
670	6.680000E-2
680	6.610000E-2
690	6.580000E-2
700	6.640000E-2
710	6.820000E-2
720	6.950000E-2
730	7.150000E-2
"2.5B 4/6"	""	""	
380	7.050000E-2
390	8.630000E-2
400	1.030000E-1
410	1.197000E-1
420	1.271000E-1
430	1.383000E-1
440	1.532000E-1
450	1.740000E-1
460	2.007000E-1
470	2.375000E-1
480	2.669000E-1
490	2.771000E-1
500	2.657000E-1
510	2.413000E-1
520	2.058000E-1
530	1.664000E-1
540	1.330000E-1
550	1.061000E-1
560	8.410000E-2
570	7.000000E-2
580	6.160000E-2
590	5.650000E-2
600	5.280000E-2
610	5.080000E-2
620	5.000000E-2
630	4.990000E-2
640	4.990000E-2
650	5.030000E-2
660	5.120000E-2
670	5.190000E-2
680	5.230000E-2
690	5.210000E-2
700	5.190000E-2
710	5.240000E-2
720	5.420000E-2
730	5.780000E-2
"2.5B 4/8"	""	""	
380	6.630000E-2
390	8.090000E-2
400	1.027000E-1
410	1.202000E-1
420	1.295000E-1
430	1.416000E-1
440	1.595000E-1
450	1.843000E-1
460	2.190000E-1
470	2.696000E-1
480	3.124000E-1
490	3.289000E-1
500	3.111000E-1
510	2.719000E-1
520	2.239000E-1
530	1.755000E-1
540	1.345000E-1
550	1.023000E-1
560	7.780000E-2
570	6.320000E-2
580	5.480000E-2
590	5.030000E-2
600	4.700000E-2
610	4.540000E-2
620	4.520000E-2
630	4.530000E-2
640	4.560000E-2
650	4.610000E-2
660	4.700000E-2
670	4.760000E-2
680	4.770000E-2
690	4.750000E-2
700	4.710000E-2
710	4.790000E-2
720	4.950000E-2
730	5.250000E-2
"2.5B 5/2"	""	""	
380	1.058000E-1
390	1.331000E-1
400	1.807000E-1
410	2.071000E-1
420	2.135000E-1
430	2.143000E-1
440	2.161000E-1
450	2.188000E-1
460	2.220000E-1
470	2.261000E-1
480	2.288000E-1
490	2.296000E-1
500	2.280000E-1
510	2.252000E-1
520	2.210000E-1
530	2.146000E-1
540	2.072000E-1
550	2.000000E-1
560	1.919000E-1
570	1.867000E-1
580	1.814000E-1
590	1.747000E-1
600	1.638000E-1
610	1.520000E-1
620	1.446000E-1
630	1.401000E-1
640	1.370000E-1
650	1.360000E-1
660	1.373000E-1
670	1.380000E-1
680	1.369000E-1
690	1.351000E-1
700	1.320000E-1
710	1.298000E-1
720	1.325000E-1
730	1.418000E-1
"2.5B 5/4"	""	""	
380	1.056000E-1
390	1.382000E-1
400	1.867000E-1
410	2.180000E-1
420	2.288000E-1
430	2.354000E-1
440	2.426000E-1
450	2.506000E-1
460	2.597000E-1
470	2.689000E-1
480	2.738000E-1
490	2.754000E-1
500	2.731000E-1
510	2.681000E-1
520	2.612000E-1
530	2.501000E-1
540	2.350000E-1
550	2.159000E-1
560	1.919000E-1
570	1.702000E-1
580	1.523000E-1
590	1.381000E-1
600	1.250000E-1
610	1.155000E-1
620	1.108000E-1
630	1.086000E-1
640	1.070000E-1
650	1.074000E-1
660	1.098000E-1
670	1.129000E-1
680	1.146000E-1
690	1.144000E-1
700	1.127000E-1
710	1.107000E-1
720	1.108000E-1
730	1.163000E-1
"2.5B 5/6"	""	""	
380	9.980000E-2
390	1.306000E-1
400	1.783000E-1
410	2.138000E-1
420	2.283000E-1
430	2.417000E-1
440	2.580000E-1
450	2.777000E-1
460	3.008000E-1
470	3.262000E-1
480	3.417000E-1
490	3.476000E-1
500	3.421000E-1
510	3.281000E-1
520	3.068000E-1
530	2.773000E-1
540	2.435000E-1
550	2.074000E-1
560	1.709000E-1
570	1.427000E-1
580	1.229000E-1
590	1.093000E-1
600	9.840000E-2
610	9.090000E-2
620	8.710000E-2
630	8.530000E-2
640	8.440000E-2
650	8.470000E-2
660	8.650000E-2
670	8.810000E-2
680	8.870000E-2
690	8.840000E-2
700	8.670000E-2
710	8.480000E-2
720	8.610000E-2
730	9.200000E-2
"2.5B 5/8"	""	""	
380	9.330000E-2
390	1.209000E-1
400	1.630000E-1
410	1.977000E-1
420	2.149000E-1
430	2.331000E-1
440	2.588000E-1
450	2.932000E-1
460	3.391000E-1
470	4.009000E-1
480	4.508000E-1
490	4.742000E-1
500	4.581000E-1
510	4.146000E-1
520	3.570000E-1
530	2.942000E-1
540	2.351000E-1
550	1.828000E-1
560	1.381000E-1
570	1.079000E-1
580	8.910000E-2
590	7.770000E-2
600	6.940000E-2
610	6.460000E-2
620	6.260000E-2
630	6.210000E-2
640	6.180000E-2
650	6.260000E-2
660	6.420000E-2
670	6.580000E-2
680	6.610000E-2
690	6.550000E-2
700	6.430000E-2
710	6.360000E-2
720	6.530000E-2
730	6.940000E-2
"2.5B 6/2"	""	""	
380	1.129000E-1
390	1.578000E-1
400	2.282000E-1
410	2.794000E-1
420	2.932000E-1
430	2.975000E-1
440	3.010000E-1
450	3.059000E-1
460	3.117000E-1
470	3.175000E-1
480	3.195000E-1
490	3.196000E-1
500	3.171000E-1
510	3.132000E-1
520	3.087000E-1
530	3.020000E-1
540	2.946000E-1
550	2.879000E-1
560	2.808000E-1
570	2.775000E-1
580	2.709000E-1
590	2.574000E-1
600	2.366000E-1
610	2.181000E-1
620	2.078000E-1
630	2.027000E-1
640	1.991000E-1
650	1.982000E-1
660	2.014000E-1
670	2.072000E-1
680	2.121000E-1
690	2.151000E-1
700	2.145000E-1
710	2.105000E-1
720	2.110000E-1
730	2.193000E-1
"2.5B 6/4"	""	""	
380	1.202000E-1
390	1.670000E-1
400	2.459000E-1
410	3.080000E-1
420	3.289000E-1
430	3.393000E-1
440	3.488000E-1
450	3.599000E-1
460	3.724000E-1
470	3.856000E-1
480	3.919000E-1
490	3.947000E-1
500	3.921000E-1
510	3.867000E-1
520	3.791000E-1
530	3.664000E-1
540	3.490000E-1
550	3.265000E-1
560	2.965000E-1
570	2.684000E-1
580	2.435000E-1
590	2.223000E-1
600	2.022000E-1
610	1.875000E-1
620	1.803000E-1
630	1.766000E-1
640	1.743000E-1
650	1.745000E-1
660	1.784000E-1
670	1.838000E-1
680	1.874000E-1
690	1.880000E-1
700	1.860000E-1
710	1.827000E-1
720	1.828000E-1
730	1.897000E-1
"2.5B 6/6"	""	""	
380	1.224000E-1
390	1.633000E-1
400	2.416000E-1
410	3.120000E-1
420	3.393000E-1
430	3.580000E-1
440	3.788000E-1
450	4.024000E-1
460	4.289000E-1
470	4.565000E-1
480	4.729000E-1
490	4.790000E-1
500	4.735000E-1
510	4.591000E-1
520	4.358000E-1
530	4.035000E-1
540	3.655000E-1
550	3.243000E-1
560	2.789000E-1
570	2.396000E-1
580	2.082000E-1
590	1.847000E-1
600	1.638000E-1
610	1.490000E-1
620	1.417000E-1
630	1.386000E-1
640	1.368000E-1
650	1.373000E-1
660	1.411000E-1
670	1.457000E-1
680	1.477000E-1
690	1.471000E-1
700	1.434000E-1
710	1.393000E-1
720	1.404000E-1
730	1.499000E-1
"2.5B 6/8"	""	""	
380	1.254000E-1
390	1.633000E-1
400	2.394000E-1
410	3.034000E-1
420	3.310000E-1
430	3.548000E-1
440	3.847000E-1
450	4.220000E-1
460	4.710000E-1
470	5.338000E-1
480	5.829000E-1
490	6.054000E-1
500	5.919000E-1
510	5.529000E-1
520	4.985000E-1
530	4.329000E-1
540	3.654000E-1
550	3.005000E-1
560	2.398000E-1
570	1.959000E-1
580	1.667000E-1
590	1.472000E-1
600	1.311000E-1
610	1.197000E-1
620	1.146000E-1
630	1.123000E-1
640	1.111000E-1
650	1.120000E-1
660	1.159000E-1
670	1.197000E-1
680	1.210000E-1
690	1.197000E-1
700	1.163000E-1
710	1.131000E-1
720	1.143000E-1
730	1.231000E-1
"2.5B 7/2"	""	""	
380	1.365000E-1
390	1.857000E-1
400	2.972000E-1
410	4.032000E-1
420	4.368000E-1
430	4.446000E-1
440	4.494000E-1
450	4.561000E-1
460	4.648000E-1
470	4.741000E-1
480	4.812000E-1
490	4.839000E-1
500	4.820000E-1
510	4.771000E-1
520	4.694000E-1
530	4.571000E-1
540	4.437000E-1
550	4.325000E-1
560	4.208000E-1
570	4.120000E-1
580	4.022000E-1
590	3.917000E-1
600	3.754000E-1
610	3.574000E-1
620	3.463000E-1
630	3.422000E-1
640	3.403000E-1
650	3.371000E-1
660	3.334000E-1
670	3.298000E-1
680	3.260000E-1
690	3.237000E-1
700	3.278000E-1
710	3.350000E-1
720	3.409000E-1
730	3.476000E-1
"2.5B 7/4"	""	""	
380	1.416000E-1
390	1.913000E-1
400	3.018000E-1
410	4.103000E-1
420	4.503000E-1
430	4.650000E-1
440	4.776000E-1
450	4.936000E-1
460	5.143000E-1
470	5.358000E-1
480	5.480000E-1
490	5.529000E-1
500	5.490000E-1
510	5.401000E-1
520	5.277000E-1
530	5.084000E-1
540	4.831000E-1
550	4.529000E-1
560	4.164000E-1
570	3.849000E-1
580	3.576000E-1
590	3.323000E-1
600	3.057000E-1
610	2.854000E-1
620	2.746000E-1
630	2.704000E-1
640	2.685000E-1
650	2.675000E-1
660	2.708000E-1
670	2.774000E-1
680	2.837000E-1
690	2.874000E-1
700	2.907000E-1
710	2.920000E-1
720	2.897000E-1
730	2.916000E-1
"2.5B 7/6"	""	""	
380	1.416000E-1
390	1.841000E-1
400	2.966000E-1
410	4.125000E-1
420	4.622000E-1
430	4.860000E-1
440	5.111000E-1
450	5.405000E-1
460	5.755000E-1
470	6.151000E-1
480	6.427000E-1
490	6.570000E-1
500	6.546000E-1
510	6.394000E-1
520	6.132000E-1
530	5.723000E-1
540	5.221000E-1
550	4.659000E-1
560	4.041000E-1
570	3.526000E-1
580	3.126000E-1
590	2.835000E-1
600	2.578000E-1
610	2.394000E-1
620	2.304000E-1
630	2.267000E-1
640	2.257000E-1
650	2.281000E-1
660	2.348000E-1
670	2.406000E-1
680	2.425000E-1
690	2.405000E-1
700	2.349000E-1
710	2.292000E-1
720	2.309000E-1
730	2.450000E-1
"2.5B 7/8"	""	""	
380	1.490000E-1
390	1.993000E-1
400	3.140000E-1
410	4.257000E-1
420	4.736000E-1
430	5.008000E-1
440	5.313000E-1
450	5.675000E-1
460	6.142000E-1
470	6.710000E-1
480	7.141000E-1
490	7.342000E-1
500	7.260000E-1
510	6.960000E-1
520	6.513000E-1
530	5.920000E-1
540	5.262000E-1
550	4.568000E-1
560	3.846000E-1
570	3.270000E-1
580	2.843000E-1
590	2.545000E-1
600	2.277000E-1
610	2.086000E-1
620	2.001000E-1
630	1.967000E-1
640	1.960000E-1
650	1.986000E-1
660	2.058000E-1
670	2.130000E-1
680	2.155000E-1
690	2.141000E-1
700	2.080000E-1
710	2.040000E-1
720	2.080000E-1
730	2.244000E-1
"2.5B 8/2"	""	""	
380	1.633000E-1
390	2.093000E-1
400	3.483000E-1
410	5.152000E-1
420	5.876000E-1
430	6.019000E-1
440	6.094000E-1
450	6.185000E-1
460	6.302000E-1
470	6.425000E-1
480	6.533000E-1
490	6.583000E-1
500	6.579000E-1
510	6.528000E-1
520	6.447000E-1
530	6.304000E-1
540	6.137000E-1
550	5.976000E-1
560	5.778000E-1
570	5.622000E-1
580	5.474000E-1
590	5.342000E-1
600	5.150000E-1
610	4.947000E-1
620	4.820000E-1
630	4.778000E-1
640	4.761000E-1
650	4.725000E-1
660	4.688000E-1
670	4.645000E-1
680	4.601000E-1
690	4.590000E-1
700	4.636000E-1
710	4.732000E-1
720	4.798000E-1
730	4.883000E-1
"2.5B 8/4"	""	""	
380	1.515000E-1
390	2.066000E-1
400	3.378000E-1
410	5.114000E-1
420	5.889000E-1
430	6.118000E-1
440	6.260000E-1
450	6.478000E-1
460	6.752000E-1
470	7.129000E-1
480	7.514000E-1
490	7.736000E-1
500	7.749000E-1
510	7.601000E-1
520	7.327000E-1
530	6.924000E-1
540	6.466000E-1
550	5.982000E-1
560	5.460000E-1
570	5.067000E-1
580	4.809000E-1
590	4.629000E-1
600	4.418000E-1
610	4.209000E-1
620	4.073000E-1
630	4.031000E-1
640	4.008000E-1
650	3.973000E-1
660	3.936000E-1
670	3.893000E-1
680	3.856000E-1
690	3.836000E-1
700	3.887000E-1
710	3.978000E-1
720	4.040000E-1
730	4.136000E-1
"2.5B 9/2"	""	""	
380	1.924000E-1
390	2.422000E-1
400	4.072000E-1
410	6.441000E-1
420	7.799000E-1
430	8.156000E-1
440	8.282000E-1
450	8.386000E-1
460	8.494000E-1
470	8.578000E-1
480	8.629000E-1
490	8.680000E-1
500	8.695000E-1
510	8.687000E-1
520	8.675000E-1
530	8.602000E-1
540	8.482000E-1
550	8.316000E-1
560	8.029000E-1
570	7.761000E-1
580	7.484000E-1
590	7.265000E-1
600	7.043000E-1
610	6.871000E-1
620	6.796000E-1
630	6.774000E-1
640	6.775000E-1
650	6.827000E-1
660	6.926000E-1
670	7.019000E-1
680	7.064000E-1
690	7.059000E-1
700	7.007000E-1
710	6.966000E-1
720	7.029000E-1
730	7.247000E-1
"5B 2.5/1"	""	""	
380	4.250000E-2
390	4.860000E-2
400	5.120000E-2
410	5.220000E-2
420	5.140000E-2
430	5.140000E-2
440	5.150000E-2
450	5.160000E-2
460	5.200000E-2
470	5.220000E-2
480	5.200000E-2
490	5.160000E-2
500	5.080000E-2
510	5.040000E-2
520	4.970000E-2
530	4.840000E-2
540	4.660000E-2
550	4.490000E-2
560	4.290000E-2
570	4.150000E-2
580	4.020000E-2
590	3.930000E-2
600	3.850000E-2
610	3.830000E-2
620	3.820000E-2
630	3.850000E-2
640	3.850000E-2
650	3.890000E-2
660	3.920000E-2
670	3.960000E-2
680	3.990000E-2
690	4.010000E-2
700	4.040000E-2
710	4.060000E-2
720	4.150000E-2
730	4.220000E-2
"5B 2.5/2"	""	""	
380	4.300000E-2
390	4.730000E-2
400	4.820000E-2
410	4.850000E-2
420	4.800000E-2
430	4.830000E-2
440	4.930000E-2
450	5.140000E-2
460	5.600000E-2
470	6.580000E-2
480	7.860000E-2
490	8.480000E-2
500	8.130000E-2
510	7.040000E-2
520	5.690000E-2
530	4.590000E-2
540	3.980000E-2
550	3.740000E-2
560	3.650000E-2
570	3.630000E-2
580	3.620000E-2
590	3.630000E-2
600	3.640000E-2
610	3.680000E-2
620	3.710000E-2
630	3.760000E-2
640	3.760000E-2
650	3.770000E-2
660	3.760000E-2
670	3.720000E-2
680	3.740000E-2
690	3.790000E-2
700	3.860000E-2
710	3.980000E-2
720	4.050000E-2
730	4.150000E-2
"5B 3/1"	""	""	
380	5.870000E-2
390	6.650000E-2
400	7.380000E-2
410	7.690000E-2
420	7.670000E-2
430	7.630000E-2
440	7.650000E-2
450	7.740000E-2
460	7.830000E-2
470	7.890000E-2
480	7.890000E-2
490	7.840000E-2
500	7.760000E-2
510	7.760000E-2
520	7.730000E-2
530	7.370000E-2
540	6.960000E-2
550	6.610000E-2
560	6.290000E-2
570	6.040000E-2
580	5.860000E-2
590	5.740000E-2
600	5.630000E-2
610	5.570000E-2
620	5.600000E-2
630	5.680000E-2
640	5.790000E-2
650	5.880000E-2
660	5.890000E-2
670	5.820000E-2
680	5.690000E-2
690	5.600000E-2
700	5.680000E-2
710	5.770000E-2
720	5.900000E-2
730	6.130000E-2
"5B 3/2"	""	""	
380	6.000000E-2
390	6.640000E-2
400	7.640000E-2
410	8.090000E-2
420	8.130000E-2
430	8.230000E-2
440	8.390000E-2
450	8.600000E-2
460	8.800000E-2
470	9.150000E-2
480	9.430000E-2
490	9.460000E-2
500	9.310000E-2
510	8.990000E-2
520	8.540000E-2
530	7.950000E-2
540	7.280000E-2
550	6.640000E-2
560	5.990000E-2
570	5.550000E-2
580	5.240000E-2
590	5.050000E-2
600	4.930000E-2
610	4.850000E-2
620	4.810000E-2
630	4.800000E-2
640	4.790000E-2
650	4.800000E-2
660	4.820000E-2
670	4.820000E-2
680	4.800000E-2
690	4.800000E-2
700	4.840000E-2
710	4.940000E-2
720	5.120000E-2
730	5.390000E-2
"5B 3/4"	""	""	
380	5.080000E-2
390	6.040000E-2
400	6.640000E-2
410	6.990000E-2
420	7.180000E-2
430	7.520000E-2
440	8.110000E-2
450	9.180000E-2
460	1.092000E-1
470	1.364000E-1
480	1.603000E-1
490	1.680000E-1
500	1.543000E-1
510	1.271000E-1
520	9.760000E-2
530	7.390000E-2
540	5.880000E-2
550	5.040000E-2
560	4.540000E-2
570	4.300000E-2
580	4.150000E-2
590	4.080000E-2
600	4.040000E-2
610	4.060000E-2
620	4.120000E-2
630	4.190000E-2
640	4.250000E-2
650	4.290000E-2
660	4.350000E-2
670	4.380000E-2
680	4.400000E-2
690	4.410000E-2
700	4.450000E-2
710	4.580000E-2
720	4.730000E-2
730	4.990000E-2
"5B 3/6"	""	""	
380	5.020000E-2
390	5.810000E-2
400	6.530000E-2
410	7.200000E-2
420	7.470000E-2
430	7.920000E-2
440	8.830000E-2
450	1.024000E-1
460	1.238000E-1
470	1.603000E-1
480	1.928000E-1
490	2.031000E-1
500	1.832000E-1
510	1.474000E-1
520	1.095000E-1
530	7.890000E-2
540	5.870000E-2
550	4.650000E-2
560	3.900000E-2
570	3.540000E-2
580	3.390000E-2
590	3.340000E-2
600	3.360000E-2
610	3.490000E-2
620	3.640000E-2
630	3.740000E-2
640	3.860000E-2
650	3.930000E-2
660	3.970000E-2
670	3.990000E-2
680	3.980000E-2
690	4.060000E-2
700	4.130000E-2
710	4.350000E-2
720	4.620000E-2
730	4.860000E-2
"5B 4/1"	""	""	
380	7.490000E-2
390	9.470000E-2
400	1.161000E-1
410	1.267000E-1
420	1.292000E-1
430	1.296000E-1
440	1.307000E-1
450	1.309000E-1
460	1.300000E-1
470	1.287000E-1
480	1.275000E-1
490	1.266000E-1
500	1.260000E-1
510	1.255000E-1
520	1.250000E-1
530	1.241000E-1
540	1.226000E-1
550	1.211000E-1
560	1.183000E-1
570	1.159000E-1
580	1.129000E-1
590	1.107000E-1
600	1.085000E-1
610	1.066000E-1
620	1.053000E-1
630	1.042000E-1
640	1.035000E-1
650	1.031000E-1
660	1.030000E-1
670	1.023000E-1
680	1.010000E-1
690	9.950000E-2
700	9.810000E-2
710	9.730000E-2
720	9.770000E-2
730	9.950000E-2
"5B 4/2"	""	""	
380	8.160000E-2
390	1.037000E-1
400	1.293000E-1
410	1.440000E-1
420	1.452000E-1
430	1.462000E-1
440	1.459000E-1
450	1.462000E-1
460	1.464000E-1
470	1.465000E-1
480	1.457000E-1
490	1.445000E-1
500	1.429000E-1
510	1.407000E-1
520	1.385000E-1
530	1.351000E-1
540	1.311000E-1
550	1.264000E-1
560	1.198000E-1
570	1.133000E-1
580	1.069000E-1
590	1.014000E-1
600	9.610000E-2
610	9.190000E-2
620	8.940000E-2
630	8.790000E-2
640	8.700000E-2
650	8.660000E-2
660	8.730000E-2
670	8.810000E-2
680	8.810000E-2
690	8.710000E-2
700	8.630000E-2
710	8.530000E-2
720	8.570000E-2
730	8.890000E-2
"5B 4/4"	""	""	
380	7.600000E-2
390	1.019000E-1
400	1.267000E-1
410	1.468000E-1
420	1.510000E-1
430	1.566000E-1
440	1.632000E-1
450	1.699000E-1
460	1.748000E-1
470	1.799000E-1
480	1.832000E-1
490	1.833000E-1
500	1.803000E-1
510	1.740000E-1
520	1.638000E-1
530	1.498000E-1
540	1.346000E-1
550	1.202000E-1
560	1.054000E-1
570	9.300000E-2
580	8.360000E-2
590	7.740000E-2
600	7.220000E-2
610	6.870000E-2
620	6.690000E-2
630	6.620000E-2
640	6.570000E-2
650	6.620000E-2
660	6.720000E-2
670	6.740000E-2
680	6.670000E-2
690	6.550000E-2
700	6.440000E-2
710	6.410000E-2
720	6.690000E-2
730	7.200000E-2
"5B 4/6"	""	""	
380	7.550000E-2
390	9.400000E-2
400	1.194000E-1
410	1.418000E-1
420	1.498000E-1
430	1.608000E-1
440	1.775000E-1
450	1.978000E-1
460	2.178000E-1
470	2.452000E-1
480	2.700000E-1
490	2.762000E-1
500	2.631000E-1
510	2.351000E-1
520	1.979000E-1
530	1.593000E-1
540	1.268000E-1
550	1.013000E-1
560	8.150000E-2
570	6.930000E-2
580	6.240000E-2
590	5.870000E-2
600	5.610000E-2
610	5.440000E-2
620	5.390000E-2
630	5.380000E-2
640	5.390000E-2
650	5.420000E-2
660	5.470000E-2
670	5.470000E-2
680	5.430000E-2
690	5.400000E-2
700	5.380000E-2
710	5.480000E-2
720	5.760000E-2
730	6.160000E-2
"5B 4/8"	""	""	
380	7.260000E-2
390	8.240000E-2
400	1.111000E-1
410	1.308000E-1
420	1.429000E-1
430	1.577000E-1
440	1.822000E-1
450	2.145000E-1
460	2.529000E-1
470	3.027000E-1
480	3.362000E-1
490	3.397000E-1
500	3.106000E-1
510	2.633000E-1
520	2.099000E-1
530	1.613000E-1
540	1.226000E-1
550	9.400000E-2
560	7.280000E-2
570	6.050000E-2
580	5.360000E-2
590	4.980000E-2
600	4.730000E-2
610	4.580000E-2
620	4.580000E-2
630	4.560000E-2
640	4.600000E-2
650	4.660000E-2
660	4.720000E-2
670	4.800000E-2
680	4.760000E-2
690	4.770000E-2
700	4.780000E-2
710	4.830000E-2
720	5.100000E-2
730	5.460000E-2
"5B 5/1"	""	""	
380	1.002000E-1
390	1.356000E-1
400	1.795000E-1
410	2.073000E-1
420	2.126000E-1
430	2.139000E-1
440	2.150000E-1
450	2.158000E-1
460	2.149000E-1
470	2.134000E-1
480	2.115000E-1
490	2.107000E-1
500	2.099000E-1
510	2.089000E-1
520	2.083000E-1
530	2.068000E-1
540	2.045000E-1
550	2.017000E-1
560	1.972000E-1
570	1.930000E-1
580	1.880000E-1
590	1.841000E-1
600	1.803000E-1
610	1.773000E-1
620	1.749000E-1
630	1.733000E-1
640	1.718000E-1
650	1.713000E-1
660	1.711000E-1
670	1.701000E-1
680	1.683000E-1
690	1.653000E-1
700	1.626000E-1
710	1.609000E-1
720	1.612000E-1
730	1.649000E-1
"5B 5/2"	""	""	
380	1.059000E-1
390	1.386000E-1
400	1.828000E-1
410	2.114000E-1
420	2.164000E-1
430	2.169000E-1
440	2.178000E-1
450	2.211000E-1
460	2.239000E-1
470	2.288000E-1
480	2.314000E-1
490	2.314000E-1
500	2.274000E-1
510	2.223000E-1
520	2.158000E-1
530	2.083000E-1
540	2.015000E-1
550	1.971000E-1
560	1.921000E-1
570	1.852000E-1
580	1.779000E-1
590	1.702000E-1
600	1.606000E-1
610	1.504000E-1
620	1.454000E-1
630	1.453000E-1
640	1.469000E-1
650	1.484000E-1
660	1.474000E-1
670	1.459000E-1
680	1.427000E-1
690	1.393000E-1
700	1.406000E-1
710	1.431000E-1
720	1.462000E-1
730	1.503000E-1
"5B 5/4"	""	""	
380	1.006000E-1
390	1.344000E-1
400	1.889000E-1
410	2.299000E-1
420	2.422000E-1
430	2.487000E-1
440	2.561000E-1
450	2.631000E-1
460	2.683000E-1
470	2.731000E-1
480	2.738000E-1
490	2.728000E-1
500	2.687000E-1
510	2.623000E-1
520	2.530000E-1
530	2.396000E-1
540	2.231000E-1
550	2.048000E-1
560	1.836000E-1
570	1.660000E-1
580	1.518000E-1
590	1.403000E-1
600	1.287000E-1
610	1.195000E-1
620	1.149000E-1
630	1.130000E-1
640	1.121000E-1
650	1.133000E-1
660	1.171000E-1
670	1.202000E-1
680	1.205000E-1
690	1.181000E-1
700	1.137000E-1
710	1.101000E-1
720	1.117000E-1
730	1.208000E-1
"5B 5/6"	""	""	
380	1.117000E-1
390	1.331000E-1
400	1.928000E-1
410	2.349000E-1
420	2.544000E-1
430	2.661000E-1
440	2.836000E-1
450	2.995000E-1
460	3.142000E-1
470	3.260000E-1
480	3.317000E-1
490	3.301000E-1
500	3.223000E-1
510	3.085000E-1
520	2.880000E-1
530	2.607000E-1
540	2.295000E-1
550	1.975000E-1
560	1.647000E-1
570	1.402000E-1
580	1.229000E-1
590	1.116000E-1
600	1.021000E-1
610	9.500000E-2
620	9.180000E-2
630	9.010000E-2
640	8.970000E-2
650	9.050000E-2
660	9.300000E-2
670	9.560000E-2
680	9.470000E-2
690	9.360000E-2
700	9.020000E-2
710	8.810000E-2
720	9.050000E-2
730	9.630000E-2
"5B 5/8"	""	""	
380	9.830000E-2
390	1.324000E-1
400	1.858000E-1
410	2.356000E-1
420	2.559000E-1
430	2.775000E-1
440	3.071000E-1
450	3.431000E-1
460	3.794000E-1
470	4.210000E-1
480	4.461000E-1
490	4.489000E-1
500	4.285000E-1
510	3.900000E-1
520	3.397000E-1
530	2.833000E-1
540	2.298000E-1
550	1.818000E-1
560	1.405000E-1
570	1.122000E-1
580	9.490000E-2
590	8.480000E-2
600	7.730000E-2
610	7.220000E-2
620	7.000000E-2
630	6.940000E-2
640	6.910000E-2
650	7.020000E-2
660	7.200000E-2
670	7.300000E-2
680	7.280000E-2
690	7.100000E-2
700	6.910000E-2
710	6.820000E-2
720	7.040000E-2
730	7.650000E-2
"5B 6/1"	""	""	
380	1.256000E-1
390	1.691000E-1
400	2.483000E-1
410	3.075000E-1
420	3.209000E-1
430	3.209000E-1
440	3.192000E-1
450	3.188000E-1
460	3.186000E-1
470	3.188000E-1
480	3.180000E-1
490	3.174000E-1
500	3.153000E-1
510	3.129000E-1
520	3.105000E-1
530	3.072000E-1
540	3.036000E-1
550	3.009000E-1
560	2.964000E-1
570	2.933000E-1
580	2.885000E-1
590	2.833000E-1
600	2.776000E-1
610	2.711000E-1
620	2.646000E-1
630	2.588000E-1
640	2.535000E-1
650	2.488000E-1
660	2.446000E-1
670	2.424000E-1
680	2.414000E-1
690	2.407000E-1
700	2.410000E-1
710	2.413000E-1
720	2.406000E-1
730	2.406000E-1
"5B 6/2"	""	""	
380	1.198000E-1
390	1.619000E-1
400	2.400000E-1
410	3.006000E-1
420	3.149000E-1
430	3.170000E-1
440	3.187000E-1
450	3.206000E-1
460	3.231000E-1
470	3.260000E-1
480	3.275000E-1
490	3.268000E-1
500	3.245000E-1
510	3.206000E-1
520	3.159000E-1
530	3.083000E-1
540	2.998000E-1
550	2.916000E-1
560	2.821000E-1
570	2.761000E-1
580	2.700000E-1
590	2.626000E-1
600	2.493000E-1
610	2.347000E-1
620	2.255000E-1
630	2.200000E-1
640	2.162000E-1
650	2.161000E-1
660	2.187000E-1
670	2.206000E-1
680	2.187000E-1
690	2.153000E-1
700	2.101000E-1
710	2.053000E-1
720	2.090000E-1
730	2.236000E-1
"5B 6/4"	""	""	
380	1.253000E-1
390	1.685000E-1
400	2.463000E-1
410	3.119000E-1
420	3.349000E-1
430	3.457000E-1
440	3.567000E-1
450	3.697000E-1
460	3.829000E-1
470	3.948000E-1
480	3.995000E-1
490	4.000000E-1
500	3.950000E-1
510	3.856000E-1
520	3.719000E-1
530	3.524000E-1
540	3.296000E-1
550	3.064000E-1
560	2.815000E-1
570	2.605000E-1
580	2.432000E-1
590	2.270000E-1
600	2.085000E-1
610	1.938000E-1
620	1.875000E-1
630	1.880000E-1
640	1.908000E-1
650	1.938000E-1
660	1.981000E-1
670	2.030000E-1
680	2.052000E-1
690	2.050000E-1
700	2.071000E-1
710	2.102000E-1
720	2.121000E-1
730	2.177000E-1
"5B 6/6"	""	""	
380	1.199000E-1
390	1.663000E-1
400	2.604000E-1
410	3.485000E-1
420	3.805000E-1
430	3.964000E-1
440	4.127000E-1
450	4.298000E-1
460	4.452000E-1
470	4.595000E-1
480	4.660000E-1
490	4.656000E-1
500	4.583000E-1
510	4.448000E-1
520	4.247000E-1
530	3.957000E-1
540	3.598000E-1
550	3.184000E-1
560	2.719000E-1
570	2.324000E-1
580	2.023000E-1
590	1.816000E-1
600	1.645000E-1
610	1.515000E-1
620	1.450000E-1
630	1.422000E-1
640	1.413000E-1
650	1.432000E-1
660	1.474000E-1
670	1.509000E-1
680	1.497000E-1
690	1.456000E-1
700	1.397000E-1
710	1.346000E-1
720	1.362000E-1
730	1.464000E-1
"5B 6/8"	""	""	
380	1.238000E-1
390	1.689000E-1
400	2.610000E-1
410	3.547000E-1
420	3.925000E-1
430	4.217000E-1
440	4.557000E-1
450	4.958000E-1
460	5.353000E-1
470	5.795000E-1
480	6.049000E-1
490	6.085000E-1
500	5.875000E-1
510	5.469000E-1
520	4.922000E-1
530	4.277000E-1
540	3.629000E-1
550	3.003000E-1
560	2.409000E-1
570	1.964000E-1
580	1.665000E-1
590	1.473000E-1
600	1.320000E-1
610	1.212000E-1
620	1.156000E-1
630	1.135000E-1
640	1.129000E-1
650	1.146000E-1
660	1.188000E-1
670	1.213000E-1
680	1.202000E-1
690	1.166000E-1
700	1.112000E-1
710	1.074000E-1
720	1.090000E-1
730	1.192000E-1
"5B 7/1"	""	""	
380	1.337000E-1
390	1.921000E-1
400	2.941000E-1
410	3.987000E-1
420	4.309000E-1
430	4.379000E-1
440	4.413000E-1
450	4.441000E-1
460	4.438000E-1
470	4.416000E-1
480	4.396000E-1
490	4.382000E-1
500	4.379000E-1
510	4.368000E-1
520	4.369000E-1
530	4.343000E-1
540	4.305000E-1
550	4.261000E-1
560	4.175000E-1
570	4.116000E-1
580	4.049000E-1
590	4.013000E-1
600	3.972000E-1
610	3.945000E-1
620	3.930000E-1
630	3.931000E-1
640	3.940000E-1
650	3.941000E-1
660	3.933000E-1
670	3.907000E-1
680	3.856000E-1
690	3.811000E-1
700	3.782000E-1
710	3.787000E-1
720	3.815000E-1
730	3.832000E-1
"5B 7/2"	""	""	
380	1.453000E-1
390	1.963000E-1
400	3.190000E-1
410	4.416000E-1
420	4.827000E-1
430	4.869000E-1
440	4.865000E-1
450	4.861000E-1
460	4.862000E-1
470	4.867000E-1
480	4.854000E-1
490	4.841000E-1
500	4.805000E-1
510	4.765000E-1
520	4.721000E-1
530	4.657000E-1
540	4.579000E-1
550	4.490000E-1
560	4.352000E-1
570	4.219000E-1
580	4.075000E-1
590	3.954000E-1
600	3.832000E-1
610	3.718000E-1
620	3.630000E-1
630	3.575000E-1
640	3.530000E-1
650	3.508000E-1
660	3.500000E-1
670	3.488000E-1
680	3.461000E-1
690	3.419000E-1
700	3.383000E-1
710	3.354000E-1
720	3.367000E-1
730	3.435000E-1
"5B 7/4"	""	""	
380	1.476000E-1
390	1.960000E-1
400	3.176000E-1
410	4.485000E-1
420	4.975000E-1
430	5.124000E-1
440	5.240000E-1
450	5.344000E-1
460	5.409000E-1
470	5.446000E-1
480	5.453000E-1
490	5.461000E-1
500	5.445000E-1
510	5.395000E-1
520	5.303000E-1
530	5.125000E-1
540	4.877000E-1
550	4.560000E-1
560	4.142000E-1
570	3.761000E-1
580	3.460000E-1
590	3.261000E-1
600	3.090000E-1
610	2.954000E-1
620	2.891000E-1
630	2.868000E-1
640	2.868000E-1
650	2.916000E-1
660	2.998000E-1
670	3.035000E-1
680	2.987000E-1
690	2.895000E-1
700	2.769000E-1
710	2.666000E-1
720	2.700000E-1
730	2.896000E-1
"5B 7/6"	""	""	
380	1.482000E-1
390	1.920000E-1
400	3.176000E-1
410	4.606000E-1
420	5.234000E-1
430	5.489000E-1
440	5.724000E-1
450	5.972000E-1
460	6.194000E-1
470	6.402000E-1
480	6.499000E-1
490	6.508000E-1
500	6.407000E-1
510	6.217000E-1
520	5.930000E-1
530	5.531000E-1
540	5.065000E-1
550	4.552000E-1
560	3.989000E-1
570	3.519000E-1
580	3.159000E-1
590	2.899000E-1
600	2.670000E-1
610	2.494000E-1
620	2.401000E-1
630	2.366000E-1
640	2.345000E-1
650	2.372000E-1
660	2.440000E-1
670	2.496000E-1
680	2.497000E-1
690	2.454000E-1
700	2.370000E-1
710	2.292000E-1
720	2.311000E-1
730	2.472000E-1
"5B 7/8"	""	""	
380	1.468000E-1
390	1.947000E-1
400	3.158000E-1
410	4.524000E-1
420	5.157000E-1
430	5.507000E-1
440	5.884000E-1
450	6.305000E-1
460	6.730000E-1
470	7.178000E-1
480	7.435000E-1
490	7.454000E-1
500	7.226000E-1
510	6.821000E-1
520	6.294000E-1
530	5.672000E-1
540	5.031000E-1
550	4.394000E-1
560	3.751000E-1
570	3.243000E-1
580	2.869000E-1
590	2.611000E-1
600	2.388000E-1
610	2.215000E-1
620	2.130000E-1
630	2.098000E-1
640	2.081000E-1
650	2.104000E-1
660	2.171000E-1
670	2.231000E-1
680	2.244000E-1
690	2.220000E-1
700	2.154000E-1
710	2.092000E-1
720	2.127000E-1
730	2.295000E-1
"5B 8/1"	""	""	
380	1.568000E-1
390	2.046000E-1
400	3.453000E-1
410	5.194000E-1
420	5.931000E-1
430	6.048000E-1
440	6.055000E-1
450	6.061000E-1
460	6.060000E-1
470	6.049000E-1
480	6.021000E-1
490	6.011000E-1
500	5.987000E-1
510	5.963000E-1
520	5.951000E-1
530	5.918000E-1
540	5.887000E-1
550	5.862000E-1
560	5.803000E-1
570	5.774000E-1
580	5.707000E-1
590	5.637000E-1
600	5.554000E-1
610	5.485000E-1
620	5.427000E-1
630	5.389000E-1
640	5.350000E-1
650	5.324000E-1
660	5.318000E-1
670	5.328000E-1
680	5.347000E-1
690	5.346000E-1
700	5.344000E-1
710	5.340000E-1
720	5.327000E-1
730	5.334000E-1
"5B 8/2"	""	""	
380	1.610000E-1
390	2.062000E-1
400	3.457000E-1
410	5.271000E-1
420	6.084000E-1
430	6.221000E-1
440	6.254000E-1
450	6.277000E-1
460	6.304000E-1
470	6.331000E-1
480	6.346000E-1
490	6.362000E-1
500	6.354000E-1
510	6.320000E-1
520	6.263000E-1
530	6.162000E-1
540	6.033000E-1
550	5.893000E-1
560	5.701000E-1
570	5.551000E-1
580	5.399000E-1
590	5.268000E-1
600	5.100000E-1
610	4.937000E-1
620	4.837000E-1
630	4.789000E-1
640	4.757000E-1
650	4.781000E-1
660	4.840000E-1
670	4.869000E-1
680	4.837000E-1
690	4.773000E-1
700	4.675000E-1
710	4.584000E-1
720	4.630000E-1
730	4.847000E-1
"5B 8/4"	""	""	
380	1.628000E-1
390	2.142000E-1
400	3.571000E-1
410	5.441000E-1
420	6.337000E-1
430	6.582000E-1
440	6.741000E-1
450	6.933000E-1
460	7.149000E-1
470	7.398000E-1
480	7.603000E-1
490	7.661000E-1
500	7.573000E-1
510	7.374000E-1
520	7.116000E-1
530	6.830000E-1
540	6.523000E-1
550	6.130000E-1
560	5.624000E-1
570	5.216000E-1
580	5.005000E-1
590	4.858000E-1
600	4.620000E-1
610	4.381000E-1
620	4.223000E-1
630	4.131000E-1
640	4.062000E-1
650	4.039000E-1
660	4.048000E-1
670	4.053000E-1
680	4.026000E-1
690	3.997000E-1
700	3.945000E-1
710	3.896000E-1
720	3.945000E-1
730	4.119000E-1
"5B 9/1"	""	""	
380	1.822000E-1
390	2.262000E-1
400	3.807000E-1
410	6.138000E-1
420	7.543000E-1
430	7.918000E-1
440	8.036000E-1
450	8.135000E-1
460	8.184000E-1
470	8.197000E-1
480	8.191000E-1
490	8.206000E-1
500	8.205000E-1
510	8.198000E-1
520	8.182000E-1
530	8.107000E-1
540	8.000000E-1
550	7.871000E-1
560	7.666000E-1
570	7.506000E-1
580	7.383000E-1
590	7.320000E-1
600	7.254000E-1
610	7.205000E-1
620	7.226000E-1
630	7.339000E-1
640	7.489000E-1
650	7.640000E-1
660	7.733000E-1
670	7.718000E-1
680	7.612000E-1
690	7.498000E-1
700	7.475000E-1
710	7.527000E-1
720	7.622000E-1
730	7.767000E-1
"5B 9/2"	""	""	
380	1.849000E-1
390	2.223000E-1
400	3.787000E-1
410	6.166000E-1
420	7.715000E-1
430	8.185000E-1
440	8.353000E-1
450	8.511000E-1
460	8.683000E-1
470	8.831000E-1
480	8.886000E-1
490	8.887000E-1
500	8.795000E-1
510	8.656000E-1
520	8.513000E-1
530	8.344000E-1
540	8.181000E-1
550	8.040000E-1
560	7.865000E-1
570	7.730000E-1
580	7.542000E-1
590	7.328000E-1
600	7.077000E-1
610	6.885000E-1
620	6.771000E-1
630	6.720000E-1
640	6.686000E-1
650	6.686000E-1
660	6.764000E-1
670	6.931000E-1
680	7.152000E-1
690	7.364000E-1
700	7.553000E-1
710	7.675000E-1
720	7.698000E-1
730	7.743000E-1
"7.5B 2.5/2"	""	""	
380	4.160000E-2
390	4.370000E-2
400	4.690000E-2
410	4.880000E-2
420	4.810000E-2
430	4.910000E-2
440	5.040000E-2
450	5.230000E-2
460	5.670000E-2
470	6.480000E-2
480	7.450000E-2
490	8.040000E-2
500	7.850000E-2
510	6.980000E-2
520	5.810000E-2
530	4.670000E-2
540	3.910000E-2
550	3.550000E-2
560	3.370000E-2
570	3.300000E-2
580	3.260000E-2
590	3.250000E-2
600	3.280000E-2
610	3.370000E-2
620	3.490000E-2
630	3.570000E-2
640	3.640000E-2
650	3.750000E-2
660	3.840000E-2
670	3.890000E-2
680	3.940000E-2
690	3.960000E-2
700	4.010000E-2
710	4.120000E-2
720	4.280000E-2
730	4.480000E-2
"7.5B 3/2"	""	""	
380	5.840000E-2
390	7.000000E-2
400	7.660000E-2
410	8.190000E-2
420	8.180000E-2
430	8.380000E-2
440	8.380000E-2
450	8.580000E-2
460	8.650000E-2
470	8.800000E-2
480	8.800000E-2
490	8.720000E-2
500	8.600000E-2
510	8.340000E-2
520	8.060000E-2
530	7.610000E-2
540	7.080000E-2
550	6.490000E-2
560	5.830000E-2
570	5.390000E-2
580	5.040000E-2
590	4.890000E-2
600	4.770000E-2
610	4.700000E-2
620	4.750000E-2
630	4.730000E-2
640	4.780000E-2
650	4.850000E-2
660	4.870000E-2
670	4.930000E-2
680	4.930000E-2
690	4.900000E-2
700	4.990000E-2
710	5.030000E-2
720	5.210000E-2
730	5.520000E-2
"7.5B 3/4"	""	""	
380	6.300000E-2
390	6.410000E-2
400	7.350000E-2
410	7.830000E-2
420	8.120000E-2
430	8.470000E-2
440	9.070000E-2
450	9.950000E-2
460	1.105000E-1
470	1.269000E-1
480	1.376000E-1
490	1.392000E-1
500	1.295000E-1
510	1.133000E-1
520	9.480000E-2
530	7.720000E-2
540	6.370000E-2
550	5.380000E-2
560	4.720000E-2
570	4.360000E-2
580	4.170000E-2
590	4.110000E-2
600	4.050000E-2
610	4.140000E-2
620	4.230000E-2
630	4.330000E-2
640	4.440000E-2
650	4.520000E-2
660	4.620000E-2
670	4.660000E-2
680	4.640000E-2
690	4.710000E-2
700	4.770000E-2
710	4.890000E-2
720	5.230000E-2
730	5.530000E-2
"7.5B 3/6"	""	""	
380	4.730000E-2
390	5.690000E-2
400	6.530000E-2
410	7.260000E-2
420	7.620000E-2
430	8.280000E-2
440	9.610000E-2
450	1.172000E-1
460	1.440000E-1
470	1.814000E-1
480	2.063000E-1
490	2.069000E-1
500	1.835000E-1
510	1.458000E-1
520	1.059000E-1
530	7.400000E-2
540	5.450000E-2
550	4.400000E-2
560	3.820000E-2
570	3.560000E-2
580	3.420000E-2
590	3.350000E-2
600	3.320000E-2
610	3.360000E-2
620	3.430000E-2
630	3.480000E-2
640	3.530000E-2
650	3.590000E-2
660	3.610000E-2
670	3.630000E-2
680	3.630000E-2
690	3.630000E-2
700	3.680000E-2
710	3.830000E-2
720	4.050000E-2
730	4.380000E-2
"7.5B 4/2"	""	""	
380	8.670000E-2
390	1.063000E-1
400	1.340000E-1
410	1.478000E-1
420	1.498000E-1
430	1.499000E-1
440	1.496000E-1
450	1.491000E-1
460	1.481000E-1
470	1.473000E-1
480	1.459000E-1
490	1.444000E-1
500	1.425000E-1
510	1.402000E-1
520	1.375000E-1
530	1.337000E-1
540	1.296000E-1
550	1.245000E-1
560	1.166000E-1
570	1.090000E-1
580	1.028000E-1
590	9.900000E-2
600	9.560000E-2
610	9.300000E-2
620	9.160000E-2
630	9.060000E-2
640	8.990000E-2
650	9.120000E-2
660	9.270000E-2
670	9.310000E-2
680	9.110000E-2
690	8.840000E-2
700	8.570000E-2
710	8.430000E-2
720	8.620000E-2
730	9.220000E-2
"7.5B 4/4"	""	""	
380	8.890000E-2
390	1.152000E-1
400	1.497000E-1
410	1.735000E-1
420	1.787000E-1
430	1.818000E-1
440	1.846000E-1
450	1.867000E-1
460	1.865000E-1
470	1.853000E-1
480	1.831000E-1
490	1.809000E-1
500	1.773000E-1
510	1.724000E-1
520	1.653000E-1
530	1.549000E-1
540	1.419000E-1
550	1.262000E-1
560	1.086000E-1
570	9.460000E-2
580	8.500000E-2
590	7.970000E-2
600	7.560000E-2
610	7.270000E-2
620	7.160000E-2
630	7.100000E-2
640	7.110000E-2
650	7.230000E-2
660	7.410000E-2
670	7.490000E-2
680	7.340000E-2
690	7.120000E-2
700	6.910000E-2
710	6.810000E-2
720	7.010000E-2
730	7.590000E-2
"7.5B 4/6"	""	""	
380	8.550000E-2
390	1.093000E-1
400	1.471000E-1
410	1.765000E-1
420	1.869000E-1
430	1.977000E-1
440	2.107000E-1
450	2.240000E-1
460	2.319000E-1
470	2.383000E-1
480	2.390000E-1
490	2.355000E-1
500	2.271000E-1
510	2.132000E-1
520	1.936000E-1
530	1.683000E-1
540	1.413000E-1
550	1.151000E-1
560	9.180000E-2
570	7.600000E-2
580	6.690000E-2
590	6.200000E-2
600	5.870000E-2
610	5.670000E-2
620	5.620000E-2
630	5.610000E-2
640	5.640000E-2
650	5.750000E-2
660	5.870000E-2
670	5.930000E-2
680	5.850000E-2
690	5.710000E-2
700	5.610000E-2
710	5.640000E-2
720	5.840000E-2
730	6.310000E-2
"7.5B 4/8"	""	""	
380	7.550000E-2
390	9.370000E-2
400	1.225000E-1
410	1.500000E-1
420	1.640000E-1
430	1.817000E-1
440	2.095000E-1
450	2.452000E-1
460	2.810000E-1
470	3.232000E-1
480	3.459000E-1
490	3.427000E-1
500	3.126000E-1
510	2.659000E-1
520	2.131000E-1
530	1.625000E-1
540	1.215000E-1
550	9.040000E-2
560	6.830000E-2
570	5.600000E-2
580	5.000000E-2
590	4.720000E-2
600	4.570000E-2
610	4.530000E-2
620	4.570000E-2
630	4.620000E-2
640	4.670000E-2
650	4.760000E-2
660	4.820000E-2
670	4.850000E-2
680	4.820000E-2
690	4.800000E-2
700	4.830000E-2
710	4.940000E-2
720	5.160000E-2
730	5.540000E-2
"7.5B 5/2"	""	""	
380	1.087000E-1
390	1.387000E-1
400	1.958000E-1
410	2.262000E-1
420	2.352000E-1
430	2.349000E-1
440	2.355000E-1
450	2.352000E-1
460	2.340000E-1
470	2.339000E-1
480	2.314000E-1
490	2.306000E-1
500	2.281000E-1
510	2.255000E-1
520	2.229000E-1
530	2.184000E-1
540	2.132000E-1
550	2.061000E-1
560	1.960000E-1
570	1.861000E-1
580	1.763000E-1
590	1.698000E-1
600	1.627000E-1
610	1.574000E-1
620	1.546000E-1
630	1.525000E-1
640	1.518000E-1
650	1.525000E-1
660	1.539000E-1
670	1.554000E-1
680	1.538000E-1
690	1.506000E-1
700	1.477000E-1
710	1.440000E-1
720	1.446000E-1
730	1.513000E-1
"7.5B 5/4"	""	""	
380	1.055000E-1
390	1.526000E-1
400	2.164000E-1
410	2.656000E-1
420	2.758000E-1
430	2.780000E-1
440	2.811000E-1
450	2.825000E-1
460	2.824000E-1
470	2.806000E-1
480	2.773000E-1
490	2.739000E-1
500	2.693000E-1
510	2.631000E-1
520	2.539000E-1
530	2.409000E-1
540	2.251000E-1
550	2.072000E-1
560	1.860000E-1
570	1.678000E-1
580	1.534000E-1
590	1.429000E-1
600	1.327000E-1
610	1.242000E-1
620	1.202000E-1
630	1.187000E-1
640	1.188000E-1
650	1.215000E-1
660	1.264000E-1
670	1.287000E-1
680	1.258000E-1
690	1.208000E-1
700	1.143000E-1
710	1.097000E-1
720	1.125000E-1
730	1.241000E-1
"7.5B 5/6"	""	""	
380	1.152000E-1
390	1.568000E-1
400	2.246000E-1
410	2.818000E-1
420	2.998000E-1
430	3.098000E-1
440	3.202000E-1
450	3.288000E-1
460	3.308000E-1
470	3.311000E-1
480	3.279000E-1
490	3.239000E-1
500	3.165000E-1
510	3.052000E-1
520	2.890000E-1
530	2.654000E-1
540	2.366000E-1
550	2.040000E-1
560	1.697000E-1
570	1.431000E-1
580	1.257000E-1
590	1.155000E-1
600	1.078000E-1
610	1.021000E-1
620	9.940000E-2
630	9.840000E-2
640	9.800000E-2
650	9.970000E-2
660	1.035000E-1
670	1.047000E-1
680	1.022000E-1
690	9.850000E-2
700	9.390000E-2
710	9.110000E-2
720	9.330000E-2
730	1.021000E-1
"7.5B 5/8"	""	""	
380	1.137000E-1
390	1.505000E-1
400	2.187000E-1
410	2.802000E-1
420	3.046000E-1
430	3.266000E-1
440	3.538000E-1
450	3.816000E-1
460	4.002000E-1
470	4.149000E-1
480	4.182000E-1
490	4.119000E-1
500	3.950000E-1
510	3.677000E-1
520	3.303000E-1
530	2.842000E-1
540	2.366000E-1
550	1.914000E-1
560	1.506000E-1
570	1.226000E-1
580	1.056000E-1
590	9.610000E-2
600	8.870000E-2
610	8.360000E-2
620	8.130000E-2
630	8.050000E-2
640	8.010000E-2
650	8.170000E-2
660	8.420000E-2
670	8.540000E-2
680	8.390000E-2
690	8.130000E-2
700	7.820000E-2
710	7.660000E-2
720	7.910000E-2
730	8.550000E-2
"7.5B 5/10"	""	""	
380	1.045000E-1
390	1.348000E-1
400	1.927000E-1
410	2.519000E-1
420	2.793000E-1
430	3.081000E-1
440	3.503000E-1
450	3.990000E-1
460	4.390000E-1
470	4.770000E-1
480	4.913000E-1
490	4.799000E-1
500	4.456000E-1
510	3.950000E-1
520	3.358000E-1
530	2.742000E-1
540	2.196000E-1
550	1.732000E-1
560	1.349000E-1
570	1.096000E-1
580	9.460000E-2
590	8.610000E-2
600	7.980000E-2
610	7.550000E-2
620	7.360000E-2
630	7.300000E-2
640	7.290000E-2
650	7.360000E-2
660	7.570000E-2
670	7.690000E-2
680	7.610000E-2
690	7.460000E-2
700	7.260000E-2
710	7.120000E-2
720	7.400000E-2
730	7.980000E-2
"7.5B 6/2"	""	""	
380	1.234000E-1
390	1.695000E-1
400	2.572000E-1
410	3.251000E-1
420	3.417000E-1
430	3.434000E-1
440	3.430000E-1
450	3.423000E-1
460	3.413000E-1
470	3.396000E-1
480	3.374000E-1
490	3.355000E-1
500	3.328000E-1
510	3.295000E-1
520	3.263000E-1
530	3.211000E-1
540	3.149000E-1
550	3.077000E-1
560	2.961000E-1
570	2.847000E-1
580	2.732000E-1
590	2.652000E-1
600	2.577000E-1
610	2.515000E-1
620	2.482000E-1
630	2.465000E-1
640	2.463000E-1
650	2.486000E-1
660	2.522000E-1
670	2.532000E-1
680	2.499000E-1
690	2.448000E-1
700	2.387000E-1
710	2.342000E-1
720	2.359000E-1
730	2.455000E-1
"7.5B 6/4"	""	""	
380	1.243000E-1
390	1.748000E-1
400	2.653000E-1
410	3.487000E-1
420	3.732000E-1
430	3.797000E-1
440	3.855000E-1
450	3.891000E-1
460	3.901000E-1
470	3.890000E-1
480	3.860000E-1
490	3.830000E-1
500	3.781000E-1
510	3.713000E-1
520	3.622000E-1
530	3.491000E-1
540	3.323000E-1
550	3.107000E-1
560	2.823000E-1
570	2.569000E-1
580	2.379000E-1
590	2.253000E-1
600	2.133000E-1
610	2.034000E-1
620	1.987000E-1
630	1.966000E-1
640	1.963000E-1
650	1.992000E-1
660	2.045000E-1
670	2.071000E-1
680	2.028000E-1
690	1.960000E-1
700	1.876000E-1
710	1.804000E-1
720	1.830000E-1
730	1.961000E-1
"7.5B 6/6"	""	""	
380	1.245000E-1
390	1.792000E-1
400	2.812000E-1
410	3.845000E-1
420	4.236000E-1
430	4.406000E-1
440	4.601000E-1
450	4.743000E-1
460	4.810000E-1
470	4.814000E-1
480	4.754000E-1
490	4.702000E-1
500	4.619000E-1
510	4.434000E-1
520	4.172000E-1
530	3.924000E-1
540	3.617000E-1
550	3.175000E-1
560	2.711000E-1
570	2.372000E-1
580	2.124000E-1
590	1.965000E-1
600	1.823000E-1
610	1.717000E-1
620	1.669000E-1
630	1.648000E-1
640	1.650000E-1
650	1.682000E-1
660	1.745000E-1
670	1.779000E-1
680	1.739000E-1
690	1.667000E-1
700	1.584000E-1
710	1.510000E-1
720	1.532000E-1
730	1.690000E-1
"7.5B 6/8"	""	""	
380	1.368000E-1
390	1.801000E-1
400	2.960000E-1
410	4.120000E-1
420	4.621000E-1
430	4.880000E-1
440	5.180000E-1
450	5.450000E-1
460	5.575000E-1
470	5.655000E-1
480	5.634000E-1
490	5.561000E-1
500	5.394000E-1
510	5.126000E-1
520	4.747000E-1
530	4.239000E-1
540	3.679000E-1
550	3.092000E-1
560	2.506000E-1
570	2.067000E-1
580	1.778000E-1
590	1.620000E-1
600	1.498000E-1
610	1.409000E-1
620	1.380000E-1
630	1.368000E-1
640	1.367000E-1
650	1.409000E-1
660	1.471000E-1
670	1.500000E-1
680	1.469000E-1
690	1.401000E-1
700	1.324000E-1
710	1.280000E-1
720	1.313000E-1
730	1.480000E-1
"7.5B 6/10"	""	""	
380	1.434000E-1
390	1.880000E-1
400	2.886000E-1
410	3.916000E-1
420	4.364000E-1
430	4.723000E-1
440	5.179000E-1
450	5.669000E-1
460	6.023000E-1
470	6.325000E-1
480	6.422000E-1
490	6.322000E-1
500	6.018000E-1
510	5.536000E-1
520	4.917000E-1
530	4.213000E-1
540	3.528000E-1
550	2.882000E-1
560	2.291000E-1
570	1.870000E-1
580	1.609000E-1
590	1.456000E-1
600	1.335000E-1
610	1.244000E-1
620	1.203000E-1
630	1.187000E-1
640	1.181000E-1
650	1.206000E-1
660	1.254000E-1
670	1.280000E-1
680	1.256000E-1
690	1.208000E-1
700	1.147000E-1
710	1.102000E-1
720	1.132000E-1
730	1.247000E-1
"7.5B 7/2"	""	""	
380	1.564000E-1
390	2.052000E-1
400	3.270000E-1
410	4.456000E-1
420	4.838000E-1
430	4.889000E-1
440	4.877000E-1
450	4.871000E-1
460	4.852000E-1
470	4.836000E-1
480	4.803000E-1
490	4.786000E-1
500	4.756000E-1
510	4.716000E-1
520	4.681000E-1
530	4.616000E-1
540	4.542000E-1
550	4.450000E-1
560	4.296000E-1
570	4.147000E-1
580	4.001000E-1
590	3.908000E-1
600	3.822000E-1
610	3.756000E-1
620	3.726000E-1
630	3.699000E-1
640	3.678000E-1
650	3.702000E-1
660	3.739000E-1
670	3.733000E-1
680	3.675000E-1
690	3.595000E-1
700	3.506000E-1
710	3.458000E-1
720	3.509000E-1
730	3.663000E-1
"7.5B 7/4"	""	""	
380	1.571000E-1
390	2.137000E-1
400	3.474000E-1
410	4.863000E-1
420	5.346000E-1
430	5.458000E-1
440	5.506000E-1
450	5.539000E-1
460	5.543000E-1
470	5.531000E-1
480	5.500000E-1
490	5.473000E-1
500	5.423000E-1
510	5.350000E-1
520	5.257000E-1
530	5.094000E-1
540	4.879000E-1
550	4.600000E-1
560	4.217000E-1
570	3.860000E-1
580	3.571000E-1
590	3.389000E-1
600	3.231000E-1
610	3.107000E-1
620	3.058000E-1
630	3.045000E-1
640	3.054000E-1
650	3.119000E-1
660	3.208000E-1
670	3.235000E-1
680	3.178000E-1
690	3.076000E-1
700	2.956000E-1
710	2.884000E-1
720	2.952000E-1
730	3.182000E-1
"7.5B 7/6"	""	""	
380	1.595000E-1
390	2.118000E-1
400	3.551000E-1
410	5.122000E-1
420	5.766000E-1
430	5.982000E-1
440	6.147000E-1
450	6.283000E-1
460	6.329000E-1
470	6.354000E-1
480	6.326000E-1
490	6.289000E-1
500	6.198000E-1
510	6.051000E-1
520	5.834000E-1
530	5.497000E-1
540	5.072000E-1
550	4.568000E-1
560	3.980000E-1
570	3.481000E-1
580	3.116000E-1
590	2.893000E-1
600	2.708000E-1
610	2.570000E-1
620	2.519000E-1
630	2.509000E-1
640	2.523000E-1
650	2.594000E-1
660	2.692000E-1
670	2.728000E-1
680	2.675000E-1
690	2.571000E-1
700	2.444000E-1
710	2.375000E-1
720	2.451000E-1
730	2.713000E-1
"7.5B 7/8"	""	""	
380	1.525000E-1
390	1.976000E-1
400	3.338000E-1
410	5.082000E-1
420	5.948000E-1
430	6.332000E-1
440	6.698000E-1
450	7.071000E-1
460	7.314000E-1
470	7.507000E-1
480	7.549000E-1
490	7.468000E-1
500	7.240000E-1
510	6.864000E-1
520	6.360000E-1
530	5.731000E-1
540	5.055000E-1
550	4.362000E-1
560	3.652000E-1
570	3.090000E-1
580	2.691000E-1
590	2.442000E-1
600	2.241000E-1
610	2.093000E-1
620	2.027000E-1
630	2.006000E-1
640	2.009000E-1
650	2.059000E-1
660	2.140000E-1
670	2.172000E-1
680	2.126000E-1
690	2.042000E-1
700	1.934000E-1
710	1.860000E-1
720	1.911000E-1
730	2.130000E-1
"7.5B 8/2"	""	""	
380	1.778000E-1
390	2.263000E-1
400	3.836000E-1
410	5.659000E-1
420	6.442000E-1
430	6.580000E-1
440	6.606000E-1
450	6.621000E-1
460	6.622000E-1
470	6.620000E-1
480	6.595000E-1
490	6.585000E-1
500	6.558000E-1
510	6.519000E-1
520	6.485000E-1
530	6.407000E-1
540	6.313000E-1
550	6.201000E-1
560	6.001000E-1
570	5.816000E-1
580	5.636000E-1
590	5.518000E-1
600	5.414000E-1
610	5.325000E-1
620	5.289000E-1
630	5.277000E-1
640	5.285000E-1
650	5.339000E-1
660	5.413000E-1
670	5.431000E-1
680	5.389000E-1
690	5.317000E-1
700	5.218000E-1
710	5.158000E-1
720	5.220000E-1
730	5.411000E-1
"7.5B 8/4"	""	""	
380	1.754000E-1
390	2.339000E-1
400	3.936000E-1
410	6.000000E-1
420	7.000000E-1
430	7.271000E-1
440	7.397000E-1
450	7.505000E-1
460	7.561000E-1
470	7.594000E-1
480	7.586000E-1
490	7.580000E-1
500	7.529000E-1
510	7.439000E-1
520	7.307000E-1
530	7.072000E-1
540	6.761000E-1
550	6.371000E-1
560	5.871000E-1
570	5.437000E-1
580	5.093000E-1
590	4.874000E-1
600	4.682000E-1
610	4.532000E-1
620	4.465000E-1
630	4.437000E-1
640	4.431000E-1
650	4.493000E-1
660	4.596000E-1
670	4.642000E-1
680	4.590000E-1
690	4.482000E-1
700	4.337000E-1
710	4.222000E-1
720	4.275000E-1
730	4.520000E-1
"7.5B 9/2"	""	""	
380	1.860000E-1
390	2.242000E-1
400	3.907000E-1
410	6.380000E-1
420	7.870000E-1
430	8.279000E-1
440	8.400000E-1
450	8.495000E-1
460	8.561000E-1
470	8.608000E-1
480	8.622000E-1
490	8.638000E-1
500	8.617000E-1
510	8.570000E-1
520	8.505000E-1
530	8.388000E-1
540	8.263000E-1
550	8.102000E-1
560	7.835000E-1
570	7.607000E-1
580	7.410000E-1
590	7.298000E-1
600	7.188000E-1
610	7.093000E-1
620	7.048000E-1
630	7.034000E-1
640	7.047000E-1
650	7.127000E-1
660	7.237000E-1
670	7.289000E-1
680	7.255000E-1
690	7.174000E-1
700	7.060000E-1
710	6.967000E-1
720	7.014000E-1
730	7.248000E-1
"10B 2.5/1"	""	""	
380	4.330000E-2
390	4.700000E-2
400	5.010000E-2
410	5.170000E-2
420	5.200000E-2
430	5.310000E-2
440	5.400000E-2
450	5.550000E-2
460	5.760000E-2
470	6.030000E-2
480	6.190000E-2
490	6.100000E-2
500	5.790000E-2
510	5.370000E-2
520	4.930000E-2
530	4.580000E-2
540	4.370000E-2
550	4.250000E-2
560	4.140000E-2
570	4.090000E-2
580	4.050000E-2
590	4.020000E-2
600	3.970000E-2
610	3.940000E-2
620	3.900000E-2
630	3.890000E-2
640	3.880000E-2
650	3.900000E-2
660	3.940000E-2
670	4.020000E-2
680	4.130000E-2
690	4.320000E-2
700	4.620000E-2
710	4.960000E-2
720	5.290000E-2
730	5.610000E-2
"10B 2.5/2"	""	""	
380	4.750000E-2
390	4.670000E-2
400	5.050000E-2
410	4.990000E-2
420	4.960000E-2
430	5.010000E-2
440	5.040000E-2
450	5.190000E-2
460	5.480000E-2
470	6.360000E-2
480	7.630000E-2
490	8.530000E-2
500	8.050000E-2
510	6.570000E-2
520	4.990000E-2
530	3.970000E-2
540	3.570000E-2
550	3.430000E-2
560	3.340000E-2
570	3.320000E-2
580	3.320000E-2
590	3.350000E-2
600	3.400000E-2
610	3.540000E-2
620	3.690000E-2
630	3.800000E-2
640	3.940000E-2
650	4.050000E-2
660	4.110000E-2
670	4.140000E-2
680	4.160000E-2
690	4.210000E-2
700	4.320000E-2
710	4.500000E-2
720	4.740000E-2
730	4.950000E-2
"10B 2.5/4"	""	""	
380	4.220000E-2
390	4.930000E-2
400	5.150000E-2
410	5.520000E-2
420	5.740000E-2
430	6.020000E-2
440	6.450000E-2
450	7.160000E-2
460	8.530000E-2
470	1.092000E-1
480	1.259000E-1
490	1.195000E-1
500	9.580000E-2
510	7.300000E-2
520	5.810000E-2
530	4.890000E-2
540	4.320000E-2
550	3.960000E-2
560	3.680000E-2
570	3.500000E-2
580	3.370000E-2
590	3.260000E-2
600	3.230000E-2
610	3.250000E-2
620	3.280000E-2
630	3.330000E-2
640	3.370000E-2
650	3.460000E-2
660	3.560000E-2
670	3.690000E-2
680	3.780000E-2
690	3.850000E-2
700	3.960000E-2
710	4.050000E-2
720	4.080000E-2
730	4.180000E-2
"10B 3/1"	""	""	
380	6.050000E-2
390	7.100000E-2
400	7.630000E-2
410	8.020000E-2
420	8.020000E-2
430	7.920000E-2
440	7.820000E-2
450	7.760000E-2
460	7.660000E-2
470	7.580000E-2
480	7.490000E-2
490	7.410000E-2
500	7.290000E-2
510	7.160000E-2
520	7.040000E-2
530	6.900000E-2
540	6.710000E-2
550	6.540000E-2
560	6.310000E-2
570	6.140000E-2
580	6.010000E-2
590	5.920000E-2
600	5.840000E-2
610	5.790000E-2
620	5.740000E-2
630	5.740000E-2
640	5.760000E-2
650	5.750000E-2
660	5.730000E-2
670	5.700000E-2
680	5.640000E-2
690	5.570000E-2
700	5.580000E-2
710	5.640000E-2
720	5.680000E-2
730	5.710000E-2
"10B 3/2"	""	""	
380	5.740000E-2
390	6.830000E-2
400	7.770000E-2
410	8.390000E-2
420	8.400000E-2
430	8.520000E-2
440	8.690000E-2
450	9.000000E-2
460	9.080000E-2
470	9.030000E-2
480	8.880000E-2
490	8.700000E-2
500	8.560000E-2
510	8.590000E-2
520	8.390000E-2
530	7.600000E-2
540	6.750000E-2
550	6.110000E-2
560	5.620000E-2
570	5.360000E-2
580	5.220000E-2
590	5.140000E-2
600	5.080000E-2
610	5.070000E-2
620	5.130000E-2
630	5.250000E-2
640	5.390000E-2
650	5.530000E-2
660	5.580000E-2
670	5.510000E-2
680	5.320000E-2
690	5.210000E-2
700	5.260000E-2
710	5.380000E-2
720	5.520000E-2
730	5.810000E-2
"10B 3/4"	""	""	
380	6.360000E-2
390	7.180000E-2
400	8.290000E-2
410	9.200000E-2
420	9.530000E-2
430	1.001000E-1
440	1.065000E-1
450	1.149000E-1
460	1.214000E-1
470	1.275000E-1
480	1.294000E-1
490	1.270000E-1
500	1.202000E-1
510	1.097000E-1
520	9.610000E-2
530	8.130000E-2
540	6.810000E-2
550	5.740000E-2
560	4.940000E-2
570	4.510000E-2
580	4.320000E-2
590	4.260000E-2
600	4.260000E-2
610	4.360000E-2
620	4.500000E-2
630	4.610000E-2
640	4.730000E-2
650	4.820000E-2
660	4.880000E-2
670	4.860000E-2
680	4.870000E-2
690	4.900000E-2
700	5.000000E-2
710	5.250000E-2
720	5.540000E-2
730	5.870000E-2
"10B 3/6"	""	""	
380	5.340000E-2
390	6.140000E-2
400	7.670000E-2
410	8.660000E-2
420	9.180000E-2
430	9.950000E-2
440	1.138000E-1
450	1.330000E-1
460	1.518000E-1
470	1.734000E-1
480	1.841000E-1
490	1.790000E-1
500	1.598000E-1
510	1.324000E-1
520	1.032000E-1
530	7.830000E-2
540	6.080000E-2
550	4.910000E-2
560	4.120000E-2
570	3.710000E-2
580	3.500000E-2
590	3.410000E-2
600	3.410000E-2
610	3.480000E-2
620	3.550000E-2
630	3.630000E-2
640	3.690000E-2
650	3.740000E-2
660	3.790000E-2
670	3.780000E-2
680	3.780000E-2
690	3.790000E-2
700	3.860000E-2
710	4.000000E-2
720	4.290000E-2
730	4.570000E-2
"10B 4/1"	""	""	
380	7.940000E-2
390	1.033000E-1
400	1.211000E-1
410	1.294000E-1
420	1.290000E-1
430	1.279000E-1
440	1.286000E-1
450	1.290000E-1
460	1.296000E-1
470	1.305000E-1
480	1.313000E-1
490	1.311000E-1
500	1.290000E-1
510	1.269000E-1
520	1.259000E-1
530	1.241000E-1
540	1.213000E-1
550	1.168000E-1
560	1.085000E-1
570	1.011000E-1
580	1.035000E-1
590	1.136000E-1
600	1.148000E-1
610	1.097000E-1
620	1.066000E-1
630	1.055000E-1
640	1.057000E-1
650	1.079000E-1
660	1.122000E-1
670	1.139000E-1
680	1.111000E-1
690	1.065000E-1
700	1.010000E-1
710	9.730000E-2
720	9.980000E-2
730	1.105000E-1
"10B 4/2"	""	""	
380	9.120000E-2
390	1.090000E-1
400	1.396000E-1
410	1.533000E-1
420	1.549000E-1
430	1.551000E-1
440	1.536000E-1
450	1.532000E-1
460	1.515000E-1
470	1.499000E-1
480	1.484000E-1
490	1.458000E-1
500	1.432000E-1
510	1.400000E-1
520	1.362000E-1
530	1.316000E-1
540	1.275000E-1
550	1.234000E-1
560	1.174000E-1
570	1.115000E-1
580	1.067000E-1
590	1.040000E-1
600	1.008000E-1
610	9.790000E-2
620	9.630000E-2
630	9.520000E-2
640	9.540000E-2
650	9.720000E-2
660	9.890000E-2
670	9.930000E-2
680	9.840000E-2
690	9.640000E-2
700	9.340000E-2
710	9.210000E-2
720	9.350000E-2
730	9.730000E-2
"10B 4/4"	""	""	
380	8.520000E-2
390	1.116000E-1
400	1.480000E-1
410	1.732000E-1
420	1.790000E-1
430	1.832000E-1
440	1.877000E-1
450	1.917000E-1
460	1.912000E-1
470	1.900000E-1
480	1.870000E-1
490	1.828000E-1
500	1.773000E-1
510	1.706000E-1
520	1.614000E-1
530	1.484000E-1
540	1.340000E-1
550	1.196000E-1
560	1.050000E-1
570	9.430000E-2
580	8.710000E-2
590	8.230000E-2
600	7.820000E-2
610	7.510000E-2
620	7.350000E-2
630	7.300000E-2
640	7.300000E-2
650	7.420000E-2
660	7.660000E-2
670	7.750000E-2
680	7.650000E-2
690	7.450000E-2
700	7.230000E-2
710	7.130000E-2
720	7.370000E-2
730	8.060000E-2
"10B 4/6"	""	""	
380	8.370000E-2
390	1.119000E-1
400	1.532000E-1
410	1.886000E-1
420	1.997000E-1
430	2.097000E-1
440	2.212000E-1
450	2.313000E-1
460	2.321000E-1
470	2.301000E-1
480	2.257000E-1
490	2.182000E-1
500	2.080000E-1
510	1.944000E-1
520	1.763000E-1
530	1.547000E-1
540	1.330000E-1
550	1.121000E-1
560	9.240000E-2
570	7.860000E-2
580	7.020000E-2
590	6.560000E-2
600	6.230000E-2
610	6.010000E-2
620	5.960000E-2
630	5.950000E-2
640	5.980000E-2
650	6.100000E-2
660	6.230000E-2
670	6.250000E-2
680	6.190000E-2
690	6.050000E-2
700	5.920000E-2
710	5.950000E-2
720	6.240000E-2
730	6.700000E-2
"10B 4/8"	""	""	
380	8.380000E-2
390	1.039000E-1
400	1.406000E-1
410	1.750000E-1
420	1.910000E-1
430	2.113000E-1
440	2.432000E-1
450	2.804000E-1
460	3.096000E-1
470	3.357000E-1
480	3.430000E-1
490	3.308000E-1
500	3.021000E-1
510	2.609000E-1
520	2.134000E-1
530	1.666000E-1
540	1.273000E-1
550	9.700000E-2
560	7.460000E-2
570	6.200000E-2
580	5.580000E-2
590	5.310000E-2
600	5.170000E-2
610	5.150000E-2
620	5.220000E-2
630	5.290000E-2
640	5.370000E-2
650	5.450000E-2
660	5.510000E-2
670	5.520000E-2
680	5.480000E-2
690	5.470000E-2
700	5.510000E-2
710	5.740000E-2
720	6.010000E-2
730	6.400000E-2
"10B 5/1"	""	""	
380	9.960000E-2
390	1.313000E-1
400	1.737000E-1
410	1.998000E-1
420	2.069000E-1
430	2.111000E-1
440	2.152000E-1
450	2.185000E-1
460	2.181000E-1
470	2.164000E-1
480	2.143000E-1
490	2.126000E-1
500	2.110000E-1
510	2.092000E-1
520	2.062000E-1
530	2.007000E-1
540	1.958000E-1
550	1.927000E-1
560	1.870000E-1
570	1.823000E-1
580	1.807000E-1
590	1.806000E-1
600	1.791000E-1
610	1.773000E-1
620	1.766000E-1
630	1.772000E-1
640	1.783000E-1
650	1.796000E-1
660	1.801000E-1
670	1.793000E-1
680	1.772000E-1
690	1.745000E-1
700	1.739000E-1
710	1.751000E-1
720	1.772000E-1
730	1.799000E-1
"10B 5/2"	""	""	
380	1.143000E-1
390	1.518000E-1
400	2.057000E-1
410	2.380000E-1
420	2.446000E-1
430	2.444000E-1
440	2.435000E-1
450	2.426000E-1
460	2.414000E-1
470	2.393000E-1
480	2.368000E-1
490	2.348000E-1
500	2.314000E-1
510	2.276000E-1
520	2.231000E-1
530	2.167000E-1
540	2.101000E-1
550	2.026000E-1
560	1.924000E-1
570	1.840000E-1
580	1.789000E-1
590	1.764000E-1
600	1.739000E-1
610	1.714000E-1
620	1.708000E-1
630	1.731000E-1
640	1.768000E-1
650	1.802000E-1
660	1.823000E-1
670	1.809000E-1
680	1.773000E-1
690	1.727000E-1
700	1.711000E-1
710	1.719000E-1
720	1.738000E-1
730	1.766000E-1
"10B 5/4"	""	""	
380	1.148000E-1
390	1.579000E-1
400	2.226000E-1
410	2.689000E-1
420	2.812000E-1
430	2.845000E-1
440	2.862000E-1
450	2.879000E-1
460	2.884000E-1
470	2.863000E-1
480	2.833000E-1
490	2.793000E-1
500	2.735000E-1
510	2.652000E-1
520	2.543000E-1
530	2.391000E-1
540	2.215000E-1
550	2.015000E-1
560	1.789000E-1
570	1.618000E-1
580	1.522000E-1
590	1.477000E-1
600	1.437000E-1
610	1.402000E-1
620	1.403000E-1
630	1.457000E-1
640	1.539000E-1
650	1.614000E-1
660	1.664000E-1
670	1.652000E-1
680	1.578000E-1
690	1.505000E-1
700	1.482000E-1
710	1.501000E-1
720	1.545000E-1
730	1.610000E-1
"10B 5/6"	""	""	
380	1.109000E-1
390	1.526000E-1
400	2.285000E-1
410	2.926000E-1
420	3.131000E-1
430	3.221000E-1
440	3.313000E-1
450	3.379000E-1
460	3.369000E-1
470	3.331000E-1
480	3.271000E-1
490	3.177000E-1
500	3.050000E-1
510	2.894000E-1
520	2.697000E-1
530	2.459000E-1
540	2.230000E-1
550	1.994000E-1
560	1.719000E-1
570	1.492000E-1
580	1.339000E-1
590	1.248000E-1
600	1.172000E-1
610	1.111000E-1
620	1.081000E-1
630	1.067000E-1
640	1.068000E-1
650	1.091000E-1
660	1.128000E-1
670	1.145000E-1
680	1.126000E-1
690	1.085000E-1
700	1.036000E-1
710	1.003000E-1
720	1.022000E-1
730	1.111000E-1
"10B 5/8"	""	""	
380	1.162000E-1
390	1.626000E-1
400	2.338000E-1
410	2.986000E-1
420	3.267000E-1
430	3.457000E-1
440	3.705000E-1
450	4.013000E-1
460	4.264000E-1
470	4.431000E-1
480	4.444000E-1
490	4.322000E-1
500	4.060000E-1
510	3.682000E-1
520	3.227000E-1
530	2.718000E-1
540	2.231000E-1
550	1.804000E-1
560	1.445000E-1
570	1.220000E-1
580	1.110000E-1
590	1.053000E-1
600	1.000000E-1
610	9.630000E-2
620	9.610000E-2
630	9.980000E-2
640	1.060000E-1
650	1.121000E-1
660	1.163000E-1
670	1.167000E-1
680	1.118000E-1
690	1.057000E-1
700	1.045000E-1
710	1.073000E-1
720	1.111000E-1
730	1.171000E-1
"10B 5/10"	""	""	
380	1.081000E-1
390	1.358000E-1
400	2.045000E-1
410	2.784000E-1
420	3.124000E-1
430	3.481000E-1
440	4.040000E-1
450	4.670000E-1
460	4.996000E-1
470	5.184000E-1
480	5.127000E-1
490	4.859000E-1
500	4.430000E-1
510	3.879000E-1
520	3.254000E-1
530	2.629000E-1
540	2.088000E-1
550	1.636000E-1
560	1.266000E-1
570	1.025000E-1
580	8.850000E-2
590	8.090000E-2
600	7.550000E-2
610	7.210000E-2
620	7.040000E-2
630	7.020000E-2
640	7.010000E-2
650	7.140000E-2
660	7.350000E-2
670	7.440000E-2
680	7.310000E-2
690	7.130000E-2
700	6.910000E-2
710	6.850000E-2
720	7.120000E-2
730	7.790000E-2
"10B 6/1"	""	""	
380	1.316000E-1
390	1.677000E-1
400	2.542000E-1
410	3.192000E-1
420	3.334000E-1
430	3.339000E-1
440	3.306000E-1
450	3.290000E-1
460	3.268000E-1
470	3.239000E-1
480	3.214000E-1
490	3.187000E-1
500	3.163000E-1
510	3.155000E-1
520	3.155000E-1
530	3.128000E-1
540	3.083000E-1
550	3.036000E-1
560	2.974000E-1
570	2.933000E-1
580	2.885000E-1
590	2.855000E-1
600	2.828000E-1
610	2.800000E-1
620	2.784000E-1
630	2.784000E-1
640	2.780000E-1
650	2.778000E-1
660	2.772000E-1
670	2.744000E-1
680	2.707000E-1
690	2.671000E-1
700	2.648000E-1
710	2.645000E-1
720	2.655000E-1
730	2.684000E-1
"10B 6/2"	""	""	
380	1.304000E-1
390	1.775000E-1
400	2.678000E-1
410	3.354000E-1
420	3.522000E-1
430	3.542000E-1
440	3.529000E-1
450	3.527000E-1
460	3.520000E-1
470	3.502000E-1
480	3.477000E-1
490	3.455000E-1
500	3.421000E-1
510	3.384000E-1
520	3.339000E-1
530	3.269000E-1
540	3.182000E-1
550	3.079000E-1
560	2.937000E-1
570	2.822000E-1
580	2.741000E-1
590	2.700000E-1
600	2.658000E-1
610	2.625000E-1
620	2.623000E-1
630	2.659000E-1
640	2.708000E-1
650	2.749000E-1
660	2.773000E-1
670	2.755000E-1
680	2.698000E-1
690	2.636000E-1
700	2.613000E-1
710	2.624000E-1
720	2.648000E-1
730	2.693000E-1
"10B 6/4"	""	""	
380	1.289000E-1
390	1.784000E-1
400	2.817000E-1
410	3.695000E-1
420	3.970000E-1
430	4.027000E-1
440	4.051000E-1
450	4.085000E-1
460	4.090000E-1
470	4.072000E-1
480	4.039000E-1
490	3.998000E-1
500	3.935000E-1
510	3.842000E-1
520	3.721000E-1
530	3.542000E-1
540	3.326000E-1
550	3.075000E-1
560	2.778000E-1
570	2.545000E-1
580	2.410000E-1
590	2.346000E-1
600	2.286000E-1
610	2.236000E-1
620	2.243000E-1
630	2.322000E-1
640	2.432000E-1
650	2.529000E-1
660	2.591000E-1
670	2.578000E-1
680	2.482000E-1
690	2.383000E-1
700	2.349000E-1
710	2.374000E-1
720	2.427000E-1
730	2.521000E-1
"10B 6/6"	""	""	
380	1.401000E-1
390	1.919000E-1
400	3.035000E-1
410	4.072000E-1
420	4.441000E-1
430	4.563000E-1
440	4.660000E-1
450	4.774000E-1
460	4.829000E-1
470	4.832000E-1
480	4.793000E-1
490	4.727000E-1
500	4.604000E-1
510	4.423000E-1
520	4.170000E-1
530	3.828000E-1
540	3.429000E-1
550	3.006000E-1
560	2.576000E-1
570	2.270000E-1
580	2.106000E-1
590	2.026000E-1
600	1.953000E-1
610	1.892000E-1
620	1.901000E-1
630	1.990000E-1
640	2.122000E-1
650	2.244000E-1
660	2.327000E-1
670	2.313000E-1
680	2.200000E-1
690	2.080000E-1
700	2.045000E-1
710	2.083000E-1
720	2.154000E-1
730	2.263000E-1
"10B 6/8"	""	""	
380	1.286000E-1
390	1.768000E-1
400	2.802000E-1
410	3.920000E-1
420	4.446000E-1
430	4.737000E-1
440	5.057000E-1
450	5.417000E-1
460	5.661000E-1
470	5.788000E-1
480	5.765000E-1
490	5.618000E-1
500	5.358000E-1
510	4.958000E-1
520	4.466000E-1
530	3.927000E-1
540	3.367000E-1
550	2.809000E-1
560	2.322000E-1
570	2.019000E-1
580	1.854000E-1
590	1.755000E-1
600	1.674000E-1
610	1.611000E-1
620	1.593000E-1
630	1.627000E-1
640	1.698000E-1
650	1.781000E-1
660	1.852000E-1
670	1.873000E-1
680	1.833000E-1
690	1.783000E-1
700	1.772000E-1
710	1.812000E-1
720	1.904000E-1
730	2.060000E-1
"10B 6/10"	""	""	
380	1.425000E-1
390	1.963000E-1
400	3.157000E-1
410	4.545000E-1
420	5.160000E-1
430	5.574000E-1
440	6.105000E-1
450	6.652000E-1
460	6.863000E-1
470	6.901000E-1
480	6.768000E-1
490	6.510000E-1
500	6.116000E-1
510	5.589000E-1
520	4.948000E-1
530	4.229000E-1
540	3.528000E-1
550	2.874000E-1
560	2.277000E-1
570	1.856000E-1
580	1.600000E-1
590	1.458000E-1
600	1.346000E-1
610	1.266000E-1
620	1.239000E-1
630	1.243000E-1
640	1.265000E-1
650	1.317000E-1
660	1.382000E-1
670	1.401000E-1
680	1.354000E-1
690	1.282000E-1
700	1.209000E-1
710	1.179000E-1
720	1.222000E-1
730	1.379000E-1
"10B 7/1"	""	""	
380	1.384000E-1
390	1.890000E-1
400	3.067000E-1
410	4.246000E-1
420	4.615000E-1
430	4.642000E-1
440	4.621000E-1
450	4.602000E-1
460	4.582000E-1
470	4.555000E-1
480	4.525000E-1
490	4.502000E-1
500	4.472000E-1
510	4.441000E-1
520	4.418000E-1
530	4.383000E-1
540	4.349000E-1
550	4.322000E-1
560	4.272000E-1
570	4.249000E-1
580	4.204000E-1
590	4.164000E-1
600	4.117000E-1
610	4.081000E-1
620	4.047000E-1
630	4.019000E-1
640	3.992000E-1
650	3.969000E-1
660	3.951000E-1
670	3.938000E-1
680	3.923000E-1
690	3.901000E-1
700	3.885000E-1
710	3.885000E-1
720	3.880000E-1
730	3.889000E-1
"10B 7/2"	""	""	
380	1.389000E-1
390	1.916000E-1
400	3.137000E-1
410	4.362000E-1
420	4.765000E-1
430	4.828000E-1
440	4.835000E-1
450	4.848000E-1
460	4.848000E-1
470	4.836000E-1
480	4.816000E-1
490	4.798000E-1
500	4.765000E-1
510	4.721000E-1
520	4.667000E-1
530	4.580000E-1
540	4.475000E-1
550	4.349000E-1
560	4.166000E-1
570	4.012000E-1
580	3.911000E-1
590	3.869000E-1
600	3.822000E-1
610	3.784000E-1
620	3.795000E-1
630	3.864000E-1
640	3.947000E-1
650	4.016000E-1
660	4.058000E-1
670	4.042000E-1
680	3.977000E-1
690	3.903000E-1
700	3.880000E-1
710	3.903000E-1
720	3.939000E-1
730	4.009000E-1
"10B 7/4"	""	""	
380	1.542000E-1
390	2.092000E-1
400	3.471000E-1
410	4.877000E-1
420	5.400000E-1
430	5.511000E-1
440	5.555000E-1
450	5.601000E-1
460	5.615000E-1
470	5.599000E-1
480	5.567000E-1
490	5.523000E-1
500	5.448000E-1
510	5.339000E-1
520	5.191000E-1
530	4.966000E-1
540	4.691000E-1
550	4.373000E-1
560	3.994000E-1
570	3.703000E-1
580	3.537000E-1
590	3.459000E-1
600	3.384000E-1
610	3.325000E-1
620	3.340000E-1
630	3.449000E-1
640	3.603000E-1
650	3.745000E-1
660	3.829000E-1
670	3.809000E-1
680	3.683000E-1
690	3.548000E-1
700	3.504000E-1
710	3.543000E-1
720	3.625000E-1
730	3.744000E-1
"10B 7/6"	""	""	
380	1.574000E-1
390	2.038000E-1
400	3.387000E-1
410	5.047000E-1
420	5.815000E-1
430	6.033000E-1
440	6.189000E-1
450	6.377000E-1
460	6.498000E-1
470	6.554000E-1
480	6.564000E-1
490	6.520000E-1
500	6.383000E-1
510	6.134000E-1
520	5.777000E-1
530	5.309000E-1
540	4.790000E-1
550	4.262000E-1
560	3.731000E-1
570	3.350000E-1
580	3.139000E-1
590	3.032000E-1
600	2.942000E-1
610	2.875000E-1
620	2.889000E-1
630	3.001000E-1
640	3.163000E-1
650	3.318000E-1
660	3.419000E-1
670	3.397000E-1
680	3.261000E-1
690	3.116000E-1
700	3.076000E-1
710	3.130000E-1
720	3.231000E-1
730	3.377000E-1
"10B 7/8"	""	""	
380	1.616000E-1
390	2.112000E-1
400	3.593000E-1
410	5.500000E-1
420	6.449000E-1
430	6.832000E-1
440	7.184000E-1
450	7.564000E-1
460	7.745000E-1
470	7.778000E-1
480	7.698000E-1
490	7.519000E-1
500	7.221000E-1
510	6.805000E-1
520	6.280000E-1
530	5.650000E-1
540	4.988000E-1
550	4.331000E-1
560	3.677000E-1
570	3.195000E-1
580	2.897000E-1
590	2.731000E-1
600	2.588000E-1
610	2.477000E-1
620	2.459000E-1
630	2.513000E-1
640	2.601000E-1
650	2.716000E-1
660	2.829000E-1
670	2.846000E-1
680	2.743000E-1
690	2.611000E-1
700	2.509000E-1
710	2.473000E-1
720	2.554000E-1
730	2.774000E-1
"10B 8/1"	""	""	
380	1.654000E-1
390	2.122000E-1
400	3.534000E-1
410	5.310000E-1
420	6.101000E-1
430	6.237000E-1
440	6.254000E-1
450	6.267000E-1
460	6.264000E-1
470	6.247000E-1
480	6.214000E-1
490	6.191000E-1
500	6.153000E-1
510	6.115000E-1
520	6.093000E-1
530	6.040000E-1
540	5.965000E-1
550	5.905000E-1
560	5.838000E-1
570	5.810000E-1
580	5.749000E-1
590	5.704000E-1
600	5.643000E-1
610	5.593000E-1
620	5.568000E-1
630	5.570000E-1
640	5.579000E-1
650	5.586000E-1
660	5.590000E-1
670	5.574000E-1
680	5.549000E-1
690	5.513000E-1
700	5.503000E-1
710	5.519000E-1
720	5.536000E-1
730	5.573000E-1
"10B 8/2"	""	""	
380	1.610000E-1
390	2.086000E-1
400	3.598000E-1
410	5.474000E-1
420	6.297000E-1
430	6.462000E-1
440	6.486000E-1
450	6.516000E-1
460	6.533000E-1
470	6.532000E-1
480	6.515000E-1
490	6.502000E-1
500	6.459000E-1
510	6.402000E-1
520	6.333000E-1
530	6.218000E-1
540	6.092000E-1
550	5.951000E-1
560	5.731000E-1
570	5.559000E-1
580	5.454000E-1
590	5.420000E-1
600	5.377000E-1
610	5.340000E-1
620	5.358000E-1
630	5.446000E-1
640	5.561000E-1
650	5.665000E-1
660	5.732000E-1
670	5.728000E-1
680	5.657000E-1
690	5.572000E-1
700	5.549000E-1
710	5.590000E-1
720	5.645000E-1
730	5.735000E-1
"10B 8/4"	""	""	
380	1.772000E-1
390	2.314000E-1
400	3.911000E-1
410	6.023000E-1
420	7.092000E-1
430	7.366000E-1
440	7.475000E-1
450	7.584000E-1
460	7.645000E-1
470	7.653000E-1
480	7.637000E-1
490	7.602000E-1
500	7.521000E-1
510	7.386000E-1
520	7.192000E-1
530	6.892000E-1
540	6.520000E-1
550	6.100000E-1
560	5.616000E-1
570	5.257000E-1
580	5.047000E-1
590	4.946000E-1
600	4.852000E-1
610	4.781000E-1
620	4.809000E-1
630	4.945000E-1
640	5.128000E-1
650	5.296000E-1
660	5.405000E-1
670	5.381000E-1
680	5.237000E-1
690	5.083000E-1
700	5.032000E-1
710	5.089000E-1
720	5.192000E-1
730	5.356000E-1
"10B 9/1"	""	""	
380	1.837000E-1
390	2.196000E-1
400	3.768000E-1
410	6.072000E-1
420	7.503000E-1
430	7.913000E-1
440	8.030000E-1
450	8.147000E-1
460	8.240000E-1
470	8.301000E-1
480	8.342000E-1
490	8.369000E-1
500	8.359000E-1
510	8.323000E-1
520	8.262000E-1
530	8.147000E-1
540	8.051000E-1
550	7.970000E-1
560	7.799000E-1
570	7.689000E-1
580	7.644000E-1
590	7.679000E-1
600	7.697000E-1
610	7.693000E-1
620	7.696000E-1
630	7.771000E-1
640	7.909000E-1
650	8.061000E-1
660	8.176000E-1
670	8.184000E-1
680	8.154000E-1
690	8.125000E-1
700	8.137000E-1
710	8.200000E-1
720	8.270000E-1
730	8.376000E-1
"10B 9/2"	""	""	
380	1.848000E-1
390	2.291000E-1
400	3.886000E-1
410	6.336000E-1
420	7.931000E-1
430	8.380000E-1
440	8.508000E-1
450	8.601000E-1
460	8.653000E-1
470	8.664000E-1
480	8.639000E-1
490	8.613000E-1
500	8.553000E-1
510	8.456000E-1
520	8.349000E-1
530	8.233000E-1
540	8.119000E-1
550	7.939000E-1
560	7.639000E-1
570	7.437000E-1
580	7.455000E-1
590	7.523000E-1
600	7.438000E-1
610	7.337000E-1
620	7.296000E-1
630	7.294000E-1
640	7.310000E-1
650	7.388000E-1
660	7.502000E-1
670	7.543000E-1
680	7.517000E-1
690	7.455000E-1
700	7.337000E-1
710	7.237000E-1
720	7.294000E-1
730	7.564000E-1
"2.5PB 2.5/2"	""	""	
380	5.200000E-2
390	5.660000E-2
400	5.910000E-2
410	6.000000E-2
420	5.940000E-2
430	5.910000E-2
440	6.170000E-2
450	6.540000E-2
460	7.040000E-2
470	7.720000E-2
480	8.090000E-2
490	8.010000E-2
500	7.450000E-2
510	6.630000E-2
520	5.720000E-2
530	4.900000E-2
540	4.420000E-2
550	4.240000E-2
560	4.160000E-2
570	4.140000E-2
580	4.110000E-2
590	4.100000E-2
600	4.120000E-2
610	4.180000E-2
620	4.250000E-2
630	4.300000E-2
640	4.360000E-2
650	4.420000E-2
660	4.450000E-2
670	4.440000E-2
680	4.440000E-2
690	4.490000E-2
700	4.520000E-2
710	4.660000E-2
720	4.980000E-2
730	5.230000E-2
"2.5PB 2.5/4"	""	""	
380	4.990000E-2
390	4.490000E-2
400	4.620000E-2
410	4.990000E-2
420	4.910000E-2
430	5.220000E-2
440	5.890000E-2
450	7.360000E-2
460	9.570000E-2
470	1.241000E-1
480	1.459000E-1
490	1.358000E-1
500	1.045000E-1
510	7.300000E-2
520	4.960000E-2
530	3.760000E-2
540	3.390000E-2
550	3.310000E-2
560	3.270000E-2
570	3.320000E-2
580	3.360000E-2
590	3.360000E-2
600	3.390000E-2
610	3.470000E-2
620	3.510000E-2
630	3.550000E-2
640	3.590000E-2
650	3.560000E-2
660	3.500000E-2
670	3.490000E-2
680	3.510000E-2
690	3.510000E-2
700	3.580000E-2
710	3.730000E-2
720	3.770000E-2
730	3.790000E-2
"2.5PB 3/2"	""	""	
380	5.640000E-2
390	7.610000E-2
400	8.680000E-2
410	9.200000E-2
420	9.410000E-2
430	9.280000E-2
440	9.270000E-2
450	9.270000E-2
460	9.160000E-2
470	9.060000E-2
480	8.890000E-2
490	8.690000E-2
500	8.470000E-2
510	8.160000E-2
520	7.800000E-2
530	7.370000E-2
540	6.860000E-2
550	6.390000E-2
560	5.930000E-2
570	5.610000E-2
580	5.440000E-2
590	5.370000E-2
600	5.290000E-2
610	5.250000E-2
620	5.320000E-2
630	5.400000E-2
640	5.490000E-2
650	5.590000E-2
660	5.650000E-2
670	5.550000E-2
680	5.430000E-2
690	5.350000E-2
700	5.360000E-2
710	5.420000E-2
720	5.520000E-2
730	5.740000E-2
"2.5PB 3/4"	""	""	
380	6.210000E-2
390	7.530000E-2
400	8.590000E-2
410	9.540000E-2
420	9.770000E-2
430	1.017000E-1
440	1.068000E-1
450	1.147000E-1
460	1.217000E-1
470	1.268000E-1
480	1.273000E-1
490	1.225000E-1
500	1.132000E-1
510	1.010000E-1
520	8.730000E-2
530	7.370000E-2
540	6.250000E-2
550	5.390000E-2
560	4.800000E-2
570	4.520000E-2
580	4.420000E-2
590	4.380000E-2
600	4.370000E-2
610	4.440000E-2
620	4.540000E-2
630	4.660000E-2
640	4.750000E-2
650	4.810000E-2
660	4.840000E-2
670	4.820000E-2
680	4.750000E-2
690	4.710000E-2
700	4.790000E-2
710	4.890000E-2
720	5.000000E-2
730	5.160000E-2
"2.5PB 3/6"	""	""	
380	5.940000E-2
390	6.790000E-2
400	8.100000E-2
410	9.320000E-2
420	9.820000E-2
430	1.064000E-1
440	1.216000E-1
450	1.411000E-1
460	1.577000E-1
470	1.743000E-1
480	1.789000E-1
490	1.688000E-1
500	1.473000E-1
510	1.205000E-1
520	9.410000E-2
530	7.290000E-2
540	5.820000E-2
550	4.880000E-2
560	4.260000E-2
570	3.950000E-2
580	3.830000E-2
590	3.820000E-2
600	3.850000E-2
610	3.960000E-2
620	4.080000E-2
630	4.200000E-2
640	4.320000E-2
650	4.430000E-2
660	4.480000E-2
670	4.450000E-2
680	4.450000E-2
690	4.470000E-2
700	4.590000E-2
710	4.830000E-2
720	5.180000E-2
730	5.510000E-2
"2.5PB 4/2"	""	""	
380	8.510000E-2
390	1.119000E-1
400	1.393000E-1
410	1.535000E-1
420	1.546000E-1
430	1.543000E-1
440	1.534000E-1
450	1.522000E-1
460	1.507000E-1
470	1.491000E-1
480	1.469000E-1
490	1.442000E-1
500	1.409000E-1
510	1.370000E-1
520	1.327000E-1
530	1.273000E-1
540	1.225000E-1
550	1.181000E-1
560	1.117000E-1
570	1.065000E-1
580	1.039000E-1
590	1.032000E-1
600	1.022000E-1
610	1.009000E-1
620	1.005000E-1
630	1.019000E-1
640	1.046000E-1
650	1.073000E-1
660	1.092000E-1
670	1.089000E-1
680	1.067000E-1
690	1.042000E-1
700	1.037000E-1
710	1.041000E-1
720	1.057000E-1
730	1.069000E-1
"2.5PB 4/4"	""	""	
380	9.090000E-2
390	1.221000E-1
400	1.591000E-1
410	1.820000E-1
420	1.879000E-1
430	1.905000E-1
440	1.920000E-1
450	1.935000E-1
460	1.932000E-1
470	1.909000E-1
480	1.868000E-1
490	1.811000E-1
500	1.732000E-1
510	1.638000E-1
520	1.524000E-1
530	1.392000E-1
540	1.275000E-1
550	1.162000E-1
560	1.034000E-1
570	9.410000E-2
580	8.960000E-2
590	8.810000E-2
600	8.660000E-2
610	8.480000E-2
620	8.470000E-2
630	8.730000E-2
640	9.180000E-2
650	9.680000E-2
660	1.004000E-1
670	1.004000E-1
680	9.640000E-2
690	9.250000E-2
700	9.120000E-2
710	9.280000E-2
720	9.510000E-2
730	9.980000E-2
"2.5PB 4/6"	""	""	
380	1.034000E-1
390	1.283000E-1
400	1.785000E-1
410	2.131000E-1
420	2.242000E-1
430	2.317000E-1
440	2.386000E-1
450	2.462000E-1
460	2.486000E-1
470	2.455000E-1
480	2.389000E-1
490	2.283000E-1
500	2.131000E-1
510	1.957000E-1
520	1.750000E-1
530	1.524000E-1
540	1.325000E-1
550	1.144000E-1
560	9.710000E-2
570	8.600000E-2
580	8.070000E-2
590	7.850000E-2
600	7.680000E-2
610	7.530000E-2
620	7.530000E-2
630	7.850000E-2
640	8.300000E-2
650	8.780000E-2
660	9.130000E-2
670	9.110000E-2
680	8.650000E-2
690	8.200000E-2
700	8.150000E-2
710	8.310000E-2
720	8.600000E-2
730	9.070000E-2
"2.5PB 4/8"	""	""	
380	8.270000E-2
390	1.145000E-1
400	1.605000E-1
410	2.075000E-1
420	2.287000E-1
430	2.482000E-1
440	2.769000E-1
450	3.020000E-1
460	3.071000E-1
470	3.046000E-1
480	2.925000E-1
490	2.711000E-1
500	2.438000E-1
510	2.146000E-1
520	1.830000E-1
530	1.524000E-1
540	1.282000E-1
550	1.076000E-1
560	8.810000E-2
570	7.480000E-2
580	6.720000E-2
590	6.350000E-2
600	6.060000E-2
610	5.900000E-2
620	5.860000E-2
630	5.890000E-2
640	5.920000E-2
650	6.090000E-2
660	6.230000E-2
670	6.250000E-2
680	6.190000E-2
690	6.090000E-2
700	5.970000E-2
710	5.980000E-2
720	6.340000E-2
730	6.860000E-2
"2.5PB 4/10"	""	""	
380	7.910000E-2
390	9.510000E-2
400	1.325000E-1
410	1.767000E-1
420	1.971000E-1
430	2.280000E-1
440	2.867000E-1
450	3.594000E-1
460	3.935000E-1
470	4.070000E-1
480	3.927000E-1
490	3.572000E-1
500	3.081000E-1
510	2.512000E-1
520	1.941000E-1
530	1.455000E-1
540	1.100000E-1
550	8.490000E-2
560	6.720000E-2
570	5.710000E-2
580	5.180000E-2
590	4.930000E-2
600	4.760000E-2
610	4.700000E-2
620	4.700000E-2
630	4.730000E-2
640	4.760000E-2
650	4.840000E-2
660	4.920000E-2
670	4.910000E-2
680	4.870000E-2
690	4.820000E-2
700	4.820000E-2
710	4.930000E-2
720	5.250000E-2
730	5.710000E-2
"2.5PB 5/2"	""	""	
380	1.106000E-1
390	1.451000E-1
400	2.012000E-1
410	2.383000E-1
420	2.444000E-1
430	2.440000E-1
440	2.420000E-1
450	2.402000E-1
460	2.383000E-1
470	2.354000E-1
480	2.321000E-1
490	2.290000E-1
500	2.245000E-1
510	2.198000E-1
520	2.145000E-1
530	2.079000E-1
540	2.021000E-1
550	1.966000E-1
560	1.892000E-1
570	1.832000E-1
580	1.799000E-1
590	1.788000E-1
600	1.773000E-1
610	1.752000E-1
620	1.735000E-1
630	1.739000E-1
640	1.762000E-1
650	1.785000E-1
660	1.797000E-1
670	1.790000E-1
680	1.760000E-1
690	1.722000E-1
700	1.704000E-1
710	1.710000E-1
720	1.727000E-1
730	1.746000E-1
"2.5PB 5/4"	""	""	
380	1.073000E-1
390	1.620000E-1
400	2.287000E-1
410	2.766000E-1
420	2.913000E-1
430	2.933000E-1
440	2.946000E-1
450	2.960000E-1
460	2.949000E-1
470	2.926000E-1
480	2.878000E-1
490	2.809000E-1
500	2.715000E-1
510	2.600000E-1
520	2.453000E-1
530	2.287000E-1
540	2.134000E-1
550	1.988000E-1
560	1.806000E-1
570	1.663000E-1
580	1.596000E-1
590	1.583000E-1
600	1.559000E-1
610	1.525000E-1
620	1.522000E-1
630	1.569000E-1
640	1.653000E-1
650	1.748000E-1
660	1.815000E-1
670	1.813000E-1
680	1.748000E-1
690	1.679000E-1
700	1.657000E-1
710	1.672000E-1
720	1.716000E-1
730	1.793000E-1
"2.5PB 5/6"	""	""	
380	1.174000E-1
390	1.610000E-1
400	2.389000E-1
410	3.034000E-1
420	3.241000E-1
430	3.309000E-1
440	3.372000E-1
450	3.430000E-1
460	3.444000E-1
470	3.408000E-1
480	3.327000E-1
490	3.214000E-1
500	3.051000E-1
510	2.852000E-1
520	2.629000E-1
530	2.381000E-1
540	2.131000E-1
550	1.891000E-1
560	1.651000E-1
570	1.482000E-1
580	1.392000E-1
590	1.346000E-1
600	1.303000E-1
610	1.272000E-1
620	1.275000E-1
630	1.313000E-1
640	1.378000E-1
650	1.445000E-1
660	1.493000E-1
670	1.502000E-1
680	1.463000E-1
690	1.412000E-1
700	1.407000E-1
710	1.442000E-1
720	1.507000E-1
730	1.575000E-1
"2.5PB 5/8"	""	""	
380	1.224000E-1
390	1.573000E-1
400	2.384000E-1
410	3.180000E-1
420	3.484000E-1
430	3.653000E-1
440	3.832000E-1
450	4.049000E-1
460	4.140000E-1
470	4.111000E-1
480	3.992000E-1
490	3.806000E-1
500	3.535000E-1
510	3.205000E-1
520	2.830000E-1
530	2.429000E-1
540	2.053000E-1
550	1.720000E-1
560	1.432000E-1
570	1.250000E-1
580	1.159000E-1
590	1.115000E-1
600	1.078000E-1
610	1.049000E-1
620	1.050000E-1
630	1.098000E-1
640	1.173000E-1
650	1.250000E-1
660	1.308000E-1
670	1.308000E-1
680	1.244000E-1
690	1.171000E-1
700	1.155000E-1
710	1.189000E-1
720	1.244000E-1
730	1.323000E-1
"2.5PB 5/10"	""	""	
380	1.212000E-1
390	1.561000E-1
400	2.408000E-1
410	3.264000E-1
420	3.686000E-1
430	3.967000E-1
440	4.346000E-1
450	4.874000E-1
460	5.188000E-1
470	5.234000E-1
480	5.067000E-1
490	4.703000E-1
500	4.207000E-1
510	3.648000E-1
520	3.065000E-1
530	2.503000E-1
540	2.023000E-1
550	1.629000E-1
560	1.313000E-1
570	1.120000E-1
580	1.029000E-1
590	9.870000E-2
600	9.520000E-2
610	9.240000E-2
620	9.260000E-2
630	9.690000E-2
640	1.032000E-1
650	1.100000E-1
660	1.149000E-1
670	1.140000E-1
680	1.075000E-1
690	1.011000E-1
700	9.940000E-2
710	1.014000E-1
720	1.054000E-1
730	1.127000E-1
"2.5PB 6/2"	""	""	
380	1.345000E-1
390	1.820000E-1
400	2.685000E-1
410	3.338000E-1
420	3.499000E-1
430	3.509000E-1
440	3.501000E-1
450	3.489000E-1
460	3.474000E-1
470	3.451000E-1
480	3.420000E-1
490	3.384000E-1
500	3.332000E-1
510	3.273000E-1
520	3.203000E-1
530	3.115000E-1
540	3.037000E-1
550	2.970000E-1
560	2.865000E-1
570	2.784000E-1
580	2.743000E-1
590	2.742000E-1
600	2.731000E-1
610	2.705000E-1
620	2.691000E-1
630	2.708000E-1
640	2.751000E-1
650	2.805000E-1
660	2.837000E-1
670	2.832000E-1
680	2.794000E-1
690	2.749000E-1
700	2.726000E-1
710	2.733000E-1
720	2.747000E-1
730	2.781000E-1
"2.5PB 6/4"	""	""	
380	1.350000E-1
390	1.878000E-1
400	2.945000E-1
410	3.828000E-1
420	4.087000E-1
430	4.132000E-1
440	4.142000E-1
450	4.149000E-1
460	4.145000E-1
470	4.110000E-1
480	4.059000E-1
490	3.986000E-1
500	3.881000E-1
510	3.754000E-1
520	3.597000E-1
530	3.405000E-1
540	3.227000E-1
550	3.051000E-1
560	2.810000E-1
570	2.614000E-1
580	2.514000E-1
590	2.490000E-1
600	2.458000E-1
610	2.414000E-1
620	2.412000E-1
630	2.481000E-1
640	2.597000E-1
650	2.715000E-1
660	2.797000E-1
670	2.799000E-1
680	2.720000E-1
690	2.628000E-1
700	2.598000E-1
710	2.632000E-1
720	2.685000E-1
730	2.769000E-1
"2.5PB 6/6"	""	""	
380	1.401000E-1
390	1.858000E-1
400	3.006000E-1
410	4.170000E-1
420	4.606000E-1
430	4.711000E-1
440	4.772000E-1
450	4.831000E-1
460	4.842000E-1
470	4.798000E-1
480	4.690000E-1
490	4.535000E-1
500	4.318000E-1
510	4.055000E-1
520	3.776000E-1
530	3.478000E-1
540	3.185000E-1
550	2.903000E-1
560	2.616000E-1
570	2.401000E-1
580	2.266000E-1
590	2.193000E-1
600	2.128000E-1
610	2.084000E-1
620	2.084000E-1
630	2.137000E-1
640	2.219000E-1
650	2.304000E-1
660	2.379000E-1
670	2.408000E-1
680	2.390000E-1
690	2.362000E-1
700	2.390000E-1
710	2.466000E-1
720	2.568000E-1
730	2.694000E-1
"2.5PB 6/8"	""	""	
380	1.407000E-1
390	1.887000E-1
400	3.068000E-1
410	4.398000E-1
420	4.985000E-1
430	5.217000E-1
440	5.451000E-1
450	5.718000E-1
460	5.834000E-1
470	5.788000E-1
480	5.616000E-1
490	5.317000E-1
500	4.943000E-1
510	4.587000E-1
520	4.154000E-1
530	3.642000E-1
540	3.194000E-1
550	2.792000E-1
560	2.384000E-1
570	2.102000E-1
580	1.966000E-1
590	1.916000E-1
600	1.867000E-1
610	1.818000E-1
620	1.818000E-1
630	1.895000E-1
640	2.032000E-1
650	2.187000E-1
660	2.301000E-1
670	2.302000E-1
680	2.190000E-1
690	2.069000E-1
700	2.037000E-1
710	2.079000E-1
720	2.162000E-1
730	2.297000E-1
"2.5PB 6/10"	""	""	
380	1.429000E-1
390	1.854000E-1
400	3.102000E-1
410	4.568000E-1
420	5.301000E-1
430	5.655000E-1
440	6.064000E-1
450	6.610000E-1
460	6.895000E-1
470	6.864000E-1
480	6.604000E-1
490	6.164000E-1
500	5.609000E-1
510	5.007000E-1
520	4.375000E-1
530	3.745000E-1
540	3.181000E-1
550	2.676000E-1
560	2.223000E-1
570	1.924000E-1
580	1.773000E-1
590	1.704000E-1
600	1.643000E-1
610	1.593000E-1
620	1.596000E-1
630	1.671000E-1
640	1.793000E-1
650	1.919000E-1
660	2.010000E-1
670	2.003000E-1
680	1.897000E-1
690	1.780000E-1
700	1.749000E-1
710	1.784000E-1
720	1.854000E-1
730	1.974000E-1
"2.5PB 7/2"	""	""	
380	1.549000E-1
390	2.022000E-1
400	3.241000E-1
410	4.445000E-1
420	4.841000E-1
430	4.875000E-1
440	4.850000E-1
450	4.831000E-1
460	4.810000E-1
470	4.778000E-1
480	4.738000E-1
490	4.699000E-1
500	4.645000E-1
510	4.585000E-1
520	4.521000E-1
530	4.446000E-1
540	4.376000E-1
550	4.310000E-1
560	4.201000E-1
570	4.122000E-1
580	4.064000E-1
590	4.044000E-1
600	4.017000E-1
610	3.986000E-1
620	3.963000E-1
630	3.969000E-1
640	3.995000E-1
650	4.025000E-1
660	4.038000E-1
670	4.018000E-1
680	3.971000E-1
690	3.916000E-1
700	3.886000E-1
710	3.888000E-1
720	3.896000E-1
730	3.937000E-1
"2.5PB 7/4"	""	""	
380	1.678000E-1
390	2.138000E-1
400	3.489000E-1
410	4.963000E-1
420	5.532000E-1
430	5.631000E-1
440	5.645000E-1
450	5.659000E-1
460	5.651000E-1
470	5.612000E-1
480	5.545000E-1
490	5.454000E-1
500	5.316000E-1
510	5.155000E-1
520	4.964000E-1
530	4.747000E-1
540	4.540000E-1
550	4.312000E-1
560	4.000000E-1
570	3.757000E-1
580	3.634000E-1
590	3.596000E-1
600	3.548000E-1
610	3.498000E-1
620	3.504000E-1
630	3.604000E-1
640	3.760000E-1
650	3.906000E-1
660	3.990000E-1
670	3.959000E-1
680	3.830000E-1
690	3.694000E-1
700	3.663000E-1
710	3.723000E-1
720	3.813000E-1
730	3.937000E-1
"2.5PB 7/6"	""	""	
380	1.546000E-1
390	2.049000E-1
400	3.360000E-1
410	4.968000E-1
420	5.724000E-1
430	6.036000E-1
440	6.338000E-1
450	6.595000E-1
460	6.669000E-1
470	6.617000E-1
480	6.461000E-1
490	6.227000E-1
500	5.909000E-1
510	5.551000E-1
520	5.192000E-1
530	4.838000E-1
540	4.512000E-1
550	4.221000E-1
560	3.922000E-1
570	3.677000E-1
580	3.466000E-1
590	3.326000E-1
600	3.211000E-1
610	3.126000E-1
620	3.091000E-1
630	3.084000E-1
640	3.105000E-1
650	3.174000E-1
660	3.287000E-1
670	3.396000E-1
680	3.477000E-1
690	3.539000E-1
700	3.561000E-1
710	3.574000E-1
720	3.691000E-1
730	3.977000E-1
"2.5PB 7/8"	""	""	
380	1.595000E-1
390	2.104000E-1
400	3.617000E-1
410	5.588000E-1
420	6.600000E-1
430	6.958000E-1
440	7.244000E-1
450	7.572000E-1
460	7.724000E-1
470	7.682000E-1
480	7.488000E-1
490	7.154000E-1
500	6.707000E-1
510	6.222000E-1
520	5.690000E-1
530	5.152000E-1
540	4.657000E-1
550	4.161000E-1
560	3.628000E-1
570	3.239000E-1
580	3.046000E-1
590	2.976000E-1
600	2.900000E-1
610	2.834000E-1
620	2.859000E-1
630	3.015000E-1
640	3.250000E-1
650	3.482000E-1
660	3.631000E-1
670	3.612000E-1
680	3.428000E-1
690	3.234000E-1
700	3.183000E-1
710	3.263000E-1
720	3.395000E-1
730	3.580000E-1
"2.5PB 8/2"	""	""	
380	1.871000E-1
390	2.259000E-1
400	3.760000E-1
410	5.622000E-1
420	6.455000E-1
430	6.602000E-1
440	6.597000E-1
450	6.587000E-1
460	6.584000E-1
470	6.553000E-1
480	6.507000E-1
490	6.468000E-1
500	6.398000E-1
510	6.318000E-1
520	6.229000E-1
530	6.121000E-1
540	6.024000E-1
550	5.929000E-1
560	5.766000E-1
570	5.651000E-1
580	5.582000E-1
590	5.570000E-1
600	5.542000E-1
610	5.511000E-1
620	5.498000E-1
630	5.531000E-1
640	5.597000E-1
650	5.659000E-1
660	5.686000E-1
670	5.652000E-1
680	5.577000E-1
690	5.496000E-1
700	5.465000E-1
710	5.492000E-1
720	5.549000E-1
730	5.621000E-1
"2.5PB 8/4"	""	""	
380	1.715000E-1
390	2.084000E-1
400	3.596000E-1
410	5.810000E-1
420	7.075000E-1
430	7.399000E-1
440	7.492000E-1
450	7.555000E-1
460	7.592000E-1
470	7.566000E-1
480	7.492000E-1
490	7.384000E-1
500	7.211000E-1
510	6.998000E-1
520	6.743000E-1
530	6.426000E-1
540	6.132000E-1
550	5.851000E-1
560	5.486000E-1
570	5.209000E-1
580	5.071000E-1
590	5.035000E-1
600	4.981000E-1
610	4.927000E-1
620	4.929000E-1
630	5.025000E-1
640	5.195000E-1
650	5.381000E-1
660	5.513000E-1
670	5.516000E-1
680	5.401000E-1
690	5.265000E-1
700	5.220000E-1
710	5.264000E-1
720	5.362000E-1
730	5.511000E-1
"2.5PB 8/6"	""	""	
380	1.696000E-1
390	2.171000E-1
400	3.792000E-1
410	6.135000E-1
420	7.502000E-1
430	7.904000E-1
440	8.103000E-1
450	8.300000E-1
460	8.406000E-1
470	8.408000E-1
480	8.319000E-1
490	8.142000E-1
500	7.863000E-1
510	7.530000E-1
520	7.131000E-1
530	6.691000E-1
540	6.257000E-1
550	5.798000E-1
560	5.262000E-1
570	4.868000E-1
580	4.672000E-1
590	4.610000E-1
600	4.542000E-1
610	4.486000E-1
620	4.534000E-1
630	4.726000E-1
640	4.991000E-1
650	5.240000E-1
660	5.403000E-1
670	5.387000E-1
680	5.203000E-1
690	5.013000E-1
700	4.975000E-1
710	5.068000E-1
720	5.211000E-1
730	5.422000E-1
"2.5PB 9/2"	""	""	
380	1.964000E-1
390	2.428000E-1
400	4.114000E-1
410	6.570000E-1
420	8.090000E-1
430	8.507000E-1
440	8.617000E-1
450	8.704000E-1
460	8.763000E-1
470	8.787000E-1
480	8.780000E-1
490	8.753000E-1
500	8.670000E-1
510	8.558000E-1
520	8.405000E-1
530	8.198000E-1
540	8.029000E-1
550	7.889000E-1
560	7.643000E-1
570	7.470000E-1
580	7.402000E-1
590	7.436000E-1
600	7.447000E-1
610	7.434000E-1
620	7.450000E-1
630	7.550000E-1
640	7.735000E-1
650	7.948000E-1
660	8.103000E-1
670	8.128000E-1
680	8.086000E-1
690	8.030000E-1
700	8.035000E-1
710	8.103000E-1
720	8.197000E-1
730	8.342000E-1
"5PB 2.5/1"	""	""	
380	5.570000E-2
390	5.560000E-2
400	5.860000E-2
410	5.860000E-2
420	5.820000E-2
430	5.810000E-2
440	5.790000E-2
450	5.840000E-2
460	5.940000E-2
470	6.080000E-2
480	6.150000E-2
490	6.040000E-2
500	5.680000E-2
510	5.250000E-2
520	4.880000E-2
530	4.590000E-2
540	4.400000E-2
550	4.260000E-2
560	4.160000E-2
570	4.150000E-2
580	4.190000E-2
590	4.220000E-2
600	4.270000E-2
610	4.350000E-2
620	4.430000E-2
630	4.510000E-2
640	4.520000E-2
650	4.500000E-2
660	4.470000E-2
670	4.390000E-2
680	4.370000E-2
690	4.420000E-2
700	4.510000E-2
710	4.610000E-2
720	4.730000E-2
730	4.810000E-2
"5PB 2.5/2"	""	""	
380	4.240000E-2
390	5.000000E-2
400	5.390000E-2
410	5.730000E-2
420	5.850000E-2
430	6.010000E-2
440	6.290000E-2
450	6.750000E-2
460	6.920000E-2
470	6.910000E-2
480	6.720000E-2
490	6.400000E-2
500	5.960000E-2
510	5.470000E-2
520	4.960000E-2
530	4.490000E-2
540	4.110000E-2
550	3.820000E-2
560	3.630000E-2
570	3.600000E-2
580	3.620000E-2
590	3.630000E-2
600	3.600000E-2
610	3.610000E-2
620	3.650000E-2
630	3.720000E-2
640	3.750000E-2
650	3.770000E-2
660	3.760000E-2
670	3.710000E-2
680	3.660000E-2
690	3.640000E-2
700	3.710000E-2
710	3.810000E-2
720	3.890000E-2
730	4.020000E-2
"5PB 2.5/4"	""	""	
380	5.400000E-2
390	6.120000E-2
400	6.370000E-2
410	6.600000E-2
420	6.480000E-2
430	6.800000E-2
440	7.870000E-2
450	9.730000E-2
460	1.131000E-1
470	1.276000E-1
480	1.322000E-1
490	1.257000E-1
500	1.091000E-1
510	8.500000E-2
520	6.040000E-2
530	4.430000E-2
540	3.840000E-2
550	3.680000E-2
560	3.620000E-2
570	3.630000E-2
580	3.680000E-2
590	3.750000E-2
600	3.860000E-2
610	4.030000E-2
620	4.210000E-2
630	4.340000E-2
640	4.450000E-2
650	4.530000E-2
660	4.550000E-2
670	4.500000E-2
680	4.510000E-2
690	4.550000E-2
700	4.670000E-2
710	4.970000E-2
720	5.330000E-2
730	5.690000E-2
"5PB 3/1"	""	""	
380	6.230000E-2
390	7.080000E-2
400	7.790000E-2
410	8.100000E-2
420	8.030000E-2
430	7.930000E-2
440	7.850000E-2
450	7.730000E-2
460	7.620000E-2
470	7.490000E-2
480	7.350000E-2
490	7.190000E-2
500	7.000000E-2
510	6.820000E-2
520	6.630000E-2
530	6.420000E-2
540	6.280000E-2
550	6.180000E-2
560	6.040000E-2
570	5.970000E-2
580	5.940000E-2
590	5.960000E-2
600	5.950000E-2
610	5.900000E-2
620	5.840000E-2
630	5.830000E-2
640	5.880000E-2
650	5.940000E-2
660	5.970000E-2
670	5.970000E-2
680	5.940000E-2
690	5.880000E-2
700	5.860000E-2
710	5.910000E-2
720	5.930000E-2
730	5.970000E-2
"5PB 3/2"	""	""	
380	6.140000E-2
390	7.130000E-2
400	7.890000E-2
410	8.490000E-2
420	8.620000E-2
430	8.700000E-2
440	8.910000E-2
450	9.080000E-2
460	9.070000E-2
470	8.980000E-2
480	8.760000E-2
490	8.470000E-2
500	8.110000E-2
510	7.700000E-2
520	7.210000E-2
530	6.670000E-2
540	6.220000E-2
550	5.840000E-2
560	5.490000E-2
570	5.310000E-2
580	5.260000E-2
590	5.260000E-2
600	5.270000E-2
610	5.250000E-2
620	5.320000E-2
630	5.440000E-2
640	5.600000E-2
650	5.740000E-2
660	5.820000E-2
670	5.780000E-2
680	5.650000E-2
690	5.540000E-2
700	5.560000E-2
710	5.690000E-2
720	5.840000E-2
730	6.040000E-2
"5PB 3/4"	""	""	
380	6.220000E-2
390	7.580000E-2
400	9.310000E-2
410	1.054000E-1
420	1.092000E-1
430	1.131000E-1
440	1.193000E-1
450	1.237000E-1
460	1.229000E-1
470	1.200000E-1
480	1.147000E-1
490	1.075000E-1
500	9.850000E-2
510	8.930000E-2
520	7.970000E-2
530	7.090000E-2
540	6.410000E-2
550	5.870000E-2
560	5.370000E-2
570	5.050000E-2
580	4.870000E-2
590	4.780000E-2
600	4.720000E-2
610	4.700000E-2
620	4.720000E-2
630	4.760000E-2
640	4.800000E-2
650	4.860000E-2
660	4.910000E-2
670	4.920000E-2
680	4.870000E-2
690	4.860000E-2
700	4.880000E-2
710	5.010000E-2
720	5.260000E-2
730	5.630000E-2
"5PB 3/6"	""	""	
380	6.790000E-2
390	7.310000E-2
400	8.710000E-2
410	1.003000E-1
420	1.041000E-1
430	1.133000E-1
440	1.346000E-1
450	1.611000E-1
460	1.717000E-1
470	1.754000E-1
480	1.682000E-1
490	1.533000E-1
500	1.326000E-1
510	1.083000E-1
520	8.510000E-2
530	6.730000E-2
540	5.640000E-2
550	4.970000E-2
560	4.520000E-2
570	4.290000E-2
580	4.200000E-2
590	4.220000E-2
600	4.260000E-2
610	4.390000E-2
620	4.540000E-2
630	4.660000E-2
640	4.770000E-2
650	4.860000E-2
660	4.900000E-2
670	4.840000E-2
680	4.850000E-2
690	4.870000E-2
700	4.960000E-2
710	5.240000E-2
720	5.590000E-2
730	6.020000E-2
"5PB 3/8"	""	""	
380	5.750000E-2
390	6.940000E-2
400	8.360000E-2
410	1.007000E-1
420	1.117000E-1
430	1.281000E-1
440	1.589000E-1
450	2.003000E-1
460	2.222000E-1
470	2.276000E-1
480	2.172000E-1
490	1.937000E-1
500	1.618000E-1
510	1.262000E-1
520	9.310000E-2
530	6.840000E-2
540	5.360000E-2
550	4.560000E-2
560	4.110000E-2
570	3.920000E-2
580	3.830000E-2
590	3.820000E-2
600	3.830000E-2
610	3.890000E-2
620	3.970000E-2
630	4.040000E-2
640	4.090000E-2
650	4.130000E-2
660	4.140000E-2
670	4.110000E-2
680	4.060000E-2
690	4.080000E-2
700	4.140000E-2
710	4.300000E-2
720	4.580000E-2
730	4.880000E-2
"5PB 4/1"	""	""	
380	8.270000E-2
390	1.049000E-1
400	1.240000E-1
410	1.346000E-1
420	1.343000E-1
430	1.329000E-1
440	1.312000E-1
450	1.300000E-1
460	1.285000E-1
470	1.270000E-1
480	1.253000E-1
490	1.238000E-1
500	1.218000E-1
510	1.199000E-1
520	1.180000E-1
530	1.160000E-1
540	1.142000E-1
550	1.129000E-1
560	1.121000E-1
570	1.125000E-1
580	1.124000E-1
590	1.122000E-1
600	1.115000E-1
610	1.108000E-1
620	1.098000E-1
630	1.089000E-1
640	1.081000E-1
650	1.074000E-1
660	1.072000E-1
670	1.072000E-1
680	1.074000E-1
690	1.076000E-1
700	1.079000E-1
710	1.081000E-1
720	1.081000E-1
730	1.078000E-1
"5PB 4/2"	""	""	
380	8.570000E-2
390	1.077000E-1
400	1.354000E-1
410	1.513000E-1
420	1.547000E-1
430	1.556000E-1
440	1.555000E-1
450	1.552000E-1
460	1.544000E-1
470	1.529000E-1
480	1.499000E-1
490	1.463000E-1
500	1.410000E-1
510	1.351000E-1
520	1.284000E-1
530	1.211000E-1
540	1.163000E-1
550	1.132000E-1
560	1.082000E-1
570	1.046000E-1
580	1.042000E-1
590	1.061000E-1
600	1.070000E-1
610	1.061000E-1
620	1.045000E-1
630	1.051000E-1
640	1.087000E-1
650	1.132000E-1
660	1.168000E-1
670	1.176000E-1
680	1.163000E-1
690	1.135000E-1
700	1.126000E-1
710	1.143000E-1
720	1.165000E-1
730	1.203000E-1
"5PB 4/4"	""	""	
380	8.280000E-2
390	1.045000E-1
400	1.342000E-1
410	1.518000E-1
420	1.613000E-1
430	1.731000E-1
440	1.880000E-1
450	2.015000E-1
460	2.046000E-1
470	2.012000E-1
480	1.934000E-1
490	1.824000E-1
500	1.675000E-1
510	1.513000E-1
520	1.355000E-1
530	1.218000E-1
540	1.114000E-1
550	1.047000E-1
560	1.002000E-1
570	9.760000E-2
580	9.450000E-2
590	9.200000E-2
600	9.000000E-2
610	8.900000E-2
620	8.880000E-2
630	8.940000E-2
640	9.110000E-2
650	9.480000E-2
660	1.006000E-1
670	1.096000E-1
680	1.235000E-1
690	1.442000E-1
700	1.737000E-1
710	2.139000E-1
720	2.641000E-1
730	3.207000E-1
"5PB 4/6"	""	""	
380	9.790000E-2
390	1.260000E-1
400	1.757000E-1
410	2.141000E-1
420	2.270000E-1
430	2.333000E-1
440	2.404000E-1
450	2.476000E-1
460	2.489000E-1
470	2.447000E-1
480	2.354000E-1
490	2.196000E-1
500	1.993000E-1
510	1.790000E-1
520	1.573000E-1
530	1.365000E-1
540	1.217000E-1
550	1.100000E-1
560	9.760000E-2
570	8.990000E-2
580	8.760000E-2
590	8.790000E-2
600	8.730000E-2
610	8.530000E-2
620	8.510000E-2
630	8.800000E-2
640	9.390000E-2
650	1.015000E-1
660	1.078000E-1
670	1.087000E-1
680	1.038000E-1
690	9.840000E-2
700	9.710000E-2
710	9.930000E-2
720	1.035000E-1
730	1.103000E-1
"5PB 4/8"	""	""	
380	9.740000E-2
390	1.287000E-1
400	1.827000E-1
410	2.306000E-1
420	2.521000E-1
430	2.660000E-1
440	2.823000E-1
450	3.003000E-1
460	3.052000E-1
470	2.981000E-1
480	2.817000E-1
490	2.567000E-1
500	2.267000E-1
510	1.972000E-1
520	1.675000E-1
530	1.407000E-1
540	1.209000E-1
550	1.048000E-1
560	8.980000E-2
570	8.050000E-2
580	7.660000E-2
590	7.570000E-2
600	7.440000E-2
610	7.280000E-2
620	7.300000E-2
630	7.550000E-2
640	7.990000E-2
650	8.500000E-2
660	8.920000E-2
670	8.920000E-2
680	8.510000E-2
690	8.100000E-2
700	8.010000E-2
710	8.210000E-2
720	8.480000E-2
730	8.970000E-2
"5PB 4/10"	""	""	
380	9.230000E-2
390	1.178000E-1
400	1.672000E-1
410	2.208000E-1
420	2.489000E-1
430	2.740000E-1
440	3.127000E-1
450	3.675000E-1
460	3.973000E-1
470	3.930000E-1
480	3.642000E-1
490	3.196000E-1
500	2.692000E-1
510	2.209000E-1
520	1.761000E-1
530	1.379000E-1
540	1.093000E-1
550	8.810000E-2
560	7.200000E-2
570	6.290000E-2
580	5.910000E-2
590	5.790000E-2
600	5.660000E-2
610	5.570000E-2
620	5.680000E-2
630	5.890000E-2
640	6.140000E-2
650	6.430000E-2
660	6.650000E-2
670	6.570000E-2
680	6.250000E-2
690	6.020000E-2
700	6.020000E-2
710	6.140000E-2
720	6.340000E-2
730	6.730000E-2
"5PB 4/12"	""	""	
380	9.780000E-2
390	1.194000E-1
400	1.741000E-1
410	2.256000E-1
420	2.542000E-1
430	2.804000E-1
440	3.211000E-1
450	3.816000E-1
460	4.163000E-1
470	4.125000E-1
480	3.820000E-1
490	3.342000E-1
500	2.794000E-1
510	2.268000E-1
520	1.786000E-1
530	1.377000E-1
540	1.076000E-1
550	8.570000E-2
560	6.960000E-2
570	6.080000E-2
580	5.730000E-2
590	5.590000E-2
600	5.480000E-2
610	5.430000E-2
620	5.520000E-2
630	5.720000E-2
640	6.000000E-2
650	6.320000E-2
660	6.510000E-2
670	6.400000E-2
680	6.090000E-2
690	5.880000E-2
700	5.860000E-2
710	6.000000E-2
720	6.220000E-2
730	6.680000E-2
"5PB 5/1"	""	""	
380	1.052000E-1
390	1.325000E-1
400	1.853000E-1
410	2.195000E-1
420	2.249000E-1
430	2.255000E-1
440	2.256000E-1
450	2.245000E-1
460	2.230000E-1
470	2.209000E-1
480	2.180000E-1
490	2.159000E-1
500	2.128000E-1
510	2.095000E-1
520	2.064000E-1
530	2.022000E-1
540	1.993000E-1
550	1.981000E-1
560	1.954000E-1
570	1.941000E-1
580	1.939000E-1
590	1.948000E-1
600	1.953000E-1
610	1.942000E-1
620	1.922000E-1
630	1.902000E-1
640	1.898000E-1
650	1.903000E-1
660	1.909000E-1
670	1.907000E-1
680	1.905000E-1
690	1.902000E-1
700	1.894000E-1
710	1.883000E-1
720	1.872000E-1
730	1.864000E-1
"5PB 5/2"	""	""	
380	1.065000E-1
390	1.477000E-1
400	2.071000E-1
410	2.421000E-1
420	2.494000E-1
430	2.477000E-1
440	2.451000E-1
450	2.435000E-1
460	2.407000E-1
470	2.380000E-1
480	2.338000E-1
490	2.294000E-1
500	2.232000E-1
510	2.162000E-1
520	2.091000E-1
530	2.019000E-1
540	1.955000E-1
550	1.909000E-1
560	1.868000E-1
570	1.857000E-1
580	1.842000E-1
590	1.827000E-1
600	1.815000E-1
610	1.806000E-1
620	1.796000E-1
630	1.792000E-1
640	1.796000E-1
650	1.807000E-1
660	1.828000E-1
670	1.860000E-1
680	1.908000E-1
690	1.953000E-1
700	1.996000E-1
710	2.036000E-1
720	2.067000E-1
730	2.088000E-1
"5PB 5/4"	""	""	
380	1.163000E-1
390	1.577000E-1
400	2.285000E-1
410	2.795000E-1
420	2.921000E-1
430	2.942000E-1
440	2.947000E-1
450	2.941000E-1
460	2.926000E-1
470	2.886000E-1
480	2.821000E-1
490	2.730000E-1
500	2.602000E-1
510	2.463000E-1
520	2.305000E-1
530	2.133000E-1
540	2.010000E-1
550	1.912000E-1
560	1.776000E-1
570	1.671000E-1
580	1.633000E-1
590	1.641000E-1
600	1.633000E-1
610	1.602000E-1
620	1.576000E-1
630	1.587000E-1
640	1.646000E-1
650	1.723000E-1
660	1.786000E-1
670	1.801000E-1
680	1.765000E-1
690	1.715000E-1
700	1.695000E-1
710	1.699000E-1
720	1.725000E-1
730	1.784000E-1
"5PB 5/6"	""	""	
380	1.181000E-1
390	1.615000E-1
400	2.467000E-1
410	3.176000E-1
420	3.415000E-1
430	3.484000E-1
440	3.530000E-1
450	3.567000E-1
460	3.551000E-1
470	3.479000E-1
480	3.358000E-1
490	3.181000E-1
500	2.955000E-1
510	2.720000E-1
520	2.465000E-1
530	2.207000E-1
540	2.019000E-1
550	1.863000E-1
560	1.675000E-1
570	1.534000E-1
580	1.481000E-1
590	1.481000E-1
600	1.472000E-1
610	1.441000E-1
620	1.425000E-1
630	1.461000E-1
640	1.552000E-1
650	1.664000E-1
660	1.753000E-1
670	1.771000E-1
680	1.712000E-1
690	1.635000E-1
700	1.607000E-1
710	1.629000E-1
720	1.682000E-1
730	1.757000E-1
"5PB 5/8"	""	""	
380	1.271000E-1
390	1.641000E-1
400	2.609000E-1
410	3.509000E-1
420	3.876000E-1
430	4.041000E-1
440	4.194000E-1
450	4.337000E-1
460	4.349000E-1
470	4.243000E-1
480	4.036000E-1
490	3.727000E-1
500	3.357000E-1
510	2.996000E-1
520	2.624000E-1
530	2.268000E-1
540	2.010000E-1
550	1.796000E-1
560	1.561000E-1
570	1.392000E-1
580	1.324000E-1
590	1.311000E-1
600	1.292000E-1
610	1.257000E-1
620	1.248000E-1
630	1.290000E-1
640	1.383000E-1
650	1.499000E-1
660	1.592000E-1
670	1.608000E-1
680	1.533000E-1
690	1.448000E-1
700	1.418000E-1
710	1.441000E-1
720	1.497000E-1
730	1.590000E-1
"5PB 5/10"	""	""	
380	1.227000E-1
390	1.665000E-1
400	2.587000E-1
410	3.564000E-1
420	4.021000E-1
430	4.294000E-1
440	4.619000E-1
450	4.994000E-1
460	5.114000E-1
470	4.976000E-1
480	4.658000E-1
490	4.183000E-1
500	3.653000E-1
510	3.157000E-1
520	2.672000E-1
530	2.237000E-1
540	1.916000E-1
550	1.652000E-1
560	1.397000E-1
570	1.227000E-1
580	1.156000E-1
590	1.135000E-1
600	1.112000E-1
610	1.081000E-1
620	1.078000E-1
630	1.122000E-1
640	1.207000E-1
650	1.307000E-1
660	1.388000E-1
670	1.394000E-1
680	1.322000E-1
690	1.242000E-1
700	1.220000E-1
710	1.244000E-1
720	1.298000E-1
730	1.382000E-1
"5PB 5/12"	""	""	
380	1.194000E-1
390	1.560000E-1
400	2.653000E-1
410	3.889000E-1
420	4.476000E-1
430	4.905000E-1
440	5.432000E-1
450	5.876000E-1
460	5.929000E-1
470	5.695000E-1
480	5.194000E-1
490	4.572000E-1
500	3.917000E-1
510	3.320000E-1
520	2.817000E-1
530	2.404000E-1
540	2.066000E-1
550	1.779000E-1
560	1.514000E-1
570	1.314000E-1
580	1.182000E-1
590	1.100000E-1
600	1.034000E-1
610	9.830000E-2
620	9.620000E-2
630	9.600000E-2
640	9.660000E-2
650	9.950000E-2
660	1.049000E-1
670	1.090000E-1
680	1.102000E-1
690	1.093000E-1
700	1.066000E-1
710	1.047000E-1
720	1.092000E-1
730	1.236000E-1
"5PB 6/1"	""	""	
380	1.217000E-1
390	1.658000E-1
400	2.505000E-1
410	3.163000E-1
420	3.323000E-1
430	3.339000E-1
440	3.331000E-1
450	3.320000E-1
460	3.299000E-1
470	3.272000E-1
480	3.236000E-1
490	3.210000E-1
500	3.172000E-1
510	3.136000E-1
520	3.100000E-1
530	3.051000E-1
540	3.017000E-1
550	3.002000E-1
560	2.966000E-1
570	2.952000E-1
580	2.944000E-1
590	2.953000E-1
600	2.952000E-1
610	2.940000E-1
620	2.915000E-1
630	2.890000E-1
640	2.879000E-1
650	2.881000E-1
660	2.883000E-1
670	2.881000E-1
680	2.879000E-1
690	2.870000E-1
700	2.856000E-1
710	2.845000E-1
720	2.829000E-1
730	2.819000E-1
"5PB 6/2"	""	""	
380	1.260000E-1
390	1.732000E-1
400	2.650000E-1
410	3.371000E-1
420	3.550000E-1
430	3.547000E-1
440	3.520000E-1
450	3.493000E-1
460	3.466000E-1
470	3.427000E-1
480	3.374000E-1
490	3.321000E-1
500	3.254000E-1
510	3.183000E-1
520	3.114000E-1
530	3.034000E-1
540	2.962000E-1
550	2.898000E-1
560	2.822000E-1
570	2.782000E-1
580	2.777000E-1
590	2.786000E-1
600	2.776000E-1
610	2.761000E-1
620	2.750000E-1
630	2.736000E-1
640	2.729000E-1
650	2.733000E-1
660	2.745000E-1
670	2.767000E-1
680	2.797000E-1
690	2.829000E-1
700	2.857000E-1
710	2.881000E-1
720	2.891000E-1
730	2.899000E-1
"5PB 6/4"	""	""	
380	1.338000E-1
390	1.817000E-1
400	2.909000E-1
410	3.874000E-1
420	4.158000E-1
430	4.200000E-1
440	4.211000E-1
450	4.229000E-1
460	4.235000E-1
470	4.193000E-1
480	4.081000E-1
490	3.924000E-1
500	3.736000E-1
510	3.601000E-1
520	3.461000E-1
530	3.247000E-1
540	3.038000E-1
550	2.881000E-1
560	2.760000E-1
570	2.699000E-1
580	2.648000E-1
590	2.607000E-1
600	2.573000E-1
610	2.552000E-1
620	2.547000E-1
630	2.562000E-1
640	2.597000E-1
650	2.668000E-1
660	2.782000E-1
670	2.955000E-1
680	3.195000E-1
690	3.502000E-1
700	3.879000E-1
710	4.312000E-1
720	4.755000E-1
730	5.183000E-1
"5PB 6/6"	""	""	
380	1.338000E-1
390	1.877000E-1
400	3.081000E-1
410	4.293000E-1
420	4.760000E-1
430	4.922000E-1
440	5.042000E-1
450	5.128000E-1
460	5.140000E-1
470	5.059000E-1
480	4.876000E-1
490	4.612000E-1
500	4.270000E-1
510	3.910000E-1
520	3.578000E-1
530	3.283000E-1
540	3.044000E-1
550	2.862000E-1
560	2.708000E-1
570	2.603000E-1
580	2.509000E-1
590	2.441000E-1
600	2.391000E-1
610	2.361000E-1
620	2.351000E-1
630	2.356000E-1
640	2.384000E-1
650	2.435000E-1
660	2.526000E-1
670	2.661000E-1
680	2.848000E-1
690	3.082000E-1
700	3.352000E-1
710	3.636000E-1
720	3.892000E-1
730	4.125000E-1
"5PB 6/8"	""	""	
380	1.499000E-1
390	1.940000E-1
400	3.294000E-1
410	4.720000E-1
420	5.326000E-1
430	5.553000E-1
440	5.726000E-1
450	5.879000E-1
460	5.903000E-1
470	5.798000E-1
480	5.564000E-1
490	5.205000E-1
500	4.763000E-1
510	4.326000E-1
520	3.885000E-1
530	3.497000E-1
540	3.210000E-1
550	2.932000E-1
560	2.590000E-1
570	2.332000E-1
580	2.223000E-1
590	2.210000E-1
600	2.184000E-1
610	2.131000E-1
620	2.130000E-1
630	2.240000E-1
640	2.439000E-1
650	2.658000E-1
660	2.820000E-1
670	2.831000E-1
680	2.694000E-1
690	2.532000E-1
700	2.492000E-1
710	2.558000E-1
720	2.674000E-1
730	2.821000E-1
"5PB 6/10"	""	""	
380	1.501000E-1
390	1.927000E-1
400	3.257000E-1
410	4.828000E-1
420	5.585000E-1
430	5.912000E-1
440	6.218000E-1
450	6.552000E-1
460	6.643000E-1
470	6.479000E-1
480	6.127000E-1
490	5.632000E-1
500	5.064000E-1
510	4.526000E-1
520	3.986000E-1
530	3.477000E-1
540	3.088000E-1
550	2.752000E-1
560	2.393000E-1
570	2.136000E-1
580	2.028000E-1
590	2.003000E-1
600	1.968000E-1
610	1.916000E-1
620	1.910000E-1
630	1.985000E-1
640	2.126000E-1
650	2.292000E-1
660	2.425000E-1
670	2.443000E-1
680	2.338000E-1
690	2.213000E-1
700	2.180000E-1
710	2.223000E-1
720	2.308000E-1
730	2.441000E-1
"5PB 7/1"	""	""	
380	1.441000E-1
390	1.951000E-1
400	3.110000E-1
410	4.263000E-1
420	4.631000E-1
430	4.663000E-1
440	4.671000E-1
450	4.665000E-1
460	4.641000E-1
470	4.610000E-1
480	4.567000E-1
490	4.535000E-1
500	4.495000E-1
510	4.455000E-1
520	4.415000E-1
530	4.359000E-1
540	4.320000E-1
550	4.304000E-1
560	4.258000E-1
570	4.245000E-1
580	4.236000E-1
590	4.247000E-1
600	4.251000E-1
610	4.242000E-1
620	4.208000E-1
630	4.177000E-1
640	4.168000E-1
650	4.178000E-1
660	4.180000E-1
670	4.180000E-1
680	4.180000E-1
690	4.172000E-1
700	4.155000E-1
710	4.144000E-1
720	4.125000E-1
730	4.116000E-1
"5PB 7/2"	""	""	
380	1.457000E-1
390	1.963000E-1
400	3.207000E-1
410	4.503000E-1
420	4.936000E-1
430	4.972000E-1
440	4.947000E-1
450	4.915000E-1
460	4.889000E-1
470	4.848000E-1
480	4.788000E-1
490	4.738000E-1
500	4.666000E-1
510	4.586000E-1
520	4.511000E-1
530	4.427000E-1
540	4.354000E-1
550	4.296000E-1
560	4.216000E-1
570	4.171000E-1
580	4.149000E-1
590	4.166000E-1
600	4.166000E-1
610	4.159000E-1
620	4.147000E-1
630	4.132000E-1
640	4.120000E-1
650	4.121000E-1
660	4.134000E-1
670	4.154000E-1
680	4.180000E-1
690	4.205000E-1
700	4.229000E-1
710	4.250000E-1
720	4.255000E-1
730	4.265000E-1
"5PB 7/4"	""	""	
380	1.559000E-1
390	2.119000E-1
400	3.539000E-1
410	5.060000E-1
420	5.645000E-1
430	5.760000E-1
440	5.794000E-1
450	5.809000E-1
460	5.805000E-1
470	5.755000E-1
480	5.667000E-1
490	5.539000E-1
500	5.350000E-1
510	5.139000E-1
520	4.889000E-1
530	4.611000E-1
540	4.412000E-1
550	4.254000E-1
560	4.014000E-1
570	3.833000E-1
580	3.783000E-1
590	3.826000E-1
600	3.845000E-1
610	3.810000E-1
620	3.785000E-1
630	3.846000E-1
640	4.010000E-1
650	4.210000E-1
660	4.363000E-1
670	4.400000E-1
680	4.327000E-1
690	4.221000E-1
700	4.190000E-1
710	4.230000E-1
720	4.303000E-1
730	4.412000E-1
"5PB 7/6"	""	""	
380	1.601000E-1
390	2.072000E-1
400	3.508000E-1
410	5.274000E-1
420	6.102000E-1
430	6.349000E-1
440	6.502000E-1
450	6.615000E-1
460	6.656000E-1
470	6.595000E-1
480	6.397000E-1
490	6.100000E-1
500	5.716000E-1
510	5.303000E-1
520	4.920000E-1
530	4.586000E-1
540	4.321000E-1
550	4.108000E-1
560	3.910000E-1
570	3.789000E-1
580	3.686000E-1
590	3.606000E-1
600	3.534000E-1
610	3.479000E-1
620	3.446000E-1
630	3.437000E-1
640	3.451000E-1
650	3.500000E-1
660	3.590000E-1
670	3.720000E-1
680	3.897000E-1
690	4.110000E-1
700	4.346000E-1
710	4.586000E-1
720	4.837000E-1
730	5.121000E-1
"5PB 7/8"	""	""	
380	1.541000E-1
390	1.980000E-1
400	3.512000E-1
410	5.574000E-1
420	6.726000E-1
430	7.128000E-1
440	7.365000E-1
450	7.591000E-1
460	7.664000E-1
470	7.538000E-1
480	7.232000E-1
490	6.819000E-1
500	6.309000E-1
510	5.772000E-1
520	5.267000E-1
530	4.808000E-1
540	4.405000E-1
550	4.024000E-1
560	3.639000E-1
570	3.372000E-1
580	3.259000E-1
590	3.225000E-1
600	3.165000E-1
610	3.115000E-1
620	3.130000E-1
630	3.222000E-1
640	3.360000E-1
650	3.508000E-1
660	3.645000E-1
670	3.721000E-1
680	3.721000E-1
690	3.715000E-1
700	3.790000E-1
710	3.948000E-1
720	4.152000E-1
730	4.416000E-1
"5PB 8/1"	""	""	
380	1.662000E-1
390	2.133000E-1
400	3.602000E-1
410	5.373000E-1
420	6.129000E-1
430	6.229000E-1
440	6.194000E-1
450	6.165000E-1
460	6.146000E-1
470	6.111000E-1
480	6.067000E-1
490	6.043000E-1
500	6.003000E-1
510	5.961000E-1
520	5.928000E-1
530	5.875000E-1
540	5.836000E-1
550	5.821000E-1
560	5.777000E-1
570	5.772000E-1
580	5.755000E-1
590	5.757000E-1
600	5.758000E-1
610	5.752000E-1
620	5.731000E-1
630	5.709000E-1
640	5.695000E-1
650	5.692000E-1
660	5.694000E-1
670	5.694000E-1
680	5.698000E-1
690	5.689000E-1
700	5.680000E-1
710	5.672000E-1
720	5.654000E-1
730	5.646000E-1
"5PB 8/2"	""	""	
380	1.641000E-1
390	2.095000E-1
400	3.610000E-1
410	5.603000E-1
420	6.554000E-1
430	6.703000E-1
440	6.694000E-1
450	6.675000E-1
460	6.654000E-1
470	6.613000E-1
480	6.551000E-1
490	6.493000E-1
500	6.401000E-1
510	6.300000E-1
520	6.190000E-1
530	6.051000E-1
540	5.947000E-1
550	5.878000E-1
560	5.749000E-1
570	5.667000E-1
580	5.634000E-1
590	5.661000E-1
600	5.672000E-1
610	5.648000E-1
620	5.613000E-1
630	5.619000E-1
640	5.675000E-1
650	5.749000E-1
660	5.804000E-1
670	5.804000E-1
680	5.773000E-1
690	5.720000E-1
700	5.697000E-1
710	5.700000E-1
720	5.723000E-1
730	5.769000E-1
"5PB 8/4"	""	""	
380	1.671000E-1
390	2.170000E-1
400	3.750000E-1
410	6.054000E-1
420	7.407000E-1
430	7.737000E-1
440	7.819000E-1
450	7.871000E-1
460	7.879000E-1
470	7.824000E-1
480	7.707000E-1
490	7.536000E-1
500	7.294000E-1
510	7.030000E-1
520	6.728000E-1
530	6.389000E-1
540	6.131000E-1
550	5.911000E-1
560	5.603000E-1
570	5.371000E-1
580	5.285000E-1
590	5.304000E-1
600	5.297000E-1
610	5.245000E-1
620	5.223000E-1
630	5.298000E-1
640	5.478000E-1
650	5.690000E-1
660	5.855000E-1
670	5.888000E-1
680	5.791000E-1
690	5.663000E-1
700	5.621000E-1
710	5.661000E-1
720	5.750000E-1
730	5.886000E-1
"5PB 8/6"	""	""	
380	1.751000E-1
390	2.190000E-1
400	3.754000E-1
410	6.130000E-1
420	7.667000E-1
430	8.136000E-1
440	8.329000E-1
450	8.494000E-1
460	8.552000E-1
470	8.486000E-1
480	8.309000E-1
490	8.027000E-1
500	7.650000E-1
510	7.253000E-1
520	6.826000E-1
530	6.380000E-1
540	6.030000E-1
550	5.717000E-1
560	5.324000E-1
570	5.030000E-1
580	4.899000E-1
590	4.882000E-1
600	4.851000E-1
610	4.803000E-1
620	4.806000E-1
630	4.918000E-1
640	5.126000E-1
650	5.362000E-1
660	5.547000E-1
670	5.586000E-1
680	5.507000E-1
690	5.405000E-1
700	5.402000E-1
710	5.506000E-1
720	5.650000E-1
730	5.849000E-1
"5PB 9/1"	""	""	
380	1.853000E-1
390	2.175000E-1
400	3.732000E-1
410	6.025000E-1
420	7.465000E-1
430	7.859000E-1
440	7.961000E-1
450	8.058000E-1
460	8.174000E-1
470	8.250000E-1
480	8.269000E-1
490	8.256000E-1
500	8.159000E-1
510	8.024000E-1
520	7.857000E-1
530	7.682000E-1
540	7.602000E-1
550	7.573000E-1
560	7.444000E-1
570	7.396000E-1
580	7.576000E-1
590	7.807000E-1
600	7.810000E-1
610	7.682000E-1
620	7.539000E-1
630	7.472000E-1
640	7.490000E-1
650	7.560000E-1
660	7.676000E-1
670	7.833000E-1
680	8.015000E-1
690	8.170000E-1
700	8.280000E-1
710	8.334000E-1
720	8.326000E-1
730	8.332000E-1
"5PB 9/2"	""	""	
380	1.870000E-1
390	2.205000E-1
400	3.808000E-1
410	6.315000E-1
420	8.062000E-1
430	8.565000E-1
440	8.664000E-1
450	8.730000E-1
460	8.785000E-1
470	8.788000E-1
480	8.745000E-1
490	8.692000E-1
500	8.575000E-1
510	8.446000E-1
520	8.302000E-1
530	8.120000E-1
540	7.996000E-1
550	7.918000E-1
560	7.768000E-1
570	7.685000E-1
580	7.673000E-1
590	7.734000E-1
600	7.770000E-1
610	7.760000E-1
620	7.739000E-1
630	7.773000E-1
640	7.879000E-1
650	8.025000E-1
660	8.142000E-1
670	8.164000E-1
680	8.149000E-1
690	8.127000E-1
700	8.129000E-1
710	8.176000E-1
720	8.230000E-1
730	8.312000E-1
"7.5PB 2.5/2"	""	""	
380	4.770000E-2
390	5.720000E-2
400	5.970000E-2
410	6.170000E-2
420	6.500000E-2
430	6.650000E-2
440	6.900000E-2
450	7.250000E-2
460	7.320000E-2
470	7.170000E-2
480	6.830000E-2
490	6.240000E-2
500	5.580000E-2
510	5.090000E-2
520	4.750000E-2
530	4.530000E-2
540	4.420000E-2
550	4.370000E-2
560	4.310000E-2
570	4.320000E-2
580	4.340000E-2
590	4.350000E-2
600	4.330000E-2
610	4.370000E-2
620	4.440000E-2
630	4.460000E-2
640	4.480000E-2
650	4.490000E-2
660	4.510000E-2
670	4.450000E-2
680	4.410000E-2
690	4.440000E-2
700	4.530000E-2
710	4.590000E-2
720	4.660000E-2
730	4.750000E-2
"7.5PB 2.5/4"	""	""	
380	4.840000E-2
390	5.700000E-2
400	6.050000E-2
410	6.680000E-2
420	7.220000E-2
430	7.720000E-2
440	8.610000E-2
450	9.720000E-2
460	1.016000E-1
470	9.890000E-2
480	9.050000E-2
490	7.700000E-2
500	6.350000E-2
510	5.350000E-2
520	4.690000E-2
530	4.320000E-2
540	4.160000E-2
550	4.050000E-2
560	3.980000E-2
570	4.000000E-2
580	4.040000E-2
590	4.050000E-2
600	4.080000E-2
610	4.130000E-2
620	4.200000E-2
630	4.250000E-2
640	4.300000E-2
650	4.330000E-2
660	4.310000E-2
670	4.240000E-2
680	4.210000E-2
690	4.240000E-2
700	4.300000E-2
710	4.360000E-2
720	4.470000E-2
730	4.600000E-2
"7.5PB 2.5/6"	""	""	
380	5.050000E-2
390	6.390000E-2
400	7.650000E-2
410	8.890000E-2
420	9.630000E-2
430	1.050000E-1
440	1.182000E-1
450	1.329000E-1
460	1.340000E-1
470	1.236000E-1
480	1.070000E-1
490	8.740000E-2
500	7.050000E-2
510	5.900000E-2
520	5.070000E-2
530	4.510000E-2
540	4.170000E-2
550	3.960000E-2
560	3.770000E-2
570	3.730000E-2
580	3.750000E-2
590	3.800000E-2
600	3.810000E-2
610	3.800000E-2
620	3.850000E-2
630	3.920000E-2
640	4.010000E-2
650	4.060000E-2
660	4.100000E-2
670	4.080000E-2
680	4.000000E-2
690	3.960000E-2
700	4.000000E-2
710	4.120000E-2
720	4.260000E-2
730	4.510000E-2
"7.5PB 3/2"	""	""	
380	6.870000E-2
390	7.820000E-2
400	9.090000E-2
410	9.790000E-2
420	9.760000E-2
430	9.810000E-2
440	9.740000E-2
450	9.630000E-2
460	9.420000E-2
470	9.160000E-2
480	8.760000E-2
490	8.240000E-2
500	7.630000E-2
510	7.080000E-2
520	6.590000E-2
530	6.150000E-2
540	5.930000E-2
550	5.820000E-2
560	5.680000E-2
570	5.630000E-2
580	5.700000E-2
590	5.870000E-2
600	5.970000E-2
610	5.910000E-2
620	5.800000E-2
630	5.850000E-2
640	6.080000E-2
650	6.450000E-2
660	6.770000E-2
670	6.960000E-2
680	6.970000E-2
690	6.880000E-2
700	6.870000E-2
710	6.940000E-2
720	7.110000E-2
730	7.210000E-2
"7.5PB 3/4"	""	""	
380	6.720000E-2
390	9.180000E-2
400	1.105000E-1
410	1.223000E-1
420	1.285000E-1
430	1.310000E-1
440	1.317000E-1
450	1.316000E-1
460	1.286000E-1
470	1.213000E-1
480	1.104000E-1
490	9.760000E-2
500	8.500000E-2
510	7.510000E-2
520	6.710000E-2
530	6.090000E-2
540	5.740000E-2
550	5.580000E-2
560	5.410000E-2
570	5.310000E-2
580	5.250000E-2
590	5.230000E-2
600	5.220000E-2
610	5.260000E-2
620	5.330000E-2
630	5.400000E-2
640	5.450000E-2
650	5.590000E-2
660	5.830000E-2
670	6.210000E-2
680	6.820000E-2
690	7.770000E-2
700	9.310000E-2
710	1.158000E-1
720	1.457000E-1
730	1.809000E-1
"7.5PB 3/6"	""	""	
380	6.860000E-2
390	8.950000E-2
400	1.103000E-1
410	1.328000E-1
420	1.436000E-1
430	1.504000E-1
440	1.599000E-1
450	1.683000E-1
460	1.631000E-1
470	1.500000E-1
480	1.318000E-1
490	1.125000E-1
500	9.720000E-2
510	8.580000E-2
520	7.360000E-2
530	6.320000E-2
540	5.760000E-2
550	5.470000E-2
560	5.130000E-2
570	5.000000E-2
580	5.020000E-2
590	5.060000E-2
600	5.040000E-2
610	5.040000E-2
620	5.100000E-2
630	5.190000E-2
640	5.330000E-2
650	5.490000E-2
660	5.560000E-2
670	5.500000E-2
680	5.330000E-2
690	5.250000E-2
700	5.270000E-2
710	5.380000E-2
720	5.560000E-2
730	5.860000E-2
"7.5PB 3/8"	""	""	
380	7.420000E-2
390	8.980000E-2
400	1.085000E-1
410	1.273000E-1
420	1.440000E-1
430	1.626000E-1
440	1.884000E-1
450	2.133000E-1
460	2.178000E-1
470	2.009000E-1
480	1.680000E-1
490	1.310000E-1
500	1.000000E-1
510	7.950000E-2
520	6.730000E-2
530	5.990000E-2
540	5.530000E-2
550	5.240000E-2
560	5.020000E-2
570	4.900000E-2
580	4.810000E-2
590	4.750000E-2
600	4.730000E-2
610	4.720000E-2
620	4.720000E-2
630	4.740000E-2
640	4.760000E-2
650	4.840000E-2
660	4.900000E-2
670	5.010000E-2
680	5.160000E-2
690	5.340000E-2
700	5.660000E-2
710	6.110000E-2
720	6.740000E-2
730	7.630000E-2
"7.5PB 3/10"	""	""	
380	7.540000E-2
390	9.230000E-2
400	1.154000E-1
410	1.458000E-1
420	1.755000E-1
430	2.049000E-1
440	2.412000E-1
450	2.751000E-1
460	2.828000E-1
470	2.622000E-1
480	2.191000E-1
490	1.673000E-1
500	1.209000E-1
510	8.880000E-2
520	6.990000E-2
530	5.940000E-2
540	5.370000E-2
550	5.040000E-2
560	4.810000E-2
570	4.700000E-2
580	4.610000E-2
590	4.560000E-2
600	4.530000E-2
610	4.510000E-2
620	4.520000E-2
630	4.550000E-2
640	4.600000E-2
650	4.650000E-2
660	4.750000E-2
670	4.910000E-2
680	5.120000E-2
690	5.420000E-2
700	5.940000E-2
710	6.810000E-2
720	8.030000E-2
730	9.710000E-2
"7.5PB 4/2"	""	""	
380	8.230000E-2
390	1.106000E-1
400	1.417000E-1
410	1.567000E-1
420	1.586000E-1
430	1.580000E-1
440	1.565000E-1
450	1.554000E-1
460	1.537000E-1
470	1.512000E-1
480	1.483000E-1
490	1.438000E-1
500	1.378000E-1
510	1.314000E-1
520	1.246000E-1
530	1.175000E-1
540	1.138000E-1
550	1.128000E-1
560	1.101000E-1
570	1.089000E-1
580	1.110000E-1
590	1.152000E-1
600	1.180000E-1
610	1.173000E-1
620	1.139000E-1
630	1.117000E-1
640	1.132000E-1
650	1.167000E-1
660	1.197000E-1
670	1.217000E-1
680	1.230000E-1
690	1.234000E-1
700	1.241000E-1
710	1.243000E-1
720	1.234000E-1
730	1.232000E-1
"7.5PB 4/4"	""	""	
380	9.410000E-2
390	1.296000E-1
400	1.680000E-1
410	1.930000E-1
420	1.988000E-1
430	2.002000E-1
440	1.997000E-1
450	1.991000E-1
460	1.964000E-1
470	1.917000E-1
480	1.844000E-1
490	1.736000E-1
500	1.600000E-1
510	1.466000E-1
520	1.323000E-1
530	1.190000E-1
540	1.122000E-1
550	1.090000E-1
560	1.034000E-1
570	9.950000E-2
580	1.009000E-1
590	1.063000E-1
600	1.103000E-1
610	1.098000E-1
620	1.068000E-1
630	1.071000E-1
640	1.134000E-1
650	1.237000E-1
660	1.332000E-1
670	1.379000E-1
680	1.377000E-1
690	1.355000E-1
700	1.345000E-1
710	1.362000E-1
720	1.387000E-1
730	1.422000E-1
"7.5PB 4/6"	""	""	
380	9.810000E-2
390	1.362000E-1
400	1.905000E-1
410	2.309000E-1
420	2.441000E-1
430	2.491000E-1
440	2.529000E-1
450	2.529000E-1
460	2.473000E-1
470	2.388000E-1
480	2.285000E-1
490	2.115000E-1
500	1.877000E-1
510	1.641000E-1
520	1.402000E-1
530	1.202000E-1
540	1.112000E-1
550	1.078000E-1
560	1.017000E-1
570	9.700000E-2
580	9.760000E-2
590	1.028000E-1
600	1.071000E-1
610	1.063000E-1
620	1.020000E-1
630	1.006000E-1
640	1.059000E-1
650	1.175000E-1
660	1.317000E-1
670	1.419000E-1
680	1.447000E-1
690	1.425000E-1
700	1.361000E-1
710	1.312000E-1
720	1.344000E-1
730	1.487000E-1
"7.5PB 4/8"	""	""	
380	1.039000E-1
390	1.485000E-1
400	2.126000E-1
410	2.632000E-1
420	2.844000E-1
430	2.947000E-1
440	3.026000E-1
450	3.062000E-1
460	2.989000E-1
470	2.842000E-1
480	2.614000E-1
490	2.286000E-1
500	1.940000E-1
510	1.663000E-1
520	1.409000E-1
530	1.203000E-1
540	1.100000E-1
550	1.041000E-1
560	9.590000E-2
570	9.010000E-2
580	9.030000E-2
590	9.460000E-2
600	9.770000E-2
610	9.670000E-2
620	9.420000E-2
630	9.570000E-2
640	1.043000E-1
650	1.182000E-1
660	1.324000E-1
670	1.394000E-1
680	1.368000E-1
690	1.314000E-1
700	1.300000E-1
710	1.334000E-1
720	1.392000E-1
730	1.472000E-1
"7.5PB 4/10"	""	""	
380	1.040000E-1
390	1.452000E-1
400	2.234000E-1
410	2.955000E-1
420	3.290000E-1
430	3.536000E-1
440	3.747000E-1
450	3.806000E-1
460	3.635000E-1
470	3.336000E-1
480	2.921000E-1
490	2.414000E-1
500	1.955000E-1
510	1.623000E-1
520	1.347000E-1
530	1.141000E-1
540	1.039000E-1
550	9.860000E-2
560	9.140000E-2
570	8.590000E-2
580	8.490000E-2
590	8.680000E-2
600	8.710000E-2
610	8.470000E-2
620	8.170000E-2
630	8.090000E-2
640	8.420000E-2
650	9.120000E-2
660	1.000000E-1
670	1.069000E-1
680	1.097000E-1
690	1.094000E-1
700	1.069000E-1
710	1.050000E-1
720	1.091000E-1
730	1.228000E-1
"7.5PB 4/12"	""	""	
380	1.152000E-1
390	1.650000E-1
400	2.547000E-1
410	3.353000E-1
420	3.761000E-1
430	4.017000E-1
440	4.234000E-1
450	4.357000E-1
460	4.280000E-1
470	3.951000E-1
480	3.420000E-1
490	2.818000E-1
500	2.263000E-1
510	1.822000E-1
520	1.504000E-1
530	1.279000E-1
540	1.126000E-1
550	1.023000E-1
560	9.460000E-2
570	8.980000E-2
580	8.630000E-2
590	8.400000E-2
600	8.220000E-2
610	8.140000E-2
620	8.150000E-2
630	8.200000E-2
640	8.370000E-2
650	8.670000E-2
660	9.200000E-2
670	1.000000E-1
680	1.120000E-1
690	1.297000E-1
700	1.540000E-1
710	1.863000E-1
720	2.252000E-1
730	2.692000E-1
"7.5PB 5/2"	""	""	
380	1.076000E-1
390	1.503000E-1
400	2.043000E-1
410	2.372000E-1
420	2.433000E-1
430	2.434000E-1
440	2.420000E-1
450	2.404000E-1
460	2.381000E-1
470	2.354000E-1
480	2.317000E-1
490	2.267000E-1
500	2.199000E-1
510	2.126000E-1
520	2.041000E-1
530	1.949000E-1
540	1.896000E-1
550	1.877000E-1
560	1.833000E-1
570	1.809000E-1
580	1.830000E-1
590	1.884000E-1
600	1.920000E-1
610	1.915000E-1
620	1.882000E-1
630	1.865000E-1
640	1.898000E-1
650	1.952000E-1
660	1.995000E-1
670	2.013000E-1
680	2.010000E-1
690	2.000000E-1
700	1.992000E-1
710	1.991000E-1
720	1.991000E-1
730	1.994000E-1
"7.5PB 5/4"	""	""	
380	1.197000E-1
390	1.688000E-1
400	2.375000E-1
410	2.843000E-1
420	2.967000E-1
430	2.986000E-1
440	2.980000E-1
450	2.970000E-1
460	2.939000E-1
470	2.890000E-1
480	2.816000E-1
490	2.704000E-1
500	2.551000E-1
510	2.394000E-1
520	2.218000E-1
530	2.041000E-1
540	1.944000E-1
550	1.897000E-1
560	1.810000E-1
570	1.747000E-1
580	1.769000E-1
590	1.852000E-1
600	1.907000E-1
610	1.899000E-1
620	1.855000E-1
630	1.857000E-1
640	1.946000E-1
650	2.078000E-1
660	2.192000E-1
670	2.245000E-1
680	2.234000E-1
690	2.198000E-1
700	2.188000E-1
710	2.208000E-1
720	2.232000E-1
730	2.268000E-1
"7.5PB 5/6"	""	""	
380	1.241000E-1
390	1.757000E-1
400	2.623000E-1
410	3.303000E-1
420	3.516000E-1
430	3.574000E-1
440	3.601000E-1
450	3.606000E-1
460	3.556000E-1
470	3.470000E-1
480	3.323000E-1
490	3.097000E-1
500	2.822000E-1
510	2.557000E-1
520	2.278000E-1
530	2.023000E-1
540	1.891000E-1
550	1.821000E-1
560	1.702000E-1
570	1.617000E-1
580	1.636000E-1
590	1.729000E-1
600	1.795000E-1
610	1.784000E-1
620	1.738000E-1
630	1.757000E-1
640	1.894000E-1
650	2.098000E-1
660	2.289000E-1
670	2.380000E-1
680	2.362000E-1
690	2.300000E-1
700	2.289000E-1
710	2.327000E-1
720	2.390000E-1
730	2.482000E-1
"7.5PB 5/8"	""	""	
380	1.383000E-1
390	1.864000E-1
400	2.912000E-1
410	3.793000E-1
420	4.110000E-1
430	4.220000E-1
440	4.265000E-1
450	4.274000E-1
460	4.188000E-1
470	4.005000E-1
480	3.727000E-1
490	3.323000E-1
500	2.893000E-1
510	2.530000E-1
520	2.204000E-1
530	1.967000E-1
540	1.849000E-1
550	1.765000E-1
560	1.626000E-1
570	1.524000E-1
580	1.516000E-1
590	1.580000E-1
600	1.622000E-1
610	1.602000E-1
620	1.566000E-1
630	1.604000E-1
640	1.749000E-1
650	1.960000E-1
660	2.158000E-1
670	2.244000E-1
680	2.184000E-1
690	2.091000E-1
700	2.080000E-1
710	2.149000E-1
720	2.242000E-1
730	2.362000E-1
"7.5PB 5/10"	""	""	
380	1.275000E-1
390	1.820000E-1
400	2.898000E-1
410	4.083000E-1
420	4.655000E-1
430	4.898000E-1
440	5.105000E-1
450	5.230000E-1
460	5.112000E-1
470	4.814000E-1
480	4.385000E-1
490	3.796000E-1
500	3.217000E-1
510	2.758000E-1
520	2.337000E-1
530	1.990000E-1
540	1.813000E-1
550	1.705000E-1
560	1.552000E-1
570	1.443000E-1
580	1.443000E-1
590	1.510000E-1
600	1.556000E-1
610	1.541000E-1
620	1.501000E-1
630	1.526000E-1
640	1.668000E-1
650	1.892000E-1
660	2.111000E-1
670	2.211000E-1
680	2.168000E-1
690	2.082000E-1
700	2.062000E-1
710	2.109000E-1
720	2.191000E-1
730	2.332000E-1
"7.5PB 5/12"	""	""	
380	1.323000E-1
390	1.834000E-1
400	2.973000E-1
410	4.045000E-1
420	4.572000E-1
430	4.870000E-1
440	5.127000E-1
450	5.338000E-1
460	5.327000E-1
470	5.091000E-1
480	4.662000E-1
490	4.024000E-1
500	3.369000E-1
510	2.850000E-1
520	2.402000E-1
530	2.083000E-1
540	1.921000E-1
550	1.789000E-1
560	1.597000E-1
570	1.456000E-1
580	1.434000E-1
590	1.490000E-1
600	1.522000E-1
610	1.500000E-1
620	1.495000E-1
630	1.581000E-1
640	1.780000E-1
650	2.051000E-1
660	2.304000E-1
670	2.396000E-1
680	2.298000E-1
690	2.161000E-1
700	2.157000E-1
710	2.267000E-1
720	2.426000E-1
730	2.651000E-1
"7.5PB 6/2"	""	""	
380	1.298000E-1
390	1.854000E-1
400	2.766000E-1
410	3.448000E-1
420	3.625000E-1
430	3.635000E-1
440	3.621000E-1
450	3.610000E-1
460	3.585000E-1
470	3.554000E-1
480	3.509000E-1
490	3.451000E-1
500	3.370000E-1
510	3.283000E-1
520	3.180000E-1
530	3.062000E-1
540	2.998000E-1
550	2.975000E-1
560	2.917000E-1
570	2.886000E-1
580	2.912000E-1
590	2.981000E-1
600	3.031000E-1
610	3.031000E-1
620	2.986000E-1
630	2.960000E-1
640	2.999000E-1
650	3.065000E-1
660	3.119000E-1
670	3.142000E-1
680	3.140000E-1
690	3.127000E-1
700	3.116000E-1
710	3.110000E-1
720	3.107000E-1
730	3.112000E-1
"7.5PB 6/4"	""	""	
380	1.266000E-1
390	1.872000E-1
400	2.905000E-1
410	3.841000E-1
420	4.147000E-1
430	4.164000E-1
440	4.141000E-1
450	4.120000E-1
460	4.077000E-1
470	4.005000E-1
480	3.915000E-1
490	3.785000E-1
500	3.613000E-1
510	3.439000E-1
520	3.244000E-1
530	3.039000E-1
540	2.921000E-1
550	2.859000E-1
560	2.746000E-1
570	2.670000E-1
580	2.690000E-1
590	2.779000E-1
600	2.835000E-1
610	2.822000E-1
620	2.768000E-1
630	2.760000E-1
640	2.845000E-1
650	2.980000E-1
660	3.097000E-1
670	3.145000E-1
680	3.130000E-1
690	3.090000E-1
700	3.074000E-1
710	3.091000E-1
720	3.112000E-1
730	3.146000E-1
"7.5PB 6/6"	""	""	
380	1.351000E-1
390	1.842000E-1
400	3.028000E-1
410	4.259000E-1
420	4.734000E-1
430	4.828000E-1
440	4.858000E-1
450	4.857000E-1
460	4.794000E-1
470	4.674000E-1
480	4.493000E-1
490	4.213000E-1
500	3.874000E-1
510	3.555000E-1
520	3.216000E-1
530	2.902000E-1
540	2.735000E-1
550	2.648000E-1
560	2.497000E-1
570	2.391000E-1
580	2.418000E-1
590	2.539000E-1
600	2.626000E-1
610	2.620000E-1
620	2.554000E-1
630	2.567000E-1
640	2.724000E-1
650	2.969000E-1
660	3.200000E-1
670	3.316000E-1
680	3.304000E-1
690	3.240000E-1
700	3.226000E-1
710	3.269000E-1
720	3.334000E-1
730	3.430000E-1
"7.5PB 6/8"	""	""	
380	1.389000E-1
390	1.946000E-1
400	3.237000E-1
410	4.760000E-1
420	5.465000E-1
430	5.672000E-1
440	5.783000E-1
450	5.841000E-1
460	5.757000E-1
470	5.553000E-1
480	5.246000E-1
490	4.801000E-1
500	4.310000E-1
510	3.883000E-1
520	3.459000E-1
530	3.081000E-1
540	2.867000E-1
550	2.736000E-1
560	2.541000E-1
570	2.396000E-1
580	2.397000E-1
590	2.494000E-1
600	2.557000E-1
610	2.532000E-1
620	2.477000E-1
630	2.508000E-1
640	2.683000E-1
650	2.951000E-1
660	3.212000E-1
670	3.333000E-1
680	3.293000E-1
690	3.196000E-1
700	3.173000E-1
710	3.231000E-1
720	3.317000E-1
730	3.451000E-1
"7.5PB 6/10"	""	""	
380	1.417000E-1
390	1.921000E-1
400	3.248000E-1
410	4.903000E-1
420	5.729000E-1
430	6.049000E-1
440	6.261000E-1
450	6.393000E-1
460	6.320000E-1
470	6.077000E-1
480	5.684000E-1
490	5.099000E-1
500	4.478000E-1
510	3.966000E-1
520	3.471000E-1
530	3.043000E-1
540	2.821000E-1
550	2.693000E-1
560	2.495000E-1
570	2.345000E-1
580	2.352000E-1
590	2.471000E-1
600	2.562000E-1
610	2.552000E-1
620	2.497000E-1
630	2.533000E-1
640	2.739000E-1
650	3.069000E-1
660	3.399000E-1
670	3.563000E-1
680	3.523000E-1
690	3.419000E-1
700	3.404000E-1
710	3.485000E-1
720	3.618000E-1
730	3.825000E-1
"7.5PB 7/2"	""	""	
380	1.412000E-1
390	1.973000E-1
400	3.182000E-1
410	4.429000E-1
420	4.852000E-1
430	4.882000E-1
440	4.860000E-1
450	4.846000E-1
460	4.812000E-1
470	4.754000E-1
480	4.685000E-1
490	4.621000E-1
500	4.538000E-1
510	4.446000E-1
520	4.347000E-1
530	4.246000E-1
540	4.159000E-1
550	4.065000E-1
560	3.936000E-1
570	3.894000E-1
580	4.035000E-1
590	4.207000E-1
600	4.185000E-1
610	4.091000E-1
620	4.045000E-1
630	4.030000E-1
640	4.032000E-1
650	4.096000E-1
660	4.207000E-1
670	4.256000E-1
680	4.208000E-1
690	4.111000E-1
700	3.971000E-1
710	3.853000E-1
720	3.889000E-1
730	4.126000E-1
"7.5PB 7/4"	""	""	
380	1.455000E-1
390	1.954000E-1
400	3.302000E-1
410	4.886000E-1
420	5.551000E-1
430	5.656000E-1
440	5.656000E-1
450	5.635000E-1
460	5.585000E-1
470	5.501000E-1
480	5.377000E-1
490	5.196000E-1
500	4.953000E-1
510	4.712000E-1
520	4.441000E-1
530	4.170000E-1
540	4.029000E-1
550	3.975000E-1
560	3.852000E-1
570	3.761000E-1
580	3.789000E-1
590	3.913000E-1
600	3.995000E-1
610	3.965000E-1
620	3.862000E-1
630	3.816000E-1
640	3.897000E-1
650	4.069000E-1
660	4.251000E-1
670	4.360000E-1
680	4.386000E-1
690	4.361000E-1
700	4.301000E-1
710	4.249000E-1
720	4.270000E-1
730	4.384000E-1
"7.5PB 7/6"	""	""	
380	1.602000E-1
390	2.077000E-1
400	3.565000E-1
410	5.560000E-1
420	6.585000E-1
430	6.831000E-1
440	6.914000E-1
450	6.947000E-1
460	6.892000E-1
470	6.746000E-1
480	6.511000E-1
490	6.150000E-1
500	5.716000E-1
510	5.310000E-1
520	4.882000E-1
530	4.475000E-1
540	4.251000E-1
550	4.130000E-1
560	3.919000E-1
570	3.768000E-1
580	3.801000E-1
590	3.961000E-1
600	4.069000E-1
610	4.050000E-1
620	3.975000E-1
630	4.010000E-1
640	4.235000E-1
650	4.565000E-1
660	4.872000E-1
670	5.023000E-1
680	5.000000E-1
690	4.910000E-1
700	4.890000E-1
710	4.955000E-1
720	5.067000E-1
730	5.218000E-1
"7.5PB 7/8"	""	""	
380	1.568000E-1
390	2.096000E-1
400	3.582000E-1
410	5.647000E-1
420	6.802000E-1
430	7.136000E-1
440	7.292000E-1
450	7.371000E-1
460	7.298000E-1
470	7.083000E-1
480	6.753000E-1
490	6.287000E-1
500	5.762000E-1
510	5.296000E-1
520	4.818000E-1
530	4.381000E-1
540	4.135000E-1
550	3.982000E-1
560	3.738000E-1
570	3.553000E-1
580	3.555000E-1
590	3.688000E-1
600	3.772000E-1
610	3.749000E-1
620	3.694000E-1
630	3.740000E-1
640	3.955000E-1
650	4.270000E-1
660	4.563000E-1
670	4.695000E-1
680	4.653000E-1
690	4.559000E-1
700	4.543000E-1
710	4.605000E-1
720	4.728000E-1
730	4.929000E-1
"7.5PB 8/2"	""	""	
380	1.582000E-1
390	2.089000E-1
400	3.526000E-1
410	5.468000E-1
420	6.420000E-1
430	6.568000E-1
440	6.562000E-1
450	6.544000E-1
460	6.515000E-1
470	6.469000E-1
480	6.404000E-1
490	6.323000E-1
500	6.201000E-1
510	6.074000E-1
520	5.928000E-1
530	5.764000E-1
540	5.673000E-1
550	5.648000E-1
560	5.563000E-1
570	5.523000E-1
580	5.550000E-1
590	5.643000E-1
600	5.705000E-1
610	5.701000E-1
620	5.634000E-1
630	5.594000E-1
640	5.640000E-1
650	5.742000E-1
660	5.840000E-1
670	5.895000E-1
680	5.910000E-1
690	5.900000E-1
700	5.882000E-1
710	5.869000E-1
720	5.871000E-1
730	5.906000E-1
"7.5PB 8/4"	""	""	
380	1.711000E-1
390	2.142000E-1
400	3.628000E-1
410	5.805000E-1
420	7.068000E-1
430	7.378000E-1
440	7.454000E-1
450	7.507000E-1
460	7.514000E-1
470	7.468000E-1
480	7.340000E-1
490	7.117000E-1
500	6.805000E-1
510	6.501000E-1
520	6.162000E-1
530	5.824000E-1
540	5.639000E-1
550	5.549000E-1
560	5.369000E-1
570	5.243000E-1
580	5.270000E-1
590	5.409000E-1
600	5.492000E-1
610	5.458000E-1
620	5.366000E-1
630	5.361000E-1
640	5.516000E-1
650	5.756000E-1
660	5.989000E-1
670	6.128000E-1
680	6.177000E-1
690	6.184000E-1
700	6.225000E-1
710	6.292000E-1
720	6.355000E-1
730	6.449000E-1
"7.5PB 8/6"	""	""	
380	1.827000E-1
390	2.329000E-1
400	3.900000E-1
410	6.223000E-1
420	7.673000E-1
430	8.074000E-1
440	8.188000E-1
450	8.249000E-1
460	8.234000E-1
470	8.122000E-1
480	7.907000E-1
490	7.564000E-1
500	7.134000E-1
510	6.733000E-1
520	6.325000E-1
530	5.990000E-1
540	5.828000E-1
550	5.711000E-1
560	5.473000E-1
570	5.307000E-1
580	5.312000E-1
590	5.444000E-1
600	5.526000E-1
610	5.496000E-1
620	5.449000E-1
630	5.526000E-1
640	5.774000E-1
650	6.100000E-1
660	6.371000E-1
670	6.447000E-1
680	6.373000E-1
690	6.276000E-1
700	6.274000E-1
710	6.356000E-1
720	6.469000E-1
730	6.635000E-1
"7.5PB 9/2"	""	""	
380	1.829000E-1
390	2.254000E-1
400	3.800000E-1
410	6.261000E-1
420	8.001000E-1
430	8.515000E-1
440	8.629000E-1
450	8.697000E-1
460	8.719000E-1
470	8.696000E-1
480	8.622000E-1
490	8.516000E-1
500	8.341000E-1
510	8.161000E-1
520	7.954000E-1
530	7.731000E-1
540	7.621000E-1
550	7.583000E-1
560	7.445000E-1
570	7.368000E-1
580	7.445000E-1
590	7.623000E-1
600	7.717000E-1
610	7.700000E-1
620	7.621000E-1
630	7.592000E-1
640	7.687000E-1
650	7.881000E-1
660	8.093000E-1
670	8.213000E-1
680	8.256000E-1
690	8.258000E-1
700	8.209000E-1
710	8.158000E-1
720	8.203000E-1
730	8.373000E-1
"10PB 2.5/1"	""	""	
380	5.270000E-2
390	5.190000E-2
400	5.340000E-2
410	5.630000E-2
420	5.690000E-2
430	5.720000E-2
440	5.820000E-2
450	5.750000E-2
460	5.590000E-2
470	5.420000E-2
480	5.150000E-2
490	4.870000E-2
500	4.700000E-2
510	4.570000E-2
520	4.480000E-2
530	4.420000E-2
540	4.380000E-2
550	4.350000E-2
560	4.340000E-2
570	4.420000E-2
580	4.480000E-2
590	4.510000E-2
600	4.500000E-2
610	4.460000E-2
620	4.400000E-2
630	4.480000E-2
640	4.620000E-2
650	4.800000E-2
660	4.900000E-2
670	4.980000E-2
680	5.020000E-2
690	5.000000E-2
700	5.010000E-2
710	5.060000E-2
720	5.220000E-2
730	5.480000E-2
"10PB 2.5/2"	""	""	
380	4.760000E-2
390	6.110000E-2
400	6.630000E-2
410	7.050000E-2
420	7.240000E-2
430	7.260000E-2
440	7.260000E-2
450	7.180000E-2
460	6.860000E-2
470	6.490000E-2
480	6.070000E-2
490	5.520000E-2
500	5.040000E-2
510	4.740000E-2
520	4.500000E-2
530	4.340000E-2
540	4.280000E-2
550	4.270000E-2
560	4.250000E-2
570	4.330000E-2
580	4.460000E-2
590	4.570000E-2
600	4.590000E-2
610	4.520000E-2
620	4.460000E-2
630	4.520000E-2
640	4.730000E-2
650	5.060000E-2
660	5.400000E-2
670	5.610000E-2
680	5.640000E-2
690	5.640000E-2
700	5.670000E-2
710	5.750000E-2
720	5.870000E-2
730	6.000000E-2
"10PB 2.5/4"	""	""	
380	5.490000E-2
390	7.060000E-2
400	8.510000E-2
410	9.350000E-2
420	9.850000E-2
430	1.026000E-1
440	1.030000E-1
450	1.012000E-1
460	9.530000E-2
470	8.670000E-2
480	7.660000E-2
490	6.540000E-2
500	5.600000E-2
510	5.000000E-2
520	4.610000E-2
530	4.320000E-2
540	4.210000E-2
550	4.200000E-2
560	4.180000E-2
570	4.250000E-2
580	4.410000E-2
590	4.640000E-2
600	4.750000E-2
610	4.640000E-2
620	4.510000E-2
630	4.580000E-2
640	4.900000E-2
650	5.470000E-2
660	6.350000E-2
670	7.220000E-2
680	7.840000E-2
690	8.150000E-2
700	8.510000E-2
710	8.980000E-2
720	9.530000E-2
730	1.020000E-1
"10PB 2.5/6"	""	""	
380	5.240000E-2
390	7.080000E-2
400	8.750000E-2
410	1.002000E-1
420	1.078000E-1
430	1.134000E-1
440	1.169000E-1
450	1.142000E-1
460	1.037000E-1
470	9.020000E-2
480	7.510000E-2
490	6.030000E-2
500	5.000000E-2
510	4.450000E-2
520	4.110000E-2
530	3.970000E-2
540	3.970000E-2
550	3.980000E-2
560	3.980000E-2
570	4.110000E-2
580	4.300000E-2
590	4.470000E-2
600	4.530000E-2
610	4.430000E-2
620	4.340000E-2
630	4.460000E-2
640	4.780000E-2
650	5.320000E-2
660	6.060000E-2
670	6.730000E-2
680	7.000000E-2
690	7.000000E-2
700	7.160000E-2
710	7.530000E-2
720	8.040000E-2
730	8.720000E-2
"10PB 3/1"	""	""	
380	6.390000E-2
390	7.270000E-2
400	7.940000E-2
410	8.320000E-2
420	8.240000E-2
430	8.170000E-2
440	8.040000E-2
450	7.910000E-2
460	7.800000E-2
470	7.710000E-2
480	7.550000E-2
490	7.390000E-2
500	7.190000E-2
510	6.990000E-2
520	6.790000E-2
530	6.570000E-2
540	6.460000E-2
550	6.440000E-2
560	6.380000E-2
570	6.420000E-2
580	6.530000E-2
590	6.700000E-2
600	6.800000E-2
610	6.790000E-2
620	6.670000E-2
630	6.630000E-2
640	6.710000E-2
650	6.830000E-2
660	6.930000E-2
670	7.010000E-2
680	7.040000E-2
690	7.030000E-2
700	7.020000E-2
710	7.020000E-2
720	6.990000E-2
730	6.950000E-2
"10PB 3/2"	""	""	
380	6.520000E-2
390	8.290000E-2
400	9.210000E-2
410	1.000000E-1
420	1.001000E-1
430	1.002000E-1
440	9.910000E-2
450	9.730000E-2
460	9.530000E-2
470	9.270000E-2
480	8.870000E-2
490	8.350000E-2
500	7.720000E-2
510	7.200000E-2
520	6.710000E-2
530	6.290000E-2
540	6.100000E-2
550	6.060000E-2
560	5.990000E-2
570	6.020000E-2
580	6.240000E-2
590	6.610000E-2
600	6.910000E-2
610	6.920000E-2
620	6.660000E-2
630	6.620000E-2
640	6.950000E-2
650	7.540000E-2
660	8.170000E-2
670	8.640000E-2
680	9.010000E-2
690	9.200000E-2
700	9.300000E-2
710	9.340000E-2
720	9.310000E-2
730	9.380000E-2
"10PB 3/4"	""	""	
380	7.750000E-2
390	9.770000E-2
400	1.167000E-1
410	1.276000E-1
420	1.308000E-1
430	1.326000E-1
440	1.323000E-1
450	1.295000E-1
460	1.242000E-1
470	1.170000E-1
480	1.071000E-1
490	9.460000E-2
500	8.230000E-2
510	7.320000E-2
520	6.550000E-2
530	6.010000E-2
540	5.810000E-2
550	5.770000E-2
560	5.690000E-2
570	5.740000E-2
580	5.980000E-2
590	6.400000E-2
600	6.760000E-2
610	6.730000E-2
620	6.450000E-2
630	6.440000E-2
640	6.910000E-2
650	7.800000E-2
660	8.910000E-2
670	9.960000E-2
680	1.073000E-1
690	1.120000E-1
700	1.156000E-1
710	1.188000E-1
720	1.214000E-1
730	1.238000E-1
"10PB 3/6"	""	""	
380	7.770000E-2
390	1.032000E-1
400	1.328000E-1
410	1.539000E-1
420	1.623000E-1
430	1.677000E-1
440	1.698000E-1
450	1.665000E-1
460	1.575000E-1
470	1.444000E-1
480	1.276000E-1
490	1.066000E-1
500	8.820000E-2
510	7.560000E-2
520	6.590000E-2
530	5.910000E-2
540	5.670000E-2
550	5.640000E-2
560	5.530000E-2
570	5.560000E-2
580	5.820000E-2
590	6.330000E-2
600	6.850000E-2
610	6.880000E-2
620	6.480000E-2
630	6.400000E-2
640	7.010000E-2
650	8.370000E-2
660	1.046000E-1
670	1.277000E-1
680	1.481000E-1
690	1.630000E-1
700	1.747000E-1
710	1.841000E-1
720	1.915000E-1
730	1.991000E-1
"10PB 3/8"	""	""	
380	9.090000E-2
390	1.227000E-1
400	1.656000E-1
410	2.016000E-1
420	2.221000E-1
430	2.259000E-1
440	2.135000E-1
450	1.910000E-1
460	1.646000E-1
470	1.396000E-1
480	1.147000E-1
490	9.300000E-2
500	7.860000E-2
510	6.890000E-2
520	6.100000E-2
530	5.510000E-2
540	5.270000E-2
550	5.250000E-2
560	5.180000E-2
570	5.190000E-2
580	5.420000E-2
590	5.670000E-2
600	5.820000E-2
610	5.860000E-2
620	5.870000E-2
630	5.910000E-2
640	5.980000E-2
650	6.160000E-2
660	6.450000E-2
670	6.970000E-2
680	7.850000E-2
690	9.410000E-2
700	1.199000E-1
710	1.582000E-1
720	2.096000E-1
730	2.698000E-1
"10PB 4/1"	""	""	
380	8.380000E-2
390	1.040000E-1
400	1.260000E-1
410	1.367000E-1
420	1.360000E-1
430	1.352000E-1
440	1.331000E-1
450	1.320000E-1
460	1.306000E-1
470	1.293000E-1
480	1.274000E-1
490	1.256000E-1
500	1.234000E-1
510	1.207000E-1
520	1.176000E-1
530	1.141000E-1
540	1.124000E-1
550	1.126000E-1
560	1.122000E-1
570	1.121000E-1
580	1.124000E-1
590	1.137000E-1
600	1.155000E-1
610	1.176000E-1
620	1.193000E-1
630	1.197000E-1
640	1.193000E-1
650	1.187000E-1
660	1.180000E-1
670	1.174000E-1
680	1.167000E-1
690	1.160000E-1
700	1.151000E-1
710	1.147000E-1
720	1.139000E-1
730	1.131000E-1
"10PB 4/2"	""	""	
380	8.860000E-2
390	1.141000E-1
400	1.426000E-1
410	1.588000E-1
420	1.598000E-1
430	1.585000E-1
440	1.560000E-1
450	1.523000E-1
460	1.489000E-1
470	1.444000E-1
480	1.395000E-1
490	1.344000E-1
500	1.284000E-1
510	1.235000E-1
520	1.200000E-1
530	1.156000E-1
540	1.120000E-1
550	1.116000E-1
560	1.121000E-1
570	1.117000E-1
580	1.090000E-1
590	1.087000E-1
600	1.129000E-1
610	1.193000E-1
620	1.239000E-1
630	1.257000E-1
640	1.262000E-1
650	1.263000E-1
660	1.264000E-1
670	1.265000E-1
680	1.268000E-1
690	1.269000E-1
700	1.266000E-1
710	1.268000E-1
720	1.262000E-1
730	1.260000E-1
"10PB 4/4"	""	""	
380	1.015000E-1
390	1.381000E-1
400	1.793000E-1
410	2.051000E-1
420	2.109000E-1
430	2.125000E-1
440	2.115000E-1
450	2.089000E-1
460	2.051000E-1
470	1.991000E-1
480	1.905000E-1
490	1.777000E-1
500	1.621000E-1
510	1.474000E-1
520	1.321000E-1
530	1.188000E-1
540	1.132000E-1
550	1.120000E-1
560	1.088000E-1
570	1.076000E-1
580	1.132000E-1
590	1.241000E-1
600	1.330000E-1
610	1.340000E-1
620	1.283000E-1
630	1.261000E-1
640	1.337000E-1
650	1.472000E-1
660	1.606000E-1
670	1.699000E-1
680	1.749000E-1
690	1.772000E-1
700	1.787000E-1
710	1.794000E-1
720	1.803000E-1
730	1.804000E-1
"10PB 4/6"	""	""	
380	1.043000E-1
390	1.446000E-1
400	1.973000E-1
410	2.336000E-1
420	2.444000E-1
430	2.486000E-1
440	2.495000E-1
450	2.464000E-1
460	2.396000E-1
470	2.290000E-1
480	2.132000E-1
490	1.902000E-1
500	1.650000E-1
510	1.439000E-1
520	1.244000E-1
530	1.087000E-1
540	1.024000E-1
550	1.013000E-1
560	9.810000E-2
570	9.670000E-2
580	1.024000E-1
590	1.152000E-1
600	1.276000E-1
610	1.295000E-1
620	1.216000E-1
630	1.187000E-1
640	1.296000E-1
650	1.516000E-1
660	1.779000E-1
670	1.998000E-1
680	2.140000E-1
690	2.220000E-1
700	2.271000E-1
710	2.309000E-1
720	2.342000E-1
730	2.369000E-1
"10PB 4/8"	""	""	
380	1.081000E-1
390	1.496000E-1
400	2.173000E-1
410	2.663000E-1
420	2.850000E-1
430	2.951000E-1
440	2.973000E-1
450	2.929000E-1
460	2.813000E-1
470	2.627000E-1
480	2.371000E-1
490	2.024000E-1
500	1.684000E-1
510	1.426000E-1
520	1.206000E-1
530	1.037000E-1
540	9.700000E-2
550	9.570000E-2
560	9.250000E-2
570	9.070000E-2
580	9.600000E-2
590	1.090000E-1
600	1.228000E-1
610	1.251000E-1
620	1.163000E-1
630	1.131000E-1
640	1.254000E-1
650	1.526000E-1
660	1.901000E-1
670	2.261000E-1
680	2.522000E-1
690	2.685000E-1
700	2.801000E-1
710	2.897000E-1
720	2.978000E-1
730	3.053000E-1
"10PB 4/10"	""	""	
380	1.077000E-1
390	1.589000E-1
400	2.334000E-1
410	2.909000E-1
420	3.185000E-1
430	3.344000E-1
440	3.430000E-1
450	3.395000E-1
460	3.208000E-1
470	2.910000E-1
480	2.514000E-1
490	2.029000E-1
500	1.611000E-1
510	1.325000E-1
520	1.104000E-1
530	9.690000E-2
540	9.260000E-2
550	9.140000E-2
560	8.740000E-2
570	8.550000E-2
580	8.990000E-2
590	1.008000E-1
600	1.110000E-1
610	1.118000E-1
620	1.050000E-1
630	1.050000E-1
640	1.189000E-1
650	1.461000E-1
660	1.816000E-1
670	2.116000E-1
680	2.252000E-1
690	2.274000E-1
700	2.323000E-1
710	2.426000E-1
720	2.562000E-1
730	2.729000E-1
"10PB 5/1"	""	""	
380	1.046000E-1
390	1.381000E-1
400	1.856000E-1
410	2.138000E-1
420	2.183000E-1
430	2.163000E-1
440	2.141000E-1
450	2.122000E-1
460	2.104000E-1
470	2.084000E-1
480	2.059000E-1
490	2.029000E-1
500	2.000000E-1
510	1.977000E-1
520	1.944000E-1
530	1.891000E-1
540	1.865000E-1
550	1.884000E-1
560	1.892000E-1
570	1.904000E-1
580	1.928000E-1
590	1.951000E-1
600	1.957000E-1
610	1.954000E-1
620	1.947000E-1
630	1.934000E-1
640	1.919000E-1
650	1.907000E-1
660	1.896000E-1
670	1.885000E-1
680	1.876000E-1
690	1.863000E-1
700	1.852000E-1
710	1.842000E-1
720	1.829000E-1
730	1.813000E-1
"10PB 5/2"	""	""	
380	1.120000E-1
390	1.530000E-1
400	2.104000E-1
410	2.467000E-1
420	2.527000E-1
430	2.523000E-1
440	2.495000E-1
450	2.458000E-1
460	2.419000E-1
470	2.364000E-1
480	2.304000E-1
490	2.242000E-1
500	2.170000E-1
510	2.105000E-1
520	2.064000E-1
530	2.003000E-1
540	1.947000E-1
550	1.935000E-1
560	1.936000E-1
570	1.925000E-1
580	1.881000E-1
590	1.866000E-1
600	1.920000E-1
610	2.017000E-1
620	2.094000E-1
630	2.138000E-1
640	2.157000E-1
650	2.162000E-1
660	2.162000E-1
670	2.154000E-1
680	2.135000E-1
690	2.113000E-1
700	2.101000E-1
710	2.098000E-1
720	2.101000E-1
730	2.111000E-1
"10PB 5/4"	""	""	
380	1.086000E-1
390	1.515000E-1
400	2.231000E-1
410	2.770000E-1
420	2.915000E-1
430	2.922000E-1
440	2.897000E-1
450	2.874000E-1
460	2.830000E-1
470	2.765000E-1
480	2.676000E-1
490	2.543000E-1
500	2.376000E-1
510	2.211000E-1
520	2.033000E-1
530	1.867000E-1
540	1.790000E-1
550	1.774000E-1
560	1.728000E-1
570	1.704000E-1
580	1.768000E-1
590	1.904000E-1
600	2.018000E-1
610	2.035000E-1
620	1.961000E-1
630	1.923000E-1
640	2.003000E-1
650	2.155000E-1
660	2.303000E-1
670	2.407000E-1
680	2.470000E-1
690	2.504000E-1
700	2.518000E-1
710	2.523000E-1
720	2.516000E-1
730	2.507000E-1
"10PB 5/6"	""	""	
380	1.219000E-1
390	1.796000E-1
400	2.633000E-1
410	3.315000E-1
420	3.532000E-1
430	3.586000E-1
440	3.590000E-1
450	3.568000E-1
460	3.495000E-1
470	3.381000E-1
480	3.212000E-1
490	2.945000E-1
500	2.635000E-1
510	2.360000E-1
520	2.084000E-1
530	1.841000E-1
540	1.741000E-1
550	1.719000E-1
560	1.654000E-1
570	1.613000E-1
580	1.691000E-1
590	1.873000E-1
600	2.044000E-1
610	2.072000E-1
620	1.967000E-1
630	1.924000E-1
640	2.068000E-1
650	2.355000E-1
660	2.669000E-1
670	2.899000E-1
680	3.022000E-1
690	3.075000E-1
700	3.112000E-1
710	3.151000E-1
720	3.183000E-1
730	3.221000E-1
"10PB 5/8"	""	""	
380	1.239000E-1
390	1.730000E-1
400	2.748000E-1
410	3.734000E-1
420	4.103000E-1
430	4.234000E-1
440	4.293000E-1
450	4.261000E-1
460	4.136000E-1
470	3.930000E-1
480	3.626000E-1
490	3.197000E-1
500	2.749000E-1
510	2.385000E-1
520	2.049000E-1
530	1.775000E-1
540	1.663000E-1
550	1.643000E-1
560	1.581000E-1
570	1.544000E-1
580	1.625000E-1
590	1.818000E-1
600	1.991000E-1
610	1.997000E-1
620	1.873000E-1
630	1.824000E-1
640	1.971000E-1
650	2.291000E-1
660	2.700000E-1
670	3.048000E-1
680	3.251000E-1
690	3.325000E-1
700	3.284000E-1
710	3.226000E-1
720	3.291000E-1
730	3.549000E-1
"10PB 5/10"	""	""	
380	1.330000E-1
390	1.863000E-1
400	2.975000E-1
410	4.196000E-1
420	4.702000E-1
430	4.891000E-1
440	4.967000E-1
450	4.892000E-1
460	4.671000E-1
470	4.360000E-1
480	3.932000E-1
490	3.375000E-1
500	2.839000E-1
510	2.429000E-1
520	2.061000E-1
530	1.773000E-1
540	1.657000E-1
550	1.632000E-1
560	1.565000E-1
570	1.526000E-1
580	1.614000E-1
590	1.825000E-1
600	2.029000E-1
610	2.057000E-1
620	1.919000E-1
630	1.864000E-1
640	2.037000E-1
650	2.417000E-1
660	2.919000E-1
670	3.392000E-1
680	3.741000E-1
690	3.947000E-1
700	4.005000E-1
710	4.001000E-1
720	4.106000E-1
730	4.406000E-1
"10PB 6/1"	""	""	
380	1.284000E-1
390	1.804000E-1
400	2.636000E-1
410	3.243000E-1
420	3.382000E-1
430	3.381000E-1
440	3.362000E-1
450	3.342000E-1
460	3.318000E-1
470	3.293000E-1
480	3.259000E-1
490	3.227000E-1
500	3.191000E-1
510	3.152000E-1
520	3.101000E-1
530	3.030000E-1
540	2.994000E-1
550	2.999000E-1
560	2.973000E-1
570	2.980000E-1
580	3.023000E-1
590	3.075000E-1
600	3.097000E-1
610	3.105000E-1
620	3.099000E-1
630	3.082000E-1
640	3.065000E-1
650	3.050000E-1
660	3.039000E-1
670	3.025000E-1
680	3.012000E-1
690	2.997000E-1
700	2.983000E-1
710	2.968000E-1
720	2.945000E-1
730	2.938000E-1
"10PB 6/2"	""	""	
380	1.252000E-1
390	1.845000E-1
400	2.760000E-1
410	3.439000E-1
420	3.627000E-1
430	3.635000E-1
440	3.609000E-1
450	3.590000E-1
460	3.555000E-1
470	3.507000E-1
480	3.451000E-1
490	3.383000E-1
500	3.288000E-1
510	3.196000E-1
520	3.107000E-1
530	2.998000E-1
540	2.936000E-1
550	2.929000E-1
560	2.903000E-1
570	2.891000E-1
580	2.904000E-1
590	2.963000E-1
600	3.041000E-1
610	3.098000E-1
620	3.096000E-1
630	3.088000E-1
640	3.117000E-1
650	3.174000E-1
660	3.222000E-1
670	3.243000E-1
680	3.249000E-1
690	3.238000E-1
700	3.234000E-1
710	3.230000E-1
720	3.216000E-1
730	3.207000E-1
"10PB 6/4"	""	""	
380	1.335000E-1
390	1.883000E-1
400	2.953000E-1
410	3.871000E-1
420	4.139000E-1
430	4.183000E-1
440	4.175000E-1
450	4.155000E-1
460	4.117000E-1
470	4.052000E-1
480	3.950000E-1
490	3.789000E-1
500	3.582000E-1
510	3.368000E-1
520	3.129000E-1
530	2.895000E-1
540	2.788000E-1
550	2.765000E-1
560	2.691000E-1
570	2.647000E-1
580	2.731000E-1
590	2.919000E-1
600	3.077000E-1
610	3.100000E-1
620	3.001000E-1
630	2.959000E-1
640	3.081000E-1
650	3.299000E-1
660	3.505000E-1
670	3.630000E-1
680	3.689000E-1
690	3.707000E-1
700	3.714000E-1
710	3.728000E-1
720	3.735000E-1
730	3.754000E-1
"10PB 6/6"	""	""	
380	1.454000E-1
390	2.035000E-1
400	3.266000E-1
410	4.482000E-1
420	4.900000E-1
430	4.998000E-1
440	5.022000E-1
450	4.997000E-1
460	4.927000E-1
470	4.802000E-1
480	4.597000E-1
490	4.286000E-1
500	3.914000E-1
510	3.566000E-1
520	3.208000E-1
530	2.885000E-1
540	2.741000E-1
550	2.705000E-1
560	2.607000E-1
570	2.542000E-1
580	2.641000E-1
590	2.882000E-1
600	3.093000E-1
610	3.124000E-1
620	2.998000E-1
630	2.957000E-1
640	3.150000E-1
650	3.507000E-1
660	3.884000E-1
670	4.140000E-1
680	4.255000E-1
690	4.290000E-1
700	4.324000E-1
710	4.372000E-1
720	4.428000E-1
730	4.501000E-1
"10PB 6/8"	""	""	
380	1.464000E-1
390	1.955000E-1
400	3.278000E-1
410	4.781000E-1
420	5.451000E-1
430	5.662000E-1
440	5.752000E-1
450	5.743000E-1
460	5.626000E-1
470	5.402000E-1
480	5.058000E-1
490	4.563000E-1
500	4.036000E-1
510	3.589000E-1
520	3.159000E-1
530	2.798000E-1
540	2.645000E-1
550	2.601000E-1
560	2.496000E-1
570	2.430000E-1
580	2.535000E-1
590	2.791000E-1
600	3.019000E-1
610	3.056000E-1
620	2.932000E-1
630	2.903000E-1
640	3.139000E-1
650	3.578000E-1
660	4.088000E-1
670	4.486000E-1
680	4.694000E-1
690	4.777000E-1
700	4.867000E-1
710	5.009000E-1
720	5.173000E-1
730	5.375000E-1
"10PB 6/10"	""	""	
380	1.521000E-1
390	2.103000E-1
400	3.559000E-1
410	5.194000E-1
420	5.936000E-1
430	6.187000E-1
440	6.286000E-1
450	6.243000E-1
460	6.051000E-1
470	5.735000E-1
480	5.292000E-1
490	4.683000E-1
500	4.067000E-1
510	3.566000E-1
520	3.094000E-1
530	2.704000E-1
540	2.540000E-1
550	2.501000E-1
560	2.395000E-1
570	2.325000E-1
580	2.444000E-1
590	2.729000E-1
600	2.995000E-1
610	3.031000E-1
620	2.875000E-1
630	2.835000E-1
640	3.100000E-1
650	3.613000E-1
660	4.227000E-1
670	4.720000E-1
680	4.978000E-1
690	5.070000E-1
700	5.164000E-1
710	5.314000E-1
720	5.486000E-1
730	5.714000E-1
"10PB 7/1"	""	""	
380	1.422000E-1
390	1.916000E-1
400	3.085000E-1
410	4.228000E-1
420	4.577000E-1
430	4.591000E-1
440	4.560000E-1
450	4.526000E-1
460	4.490000E-1
470	4.443000E-1
480	4.393000E-1
490	4.351000E-1
500	4.300000E-1
510	4.253000E-1
520	4.221000E-1
530	4.176000E-1
540	4.140000E-1
550	4.141000E-1
560	4.146000E-1
570	4.167000E-1
580	4.160000E-1
590	4.169000E-1
600	4.194000E-1
610	4.235000E-1
620	4.250000E-1
630	4.243000E-1
640	4.227000E-1
650	4.208000E-1
660	4.197000E-1
670	4.185000E-1
680	4.172000E-1
690	4.158000E-1
700	4.142000E-1
710	4.127000E-1
720	4.103000E-1
730	4.095000E-1
"10PB 7/2"	""	""	
380	1.461000E-1
390	1.943000E-1
400	3.188000E-1
410	4.470000E-1
420	4.910000E-1
430	4.933000E-1
440	4.896000E-1
450	4.853000E-1
460	4.800000E-1
470	4.732000E-1
480	4.649000E-1
490	4.566000E-1
500	4.461000E-1
510	4.371000E-1
520	4.309000E-1
530	4.219000E-1
540	4.146000E-1
550	4.139000E-1
560	4.137000E-1
570	4.133000E-1
580	4.073000E-1
590	4.062000E-1
600	4.136000E-1
610	4.256000E-1
620	4.329000E-1
630	4.356000E-1
640	4.357000E-1
650	4.358000E-1
660	4.362000E-1
670	4.368000E-1
680	4.377000E-1
690	4.380000E-1
700	4.384000E-1
710	4.387000E-1
720	4.373000E-1
730	4.375000E-1
"10PB 7/4"	""	""	
380	1.537000E-1
390	2.091000E-1
400	3.488000E-1
410	5.031000E-1
420	5.626000E-1
430	5.740000E-1
440	5.753000E-1
450	5.742000E-1
460	5.704000E-1
470	5.621000E-1
480	5.489000E-1
490	5.285000E-1
500	5.020000E-1
510	4.750000E-1
520	4.452000E-1
530	4.163000E-1
540	4.024000E-1
550	3.984000E-1
560	3.879000E-1
570	3.811000E-1
580	3.886000E-1
590	4.105000E-1
600	4.304000E-1
610	4.341000E-1
620	4.235000E-1
630	4.196000E-1
640	4.359000E-1
650	4.657000E-1
660	4.953000E-1
670	5.146000E-1
680	5.236000E-1
690	5.257000E-1
700	5.277000E-1
710	5.305000E-1
720	5.328000E-1
730	5.366000E-1
"10PB 7/6"	""	""	
380	1.637000E-1
390	2.062000E-1
400	3.544000E-1
410	5.480000E-1
420	6.457000E-1
430	6.688000E-1
440	6.740000E-1
450	6.714000E-1
460	6.607000E-1
470	6.425000E-1
480	6.146000E-1
490	5.742000E-1
500	5.277000E-1
510	4.859000E-1
520	4.434000E-1
530	4.052000E-1
540	3.885000E-1
550	3.857000E-1
560	3.757000E-1
570	3.695000E-1
580	3.822000E-1
590	4.113000E-1
600	4.357000E-1
610	4.369000E-1
620	4.202000E-1
630	4.131000E-1
640	4.336000E-1
650	4.749000E-1
660	5.232000E-1
670	5.606000E-1
680	5.806000E-1
690	5.876000E-1
700	5.832000E-1
710	5.764000E-1
720	5.836000E-1
730	6.113000E-1
"10PB 7/8"	""	""	
380	1.588000E-1
390	2.097000E-1
400	3.687000E-1
410	5.730000E-1
420	6.758000E-1
430	7.044000E-1
440	7.136000E-1
450	7.141000E-1
460	7.041000E-1
470	6.833000E-1
480	6.508000E-1
490	6.023000E-1
500	5.476000E-1
510	4.988000E-1
520	4.490000E-1
530	4.043000E-1
540	3.851000E-1
550	3.801000E-1
560	3.657000E-1
570	3.567000E-1
580	3.709000E-1
590	4.027000E-1
600	4.284000E-1
610	4.310000E-1
620	4.168000E-1
630	4.154000E-1
640	4.450000E-1
650	4.945000E-1
660	5.466000E-1
670	5.811000E-1
680	5.934000E-1
690	5.933000E-1
700	5.979000E-1
710	6.088000E-1
720	6.229000E-1
730	6.424000E-1
"10PB 8/1"	""	""	
380	1.630000E-1
390	2.088000E-1
400	3.545000E-1
410	5.280000E-1
420	5.992000E-1
430	6.106000E-1
440	6.118000E-1
450	6.118000E-1
460	6.115000E-1
470	6.097000E-1
480	6.066000E-1
490	6.034000E-1
500	5.984000E-1
510	5.926000E-1
520	5.861000E-1
530	5.777000E-1
540	5.742000E-1
550	5.752000E-1
560	5.720000E-1
570	5.735000E-1
580	5.786000E-1
590	5.860000E-1
600	5.903000E-1
610	5.919000E-1
620	5.898000E-1
630	5.881000E-1
640	5.889000E-1
650	5.912000E-1
660	5.933000E-1
670	5.939000E-1
680	5.945000E-1
690	5.937000E-1
700	5.929000E-1
710	5.920000E-1
720	5.903000E-1
730	5.898000E-1
"10PB 8/2"	""	""	
380	1.610000E-1
390	2.097000E-1
400	3.539000E-1
410	5.421000E-1
420	6.307000E-1
430	6.440000E-1
440	6.436000E-1
450	6.422000E-1
460	6.399000E-1
470	6.355000E-1
480	6.287000E-1
490	6.209000E-1
500	6.100000E-1
510	5.983000E-1
520	5.855000E-1
530	5.717000E-1
540	5.640000E-1
550	5.609000E-1
560	5.529000E-1
570	5.508000E-1
580	5.601000E-1
590	5.754000E-1
600	5.845000E-1
610	5.862000E-1
620	5.810000E-1
630	5.785000E-1
640	5.834000E-1
650	5.921000E-1
660	5.993000E-1
670	6.028000E-1
680	6.040000E-1
690	6.033000E-1
700	6.037000E-1
710	6.048000E-1
720	6.058000E-1
730	6.079000E-1
"10PB 8/4"	""	""	
380	1.695000E-1
390	2.183000E-1
400	3.737000E-1
410	5.992000E-1
420	7.330000E-1
430	7.658000E-1
440	7.713000E-1
450	7.721000E-1
460	7.700000E-1
470	7.612000E-1
480	7.459000E-1
490	7.219000E-1
500	6.909000E-1
510	6.601000E-1
520	6.273000E-1
530	5.947000E-1
540	5.788000E-1
550	5.744000E-1
560	5.618000E-1
570	5.547000E-1
580	5.645000E-1
590	5.891000E-1
600	6.091000E-1
610	6.123000E-1
620	6.010000E-1
630	5.990000E-1
640	6.193000E-1
650	6.534000E-1
660	6.870000E-1
670	7.095000E-1
680	7.195000E-1
690	7.227000E-1
700	7.260000E-1
710	7.324000E-1
720	7.391000E-1
730	7.492000E-1
"10PB 9/1"	""	""	
380	1.911000E-1
390	2.349000E-1
400	3.906000E-1
410	6.278000E-1
420	7.832000E-1
430	8.232000E-1
440	8.290000E-1
450	8.325000E-1
460	8.354000E-1
470	8.352000E-1
480	8.324000E-1
490	8.291000E-1
500	8.212000E-1
510	8.115000E-1
520	8.017000E-1
530	7.916000E-1
540	7.874000E-1
550	7.862000E-1
560	7.794000E-1
570	7.803000E-1
580	7.841000E-1
590	7.937000E-1
600	7.995000E-1
610	8.002000E-1
620	7.965000E-1
630	7.964000E-1
640	8.033000E-1
650	8.129000E-1
660	8.194000E-1
670	8.179000E-1
680	8.206000E-1
690	8.241000E-1
700	8.265000E-1
710	8.292000E-1
720	8.320000E-1
730	8.361000E-1
"10PB 9/2"	""	""	
380	1.873000E-1
390	2.251000E-1
400	3.798000E-1
410	6.247000E-1
420	7.901000E-1
430	8.389000E-1
440	8.502000E-1
450	8.567000E-1
460	8.627000E-1
470	8.630000E-1
480	8.566000E-1
490	8.451000E-1
500	8.270000E-1
510	8.070000E-1
520	7.851000E-1
530	7.628000E-1
540	7.532000E-1
550	7.519000E-1
560	7.420000E-1
570	7.394000E-1
580	7.563000E-1
590	7.835000E-1
600	7.963000E-1
610	7.927000E-1
620	7.792000E-1
630	7.732000E-1
640	7.823000E-1
650	8.005000E-1
660	8.205000E-1
670	8.398000E-1
680	8.583000E-1
690	8.731000E-1
700	8.836000E-1
710	8.885000E-1
720	8.877000E-1
730	8.900000E-1
"2.5P 2.5/2"	""	""	
380	5.160000E-2
390	6.010000E-2
400	6.790000E-2
410	7.210000E-2
420	7.220000E-2
430	7.130000E-2
440	6.890000E-2
450	6.560000E-2
460	6.170000E-2
470	5.760000E-2
480	5.360000E-2
490	4.990000E-2
500	4.640000E-2
510	4.410000E-2
520	4.270000E-2
530	4.110000E-2
540	4.030000E-2
550	4.020000E-2
560	4.030000E-2
570	4.080000E-2
580	4.100000E-2
590	4.160000E-2
600	4.340000E-2
610	4.610000E-2
620	4.810000E-2
630	4.980000E-2
640	5.310000E-2
650	5.860000E-2
660	6.470000E-2
670	7.030000E-2
680	7.400000E-2
690	7.620000E-2
700	7.800000E-2
710	7.940000E-2
720	8.080000E-2
730	8.270000E-2
"2.5P 2.5/4"	""	""	
380	5.480000E-2
390	7.260000E-2
400	8.280000E-2
410	8.990000E-2
420	9.040000E-2
430	8.920000E-2
440	8.480000E-2
450	7.830000E-2
460	7.090000E-2
470	6.290000E-2
480	5.580000E-2
490	4.860000E-2
500	4.300000E-2
510	3.900000E-2
520	3.660000E-2
530	3.480000E-2
540	3.410000E-2
550	3.420000E-2
560	3.460000E-2
570	3.510000E-2
580	3.590000E-2
590	3.710000E-2
600	3.970000E-2
610	4.370000E-2
620	4.600000E-2
630	4.870000E-2
640	5.460000E-2
650	6.470000E-2
660	7.720000E-2
670	8.920000E-2
680	9.880000E-2
690	1.055000E-1
700	1.104000E-1
710	1.133000E-1
720	1.154000E-1
730	1.163000E-1
"2.5P 3/2"	""	""	
380	7.300000E-2
390	8.320000E-2
400	9.650000E-2
410	1.018000E-1
420	1.016000E-1
430	9.930000E-2
440	9.680000E-2
450	9.340000E-2
460	8.930000E-2
470	8.500000E-2
480	8.030000E-2
490	7.590000E-2
500	7.110000E-2
510	6.750000E-2
520	6.500000E-2
530	6.210000E-2
540	6.000000E-2
550	5.980000E-2
560	6.020000E-2
570	6.030000E-2
580	5.930000E-2
590	5.960000E-2
600	6.280000E-2
610	6.810000E-2
620	7.290000E-2
630	7.590000E-2
640	7.820000E-2
650	8.020000E-2
660	8.190000E-2
670	8.270000E-2
680	8.320000E-2
690	8.300000E-2
700	8.320000E-2
710	8.300000E-2
720	8.290000E-2
730	8.280000E-2
"2.5P 3/4"	""	""	
380	7.380000E-2
390	9.790000E-2
400	1.201000E-1
410	1.332000E-1
420	1.355000E-1
430	1.341000E-1
440	1.291000E-1
450	1.222000E-1
460	1.129000E-1
470	1.025000E-1
480	9.270000E-2
490	8.290000E-2
500	7.390000E-2
510	6.770000E-2
520	6.330000E-2
530	5.930000E-2
540	5.700000E-2
550	5.690000E-2
560	5.710000E-2
570	5.720000E-2
580	5.750000E-2
590	5.940000E-2
600	6.430000E-2
610	7.150000E-2
620	7.610000E-2
630	7.960000E-2
640	8.730000E-2
650	9.950000E-2
660	1.133000E-1
670	1.241000E-1
680	1.309000E-1
690	1.347000E-1
700	1.370000E-1
710	1.384000E-1
720	1.398000E-1
730	1.417000E-1
"2.5P 3/6"	""	""	
380	7.970000E-2
390	9.950000E-2
400	1.289000E-1
410	1.519000E-1
420	1.636000E-1
430	1.686000E-1
440	1.659000E-1
450	1.562000E-1
460	1.408000E-1
470	1.231000E-1
480	1.058000E-1
490	8.880000E-2
500	7.520000E-2
510	6.680000E-2
520	6.110000E-2
530	5.640000E-2
540	5.430000E-2
550	5.420000E-2
560	5.410000E-2
570	5.440000E-2
580	5.540000E-2
590	5.860000E-2
600	6.440000E-2
610	7.060000E-2
620	7.120000E-2
630	7.270000E-2
640	8.330000E-2
650	1.083000E-1
660	1.530000E-1
670	2.133000E-1
680	2.801000E-1
690	3.473000E-1
700	4.111000E-1
710	4.648000E-1
720	4.995000E-1
730	5.234000E-1
"2.5P 3/8"	""	""	
380	9.470000E-2
390	1.178000E-1
400	1.684000E-1
410	2.031000E-1
420	2.197000E-1
430	2.117000E-1
440	1.908000E-1
450	1.637000E-1
460	1.368000E-1
470	1.131000E-1
480	9.480000E-2
490	8.150000E-2
500	7.030000E-2
510	6.430000E-2
520	6.030000E-2
530	5.690000E-2
540	5.420000E-2
550	5.440000E-2
560	5.490000E-2
570	5.480000E-2
580	5.320000E-2
590	5.380000E-2
600	5.790000E-2
610	6.800000E-2
620	8.000000E-2
630	9.210000E-2
640	1.033000E-1
650	1.167000E-1
660	1.332000E-1
670	1.558000E-1
680	1.871000E-1
690	2.310000E-1
700	2.876000E-1
710	3.572000E-1
720	4.292000E-1
730	5.022000E-1
"2.5P 4/2"	""	""	
380	9.150000E-2
390	1.126000E-1
400	1.396000E-1
410	1.543000E-1
420	1.559000E-1
430	1.552000E-1
440	1.525000E-1
450	1.499000E-1
460	1.462000E-1
470	1.424000E-1
480	1.371000E-1
490	1.324000E-1
500	1.263000E-1
510	1.214000E-1
520	1.174000E-1
530	1.126000E-1
540	1.082000E-1
550	1.074000E-1
560	1.084000E-1
570	1.091000E-1
580	1.067000E-1
590	1.058000E-1
600	1.111000E-1
610	1.215000E-1
620	1.305000E-1
630	1.352000E-1
640	1.370000E-1
650	1.375000E-1
660	1.374000E-1
670	1.373000E-1
680	1.366000E-1
690	1.362000E-1
700	1.353000E-1
710	1.352000E-1
720	1.341000E-1
730	1.334000E-1
"2.5P 4/4"	""	""	
380	9.560000E-2
390	1.286000E-1
400	1.695000E-1
410	1.945000E-1
420	1.990000E-1
430	1.990000E-1
440	1.956000E-1
450	1.907000E-1
460	1.841000E-1
470	1.755000E-1
480	1.650000E-1
490	1.524000E-1
500	1.386000E-1
510	1.275000E-1
520	1.179000E-1
530	1.082000E-1
540	1.032000E-1
550	1.029000E-1
560	1.021000E-1
570	1.015000E-1
580	1.036000E-1
590	1.099000E-1
600	1.204000E-1
610	1.296000E-1
620	1.318000E-1
630	1.328000E-1
640	1.402000E-1
650	1.517000E-1
660	1.631000E-1
670	1.710000E-1
680	1.758000E-1
690	1.782000E-1
700	1.797000E-1
710	1.800000E-1
720	1.793000E-1
730	1.792000E-1
"2.5P 4/6"	""	""	
380	1.007000E-1
390	1.409000E-1
400	1.982000E-1
410	2.346000E-1
420	2.432000E-1
430	2.428000E-1
440	2.379000E-1
450	2.294000E-1
460	2.173000E-1
470	2.016000E-1
480	1.842000E-1
490	1.639000E-1
500	1.436000E-1
510	1.278000E-1
520	1.153000E-1
530	1.054000E-1
540	1.002000E-1
550	9.940000E-2
560	9.960000E-2
570	9.980000E-2
580	1.005000E-1
590	1.054000E-1
600	1.174000E-1
610	1.330000E-1
620	1.409000E-1
630	1.467000E-1
640	1.609000E-1
650	1.829000E-1
660	2.062000E-1
670	2.242000E-1
680	2.359000E-1
690	2.428000E-1
700	2.468000E-1
710	2.489000E-1
720	2.494000E-1
730	2.499000E-1
"2.5P 4/8"	""	""	
380	1.087000E-1
390	1.580000E-1
400	2.341000E-1
410	2.902000E-1
420	3.065000E-1
430	3.056000E-1
440	2.938000E-1
450	2.745000E-1
460	2.495000E-1
470	2.219000E-1
480	1.953000E-1
490	1.688000E-1
500	1.444000E-1
510	1.271000E-1
520	1.144000E-1
530	1.025000E-1
540	9.610000E-2
550	9.600000E-2
560	9.650000E-2
570	9.600000E-2
580	9.690000E-2
590	1.033000E-1
600	1.181000E-1
610	1.380000E-1
620	1.495000E-1
630	1.572000E-1
640	1.780000E-1
650	2.149000E-1
660	2.617000E-1
670	3.043000E-1
680	3.363000E-1
690	3.575000E-1
700	3.719000E-1
710	3.827000E-1
720	3.920000E-1
730	4.033000E-1
"2.5P 4/10"	""	""	
380	1.218000E-1
390	1.661000E-1
400	2.517000E-1
410	3.230000E-1
420	3.451000E-1
430	3.467000E-1
440	3.307000E-1
450	3.049000E-1
460	2.718000E-1
470	2.372000E-1
480	2.043000E-1
490	1.733000E-1
500	1.452000E-1
510	1.263000E-1
520	1.122000E-1
530	9.970000E-2
540	9.350000E-2
550	9.310000E-2
560	9.310000E-2
570	9.260000E-2
580	9.400000E-2
590	1.012000E-1
600	1.166000E-1
610	1.359000E-1
620	1.453000E-1
630	1.515000E-1
640	1.742000E-1
650	2.188000E-1
660	2.830000E-1
670	3.529000E-1
680	4.162000E-1
690	4.674000E-1
700	5.077000E-1
710	5.420000E-1
720	5.742000E-1
730	6.139000E-1
"2.5P 5/2"	""	""	
380	1.099000E-1
390	1.524000E-1
400	2.049000E-1
410	2.405000E-1
420	2.450000E-1
430	2.444000E-1
440	2.410000E-1
450	2.380000E-1
460	2.337000E-1
470	2.292000E-1
480	2.236000E-1
490	2.175000E-1
500	2.113000E-1
510	2.052000E-1
520	1.986000E-1
530	1.900000E-1
540	1.848000E-1
550	1.851000E-1
560	1.849000E-1
570	1.859000E-1
580	1.894000E-1
590	1.943000E-1
600	2.008000E-1
610	2.087000E-1
620	2.142000E-1
630	2.160000E-1
640	2.161000E-1
650	2.155000E-1
660	2.148000E-1
670	2.139000E-1
680	2.129000E-1
690	2.117000E-1
700	2.104000E-1
710	2.101000E-1
720	2.075000E-1
730	2.080000E-1
"2.5P 5/4"	""	""	
380	1.185000E-1
390	1.640000E-1
400	2.337000E-1
410	2.823000E-1
420	2.932000E-1
430	2.927000E-1
440	2.889000E-1
450	2.833000E-1
460	2.751000E-1
470	2.650000E-1
480	2.525000E-1
490	2.383000E-1
500	2.219000E-1
510	2.080000E-1
520	1.959000E-1
530	1.831000E-1
540	1.755000E-1
550	1.752000E-1
560	1.751000E-1
570	1.744000E-1
580	1.750000E-1
590	1.819000E-1
600	1.957000E-1
610	2.116000E-1
620	2.186000E-1
630	2.225000E-1
640	2.317000E-1
650	2.446000E-1
660	2.557000E-1
670	2.626000E-1
680	2.657000E-1
690	2.668000E-1
700	2.667000E-1
710	2.670000E-1
720	2.668000E-1
730	2.664000E-1
"2.5P 5/6"	""	""	
380	1.263000E-1
390	1.773000E-1
400	2.684000E-1
410	3.379000E-1
420	3.571000E-1
430	3.576000E-1
440	3.527000E-1
450	3.423000E-1
460	3.280000E-1
470	3.093000E-1
480	2.877000E-1
490	2.625000E-1
500	2.355000E-1
510	2.137000E-1
520	1.946000E-1
530	1.763000E-1
540	1.669000E-1
550	1.664000E-1
560	1.653000E-1
570	1.640000E-1
580	1.670000E-1
590	1.788000E-1
600	1.992000E-1
610	2.189000E-1
620	2.251000E-1
630	2.289000E-1
640	2.467000E-1
650	2.756000E-1
660	3.055000E-1
670	3.271000E-1
680	3.400000E-1
690	3.468000E-1
700	3.503000E-1
710	3.529000E-1
720	3.546000E-1
730	3.569000E-1
"2.5P 5/8"	""	""	
380	1.334000E-1
390	1.895000E-1
400	2.992000E-1
410	3.926000E-1
420	4.227000E-1
430	4.258000E-1
440	4.173000E-1
450	4.004000E-1
460	3.771000E-1
470	3.485000E-1
480	3.171000E-1
490	2.824000E-1
500	2.472000E-1
510	2.200000E-1
520	1.972000E-1
530	1.758000E-1
540	1.646000E-1
550	1.639000E-1
560	1.632000E-1
570	1.622000E-1
580	1.656000E-1
590	1.780000E-1
600	2.018000E-1
610	2.283000E-1
620	2.385000E-1
630	2.453000E-1
640	2.705000E-1
650	3.134000E-1
660	3.623000E-1
670	4.023000E-1
680	4.301000E-1
690	4.471000E-1
700	4.586000E-1
710	4.681000E-1
720	4.739000E-1
730	4.804000E-1
"2.5P 5/10"	""	""	
380	1.426000E-1
390	1.900000E-1
400	3.202000E-1
410	4.347000E-1
420	4.794000E-1
430	4.844000E-1
440	4.716000E-1
450	4.456000E-1
460	4.104000E-1
470	3.696000E-1
480	3.284000E-1
490	2.854000E-1
500	2.441000E-1
510	2.144000E-1
520	1.903000E-1
530	1.684000E-1
540	1.579000E-1
550	1.576000E-1
560	1.565000E-1
570	1.550000E-1
580	1.589000E-1
590	1.736000E-1
600	1.994000E-1
610	2.259000E-1
620	2.339000E-1
630	2.396000E-1
640	2.684000E-1
650	3.236000E-1
660	3.966000E-1
670	4.670000E-1
680	5.258000E-1
690	5.686000E-1
700	6.018000E-1
710	6.282000E-1
720	6.541000E-1
730	6.848000E-1
"2.5P 6/2"	""	""	
380	1.270000E-1
390	1.728000E-1
400	2.642000E-1
410	3.367000E-1
420	3.542000E-1
430	3.534000E-1
440	3.489000E-1
450	3.441000E-1
460	3.387000E-1
470	3.319000E-1
480	3.233000E-1
490	3.146000E-1
500	3.050000E-1
510	2.987000E-1
520	2.955000E-1
530	2.884000E-1
540	2.817000E-1
550	2.823000E-1
560	2.843000E-1
570	2.839000E-1
580	2.784000E-1
590	2.784000E-1
600	2.883000E-1
610	3.034000E-1
620	3.133000E-1
630	3.173000E-1
640	3.176000E-1
650	3.171000E-1
660	3.165000E-1
670	3.156000E-1
680	3.148000E-1
690	3.133000E-1
700	3.123000E-1
710	3.106000E-1
720	3.086000E-1
730	3.073000E-1
"2.5P 6/4"	""	""	
380	1.274000E-1
390	1.721000E-1
400	2.755000E-1
410	3.724000E-1
420	4.040000E-1
430	4.096000E-1
440	4.087000E-1
450	4.051000E-1
460	3.990000E-1
470	3.887000E-1
480	3.755000E-1
490	3.581000E-1
500	3.363000E-1
510	3.167000E-1
520	2.982000E-1
530	2.788000E-1
540	2.687000E-1
550	2.683000E-1
560	2.664000E-1
570	2.649000E-1
580	2.694000E-1
590	2.836000E-1
600	3.041000E-1
610	3.206000E-1
620	3.232000E-1
630	3.246000E-1
640	3.388000E-1
650	3.625000E-1
660	3.857000E-1
670	4.013000E-1
680	4.100000E-1
690	4.140000E-1
700	4.171000E-1
710	4.214000E-1
720	4.258000E-1
730	4.315000E-1
"2.5P 6/6"	""	""	
380	1.358000E-1
390	1.892000E-1
400	3.110000E-1
410	4.363000E-1
420	4.806000E-1
430	4.847000E-1
440	4.802000E-1
450	4.703000E-1
460	4.556000E-1
470	4.356000E-1
480	4.113000E-1
490	3.810000E-1
500	3.473000E-1
510	3.192000E-1
520	2.933000E-1
530	2.683000E-1
540	2.560000E-1
550	2.557000E-1
560	2.531000E-1
570	2.511000E-1
580	2.572000E-1
590	2.757000E-1
600	3.023000E-1
610	3.221000E-1
620	3.222000E-1
630	3.224000E-1
640	3.416000E-1
650	3.748000E-1
660	4.096000E-1
670	4.363000E-1
680	4.539000E-1
690	4.642000E-1
700	4.704000E-1
710	4.741000E-1
720	4.741000E-1
730	4.747000E-1
"2.5P 6/8"	""	""	
380	1.522000E-1
390	2.097000E-1
400	3.488000E-1
410	4.980000E-1
420	5.581000E-1
430	5.718000E-1
440	5.698000E-1
450	5.565000E-1
460	5.336000E-1
470	5.024000E-1
480	4.625000E-1
490	4.129000E-1
500	3.623000E-1
510	3.223000E-1
520	2.871000E-1
530	2.620000E-1
540	2.537000E-1
550	2.547000E-1
560	2.513000E-1
570	2.511000E-1
580	2.625000E-1
590	2.890000E-1
600	3.221000E-1
610	3.425000E-1
620	3.376000E-1
630	3.389000E-1
640	3.715000E-1
650	4.302000E-1
660	5.015000E-1
670	5.670000E-1
680	6.209000E-1
690	6.605000E-1
700	6.888000E-1
710	7.073000E-1
720	7.189000E-1
730	7.276000E-1
"2.5P 6/10"	""	""	
380	1.472000E-1
390	2.154000E-1
400	3.552000E-1
410	5.135000E-1
420	5.799000E-1
430	5.990000E-1
440	5.989000E-1
450	5.849000E-1
460	5.587000E-1
470	5.217000E-1
480	4.779000E-1
490	4.243000E-1
500	3.699000E-1
510	3.275000E-1
520	2.900000E-1
530	2.568000E-1
540	2.420000E-1
550	2.415000E-1
560	2.379000E-1
570	2.358000E-1
580	2.469000E-1
590	2.747000E-1
600	3.134000E-1
610	3.425000E-1
620	3.416000E-1
630	3.441000E-1
640	3.841000E-1
650	4.642000E-1
660	5.649000E-1
670	6.557000E-1
680	7.218000E-1
690	7.675000E-1
700	8.001000E-1
710	8.247000E-1
720	8.438000E-1
730	8.595000E-1
"2.5P 7/2"	""	""	
380	1.576000E-1
390	2.131000E-1
400	3.370000E-1
410	4.600000E-1
420	4.986000E-1
430	5.004000E-1
440	4.965000E-1
450	4.915000E-1
460	4.867000E-1
470	4.803000E-1
480	4.724000E-1
490	4.633000E-1
500	4.526000E-1
510	4.441000E-1
520	4.373000E-1
530	4.268000E-1
540	4.184000E-1
550	4.197000E-1
560	4.248000E-1
570	4.274000E-1
580	4.224000E-1
590	4.208000E-1
600	4.313000E-1
610	4.505000E-1
620	4.643000E-1
630	4.700000E-1
640	4.704000E-1
650	4.699000E-1
660	4.687000E-1
670	4.672000E-1
680	4.655000E-1
690	4.628000E-1
700	4.612000E-1
710	4.593000E-1
720	4.569000E-1
730	4.548000E-1
"2.5P 7/4"	""	""	
380	1.639000E-1
390	2.185000E-1
400	3.578000E-1
410	5.027000E-1
420	5.578000E-1
430	5.647000E-1
440	5.632000E-1
450	5.577000E-1
460	5.503000E-1
470	5.386000E-1
480	5.224000E-1
490	5.005000E-1
500	4.741000E-1
510	4.492000E-1
520	4.255000E-1
530	4.048000E-1
540	3.951000E-1
550	3.941000E-1
560	3.916000E-1
570	3.909000E-1
580	3.954000E-1
590	4.105000E-1
600	4.338000E-1
610	4.534000E-1
620	4.563000E-1
630	4.584000E-1
640	4.739000E-1
650	4.988000E-1
660	5.228000E-1
670	5.395000E-1
680	5.498000E-1
690	5.558000E-1
700	5.588000E-1
710	5.609000E-1
720	5.611000E-1
730	5.620000E-1
"2.5P 7/6"	""	""	
380	1.608000E-1
390	2.162000E-1
400	3.724000E-1
410	5.550000E-1
420	6.372000E-1
430	6.534000E-1
440	6.542000E-1
450	6.477000E-1
460	6.350000E-1
470	6.143000E-1
480	5.856000E-1
490	5.446000E-1
500	4.991000E-1
510	4.593000E-1
520	4.222000E-1
530	3.947000E-1
540	3.863000E-1
550	3.875000E-1
560	3.827000E-1
570	3.824000E-1
580	3.969000E-1
590	4.278000E-1
600	4.616000E-1
610	4.767000E-1
620	4.669000E-1
630	4.653000E-1
640	4.936000E-1
650	5.435000E-1
660	5.979000E-1
670	6.416000E-1
680	6.722000E-1
690	6.912000E-1
700	7.028000E-1
710	7.102000E-1
720	7.137000E-1
730	7.169000E-1
"2.5P 7/8"	""	""	
380	1.668000E-1
390	2.246000E-1
400	3.814000E-1
410	5.785000E-1
420	6.706000E-1
430	6.976000E-1
440	7.051000E-1
450	7.024000E-1
460	6.877000E-1
470	6.624000E-1
480	6.221000E-1
490	5.651000E-1
500	5.048000E-1
510	4.550000E-1
520	4.089000E-1
530	3.776000E-1
540	3.703000E-1
550	3.723000E-1
560	3.653000E-1
570	3.645000E-1
580	3.851000E-1
590	4.273000E-1
600	4.679000E-1
610	4.744000E-1
620	4.521000E-1
630	4.456000E-1
640	4.799000E-1
650	5.447000E-1
660	6.256000E-1
670	7.021000E-1
680	7.675000E-1
690	8.170000E-1
700	8.505000E-1
710	8.737000E-1
720	8.861000E-1
730	8.980000E-1
"2.5P 8/2"	""	""	
380	1.625000E-1
390	2.207000E-1
400	3.722000E-1
410	5.661000E-1
420	6.493000E-1
430	6.638000E-1
440	6.628000E-1
450	6.612000E-1
460	6.578000E-1
470	6.525000E-1
480	6.442000E-1
490	6.354000E-1
500	6.223000E-1
510	6.102000E-1
520	5.990000E-1
530	5.872000E-1
540	5.803000E-1
550	5.813000E-1
560	5.806000E-1
570	5.826000E-1
580	5.836000E-1
590	5.909000E-1
600	6.044000E-1
610	6.193000E-1
620	6.262000E-1
630	6.294000E-1
640	6.350000E-1
650	6.420000E-1
660	6.481000E-1
670	6.510000E-1
680	6.533000E-1
690	6.527000E-1
700	6.526000E-1
710	6.527000E-1
720	6.499000E-1
730	6.515000E-1
"2.5P 8/4"	""	""	
380	1.739000E-1
390	2.215000E-1
400	3.783000E-1
410	5.971000E-1
420	7.159000E-1
430	7.415000E-1
440	7.455000E-1
450	7.447000E-1
460	7.397000E-1
470	7.284000E-1
480	7.104000E-1
490	6.851000E-1
500	6.539000E-1
510	6.230000E-1
520	5.906000E-1
530	5.606000E-1
540	5.466000E-1
550	5.421000E-1
560	5.299000E-1
570	5.259000E-1
580	5.484000E-1
590	5.897000E-1
600	6.200000E-1
610	6.265000E-1
620	6.129000E-1
630	6.076000E-1
640	6.283000E-1
650	6.661000E-1
660	7.055000E-1
670	7.356000E-1
680	7.563000E-1
690	7.690000E-1
700	7.775000E-1
710	7.840000E-1
720	7.883000E-1
730	7.929000E-1
"2.5P 9/2"	""	""	
380	1.868000E-1
390	2.243000E-1
400	3.770000E-1
410	6.220000E-1
420	7.915000E-1
430	8.397000E-1
440	8.478000E-1
450	8.519000E-1
460	8.537000E-1
470	8.522000E-1
480	8.460000E-1
490	8.361000E-1
500	8.194000E-1
510	8.011000E-1
520	7.805000E-1
530	7.580000E-1
540	7.481000E-1
550	7.483000E-1
560	7.410000E-1
570	7.403000E-1
580	7.523000E-1
590	7.769000E-1
600	7.975000E-1
610	8.029000E-1
620	7.939000E-1
630	7.905000E-1
640	8.058000E-1
650	8.317000E-1
660	8.571000E-1
670	8.747000E-1
680	8.868000E-1
690	8.940000E-1
700	8.988000E-1
710	9.021000E-1
720	9.030000E-1
730	9.053000E-1
"5P 2.5/1"	""	""	
380	5.780000E-2
390	4.830000E-2
400	5.560000E-2
410	5.390000E-2
420	5.810000E-2
430	5.710000E-2
440	5.830000E-2
450	5.630000E-2
460	5.500000E-2
470	5.150000E-2
480	4.870000E-2
490	4.590000E-2
500	4.430000E-2
510	4.300000E-2
520	4.250000E-2
530	4.190000E-2
540	4.140000E-2
550	4.180000E-2
560	4.180000E-2
570	4.250000E-2
580	4.240000E-2
590	4.310000E-2
600	4.430000E-2
610	4.660000E-2
620	4.850000E-2
630	4.960000E-2
640	5.050000E-2
650	5.080000E-2
660	5.230000E-2
670	5.430000E-2
680	5.750000E-2
690	6.190000E-2
700	6.600000E-2
710	6.860000E-2
720	6.700000E-2
730	6.790000E-2
"5P 2.5/2"	""	""	
380	5.200000E-2
390	6.100000E-2
400	6.500000E-2
410	6.970000E-2
420	7.220000E-2
430	7.230000E-2
440	6.990000E-2
450	6.640000E-2
460	6.150000E-2
470	5.640000E-2
480	5.190000E-2
490	4.820000E-2
500	4.540000E-2
510	4.360000E-2
520	4.250000E-2
530	4.140000E-2
540	4.100000E-2
550	4.110000E-2
560	4.110000E-2
570	4.150000E-2
580	4.160000E-2
590	4.220000E-2
600	4.360000E-2
610	4.670000E-2
620	5.100000E-2
630	5.640000E-2
640	6.270000E-2
650	6.970000E-2
660	7.550000E-2
670	7.790000E-2
680	7.650000E-2
690	7.430000E-2
700	7.540000E-2
710	7.940000E-2
720	8.520000E-2
730	9.350000E-2
"5P 2.5/4"	""	""	
380	5.330000E-2
390	6.740000E-2
400	7.590000E-2
410	9.190000E-2
420	1.040000E-1
430	1.040000E-1
440	9.500000E-2
450	8.140000E-2
460	6.650000E-2
470	5.450000E-2
480	4.710000E-2
490	4.340000E-2
500	4.120000E-2
510	4.040000E-2
520	3.990000E-2
530	3.950000E-2
540	3.920000E-2
550	3.930000E-2
560	3.960000E-2
570	4.000000E-2
580	4.030000E-2
590	4.040000E-2
600	4.120000E-2
610	4.400000E-2
620	5.010000E-2
630	5.780000E-2
640	6.900000E-2
650	8.580000E-2
660	1.090000E-1
670	1.397000E-1
680	1.782000E-1
690	2.236000E-1
700	2.738000E-1
710	3.199000E-1
720	3.548000E-1
730	3.856000E-1
"5P 2.5/6"	""	""	
380	7.060000E-2
390	8.340000E-2
400	1.055000E-1
410	1.355000E-1
420	1.553000E-1
430	1.479000E-1
440	1.250000E-1
450	9.850000E-2
460	7.580000E-2
470	5.950000E-2
480	5.060000E-2
490	4.560000E-2
500	4.270000E-2
510	4.120000E-2
520	4.060000E-2
530	3.990000E-2
540	3.940000E-2
550	3.960000E-2
560	3.960000E-2
570	3.970000E-2
580	3.940000E-2
590	3.970000E-2
600	4.100000E-2
610	4.540000E-2
620	5.670000E-2
630	7.290000E-2
640	9.230000E-2
650	1.145000E-1
660	1.412000E-1
670	1.739000E-1
680	2.159000E-1
690	2.694000E-1
700	3.340000E-1
710	4.071000E-1
720	4.797000E-1
730	5.472000E-1
"5P 3/1"	""	""	
380	6.080000E-2
390	7.150000E-2
400	7.900000E-2
410	8.120000E-2
420	8.050000E-2
430	8.060000E-2
440	7.990000E-2
450	7.970000E-2
460	7.870000E-2
470	7.730000E-2
480	7.500000E-2
490	7.220000E-2
500	6.910000E-2
510	6.580000E-2
520	6.260000E-2
530	6.040000E-2
540	5.920000E-2
550	5.830000E-2
560	5.730000E-2
570	5.830000E-2
580	6.370000E-2
590	7.020000E-2
600	7.260000E-2
610	7.180000E-2
620	6.950000E-2
630	6.820000E-2
640	6.840000E-2
650	6.940000E-2
660	7.020000E-2
670	7.060000E-2
680	7.120000E-2
690	7.130000E-2
700	7.170000E-2
710	7.200000E-2
720	7.170000E-2
730	7.140000E-2
"5P 3/2"	""	""	
380	6.460000E-2
390	8.320000E-2
400	8.890000E-2
410	9.530000E-2
420	9.240000E-2
430	9.130000E-2
440	8.790000E-2
450	8.540000E-2
460	8.130000E-2
470	7.830000E-2
480	7.380000E-2
490	7.020000E-2
500	6.620000E-2
510	6.320000E-2
520	6.000000E-2
530	5.650000E-2
540	5.510000E-2
550	5.530000E-2
560	5.560000E-2
570	5.590000E-2
580	5.880000E-2
590	6.260000E-2
600	6.680000E-2
610	7.080000E-2
620	7.330000E-2
630	7.480000E-2
640	7.490000E-2
650	7.550000E-2
660	7.530000E-2
670	7.510000E-2
680	7.480000E-2
690	7.390000E-2
700	7.390000E-2
710	7.430000E-2
720	7.450000E-2
730	7.550000E-2
"5P 3/4"	""	""	
380	7.690000E-2
390	9.360000E-2
400	1.175000E-1
410	1.319000E-1
420	1.349000E-1
430	1.312000E-1
440	1.243000E-1
450	1.144000E-1
460	1.035000E-1
470	9.200000E-2
480	8.260000E-2
490	7.350000E-2
500	6.640000E-2
510	6.150000E-2
520	5.880000E-2
530	5.550000E-2
540	5.380000E-2
550	5.410000E-2
560	5.480000E-2
570	5.500000E-2
580	5.410000E-2
590	5.530000E-2
600	6.010000E-2
610	7.020000E-2
620	8.030000E-2
630	8.880000E-2
640	9.900000E-2
650	1.120000E-1
660	1.265000E-1
670	1.372000E-1
680	1.439000E-1
690	1.470000E-1
700	1.471000E-1
710	1.477000E-1
720	1.505000E-1
730	1.574000E-1
"5P 3/6"	""	""	
380	7.940000E-2
390	1.050000E-1
400	1.376000E-1
410	1.646000E-1
420	1.756000E-1
430	1.712000E-1
440	1.542000E-1
450	1.331000E-1
460	1.123000E-1
470	9.460000E-2
480	8.160000E-2
490	7.140000E-2
500	6.370000E-2
510	5.880000E-2
520	5.580000E-2
530	5.300000E-2
540	5.120000E-2
550	5.100000E-2
560	5.160000E-2
570	5.170000E-2
580	5.120000E-2
590	5.180000E-2
600	5.570000E-2
610	6.500000E-2
620	7.690000E-2
630	8.970000E-2
640	1.120000E-1
650	1.541000E-1
660	2.201000E-1
670	2.979000E-1
680	3.723000E-1
690	4.349000E-1
700	4.857000E-1
710	5.270000E-1
720	5.600000E-1
730	5.893000E-1
"5P 3/8"	""	""	
380	8.330000E-2
390	1.120000E-1
400	1.532000E-1
410	1.866000E-1
420	2.002000E-1
430	1.958000E-1
440	1.778000E-1
450	1.540000E-1
460	1.301000E-1
470	1.087000E-1
480	9.230000E-2
490	7.920000E-2
500	6.860000E-2
510	6.200000E-2
520	5.800000E-2
530	5.420000E-2
540	5.200000E-2
550	5.190000E-2
560	5.250000E-2
570	5.270000E-2
580	5.220000E-2
590	5.340000E-2
600	5.860000E-2
610	7.000000E-2
620	8.250000E-2
630	9.450000E-2
640	1.161000E-1
650	1.583000E-1
660	2.271000E-1
670	3.140000E-1
680	4.028000E-1
690	4.822000E-1
700	5.505000E-1
710	6.085000E-1
720	6.549000E-1
730	6.970000E-1
"5P 4/1"	""	""	
380	8.610000E-2
390	1.076000E-1
400	1.293000E-1
410	1.392000E-1
420	1.391000E-1
430	1.371000E-1
440	1.351000E-1
450	1.328000E-1
460	1.312000E-1
470	1.293000E-1
480	1.273000E-1
490	1.239000E-1
500	1.209000E-1
510	1.190000E-1
520	1.155000E-1
530	1.104000E-1
540	1.087000E-1
550	1.122000E-1
560	1.147000E-1
570	1.164000E-1
580	1.201000E-1
590	1.240000E-1
600	1.256000E-1
610	1.259000E-1
620	1.255000E-1
630	1.246000E-1
640	1.235000E-1
650	1.227000E-1
660	1.218000E-1
670	1.211000E-1
680	1.205000E-1
690	1.196000E-1
700	1.188000E-1
710	1.183000E-1
720	1.172000E-1
730	1.167000E-1
"5P 4/2"	""	""	
380	9.260000E-2
390	1.197000E-1
400	1.492000E-1
410	1.647000E-1
420	1.659000E-1
430	1.636000E-1
440	1.601000E-1
450	1.554000E-1
460	1.504000E-1
470	1.450000E-1
480	1.391000E-1
490	1.334000E-1
500	1.263000E-1
510	1.205000E-1
520	1.164000E-1
530	1.106000E-1
540	1.064000E-1
550	1.069000E-1
560	1.090000E-1
570	1.087000E-1
580	1.056000E-1
590	1.063000E-1
600	1.148000E-1
610	1.289000E-1
620	1.399000E-1
630	1.457000E-1
640	1.479000E-1
650	1.492000E-1
660	1.496000E-1
670	1.496000E-1
680	1.497000E-1
690	1.491000E-1
700	1.488000E-1
710	1.483000E-1
720	1.471000E-1
730	1.471000E-1
"5P 4/4"	""	""	
380	1.011000E-1
390	1.238000E-1
400	1.710000E-1
410	1.931000E-1
420	1.983000E-1
430	1.939000E-1
440	1.890000E-1
450	1.815000E-1
460	1.717000E-1
470	1.604000E-1
480	1.482000E-1
490	1.365000E-1
500	1.238000E-1
510	1.156000E-1
520	1.095000E-1
530	1.028000E-1
540	9.790000E-2
550	9.860000E-2
560	1.006000E-1
570	1.001000E-1
580	9.870000E-2
590	1.004000E-1
600	1.121000E-1
610	1.312000E-1
620	1.482000E-1
630	1.591000E-1
640	1.649000E-1
650	1.698000E-1
660	1.717000E-1
670	1.722000E-1
680	1.719000E-1
690	1.693000E-1
700	1.694000E-1
710	1.693000E-1
720	1.694000E-1
730	1.718000E-1
"5P 4/6"	""	""	
380	1.075000E-1
390	1.392000E-1
400	1.940000E-1
410	2.325000E-1
420	2.406000E-1
430	2.345000E-1
440	2.233000E-1
450	2.110000E-1
460	1.968000E-1
470	1.815000E-1
480	1.643000E-1
490	1.465000E-1
500	1.308000E-1
510	1.187000E-1
520	1.066000E-1
530	9.630000E-2
540	9.290000E-2
550	9.420000E-2
560	9.450000E-2
570	9.460000E-2
580	9.910000E-2
590	1.093000E-1
600	1.235000E-1
610	1.411000E-1
620	1.545000E-1
630	1.661000E-1
640	1.850000E-1
650	2.128000E-1
660	2.412000E-1
670	2.607000E-1
680	2.713000E-1
690	2.764000E-1
700	2.807000E-1
710	2.858000E-1
720	2.902000E-1
730	2.957000E-1
"5P 4/8"	""	""	
380	1.102000E-1
390	1.514000E-1
400	2.197000E-1
410	2.702000E-1
420	2.820000E-1
430	2.763000E-1
440	2.608000E-1
450	2.394000E-1
460	2.147000E-1
470	1.882000E-1
480	1.640000E-1
490	1.421000E-1
500	1.221000E-1
510	1.095000E-1
520	1.018000E-1
530	9.320000E-2
540	8.750000E-2
550	8.840000E-2
560	9.130000E-2
570	9.130000E-2
580	8.780000E-2
590	8.910000E-2
600	1.029000E-1
610	1.330000E-1
620	1.695000E-1
630	2.004000E-1
640	2.262000E-1
650	2.510000E-1
660	2.767000E-1
670	3.054000E-1
680	3.406000E-1
690	3.841000E-1
700	4.374000E-1
710	4.975000E-1
720	5.578000E-1
730	6.148000E-1
"5P 4/10"	""	""	
380	1.118000E-1
390	1.531000E-1
400	2.378000E-1
410	3.123000E-1
420	3.426000E-1
430	3.419000E-1
440	3.205000E-1
450	2.883000E-1
460	2.525000E-1
470	2.164000E-1
480	1.851000E-1
490	1.580000E-1
500	1.337000E-1
510	1.178000E-1
520	1.077000E-1
530	9.740000E-2
540	9.070000E-2
550	9.050000E-2
560	9.260000E-2
570	9.310000E-2
580	9.160000E-2
590	9.440000E-2
600	1.094000E-1
610	1.395000E-1
620	1.691000E-1
630	1.942000E-1
640	2.341000E-1
650	3.013000E-1
660	3.935000E-1
670	4.900000E-1
680	5.755000E-1
690	6.441000E-1
700	6.965000E-1
710	7.376000E-1
720	7.685000E-1
730	7.955000E-1
"5P 5/1"	""	""	
380	9.950000E-2
390	1.381000E-1
400	1.860000E-1
410	2.124000E-1
420	2.159000E-1
430	2.139000E-1
440	2.117000E-1
450	2.094000E-1
460	2.074000E-1
470	2.048000E-1
480	2.020000E-1
490	1.991000E-1
500	1.962000E-1
510	1.937000E-1
520	1.914000E-1
530	1.890000E-1
540	1.867000E-1
550	1.849000E-1
560	1.822000E-1
570	1.829000E-1
580	1.904000E-1
590	1.987000E-1
600	2.015000E-1
610	2.016000E-1
620	2.007000E-1
630	1.993000E-1
640	1.975000E-1
650	1.962000E-1
660	1.950000E-1
670	1.937000E-1
680	1.928000E-1
690	1.914000E-1
700	1.902000E-1
710	1.893000E-1
720	1.877000E-1
730	1.874000E-1
"5P 5/2"	""	""	
380	1.095000E-1
390	1.449000E-1
400	1.987000E-1
410	2.289000E-1
420	2.314000E-1
430	2.284000E-1
440	2.267000E-1
450	2.246000E-1
460	2.203000E-1
470	2.149000E-1
480	2.087000E-1
490	2.030000E-1
500	1.974000E-1
510	1.918000E-1
520	1.856000E-1
530	1.788000E-1
540	1.735000E-1
550	1.705000E-1
560	1.696000E-1
570	1.725000E-1
580	1.843000E-1
590	1.965000E-1
600	1.962000E-1
610	1.919000E-1
620	1.931000E-1
630	2.026000E-1
640	2.167000E-1
650	2.312000E-1
660	2.407000E-1
670	2.389000E-1
680	2.254000E-1
690	2.115000E-1
700	2.073000E-1
710	2.110000E-1
720	2.189000E-1
730	2.318000E-1
"5P 5/4"	""	""	
380	1.232000E-1
390	1.549000E-1
400	2.295000E-1
410	2.724000E-1
420	2.837000E-1
430	2.802000E-1
440	2.757000E-1
450	2.693000E-1
460	2.618000E-1
470	2.521000E-1
480	2.400000E-1
490	2.268000E-1
500	2.110000E-1
510	1.981000E-1
520	1.874000E-1
530	1.764000E-1
540	1.685000E-1
550	1.678000E-1
560	1.718000E-1
570	1.774000E-1
580	1.813000E-1
590	1.872000E-1
600	2.004000E-1
610	2.184000E-1
620	2.318000E-1
630	2.409000E-1
640	2.486000E-1
650	2.584000E-1
660	2.718000E-1
670	2.890000E-1
680	3.133000E-1
690	3.437000E-1
700	3.805000E-1
710	4.242000E-1
720	4.673000E-1
730	5.115000E-1
"5P 5/6"	""	""	
380	1.273000E-1
390	1.666000E-1
400	2.577000E-1
410	3.257000E-1
420	3.441000E-1
430	3.423000E-1
440	3.344000E-1
450	3.222000E-1
460	3.050000E-1
470	2.840000E-1
480	2.612000E-1
490	2.391000E-1
500	2.161000E-1
510	1.998000E-1
520	1.877000E-1
530	1.739000E-1
540	1.651000E-1
550	1.661000E-1
560	1.703000E-1
570	1.706000E-1
580	1.688000E-1
590	1.746000E-1
600	1.945000E-1
610	2.263000E-1
620	2.550000E-1
630	2.804000E-1
640	3.087000E-1
650	3.381000E-1
660	3.620000E-1
670	3.692000E-1
680	3.601000E-1
690	3.471000E-1
700	3.433000E-1
710	3.497000E-1
720	3.607000E-1
730	3.768000E-1
"5P 5/8"	""	""	
380	1.278000E-1
390	1.791000E-1
400	2.900000E-1
410	3.954000E-1
420	4.286000E-1
430	4.252000E-1
440	4.081000E-1
450	3.828000E-1
460	3.522000E-1
470	3.173000E-1
480	2.841000E-1
490	2.513000E-1
500	2.196000E-1
510	1.978000E-1
520	1.824000E-1
530	1.657000E-1
540	1.561000E-1
550	1.576000E-1
560	1.617000E-1
570	1.615000E-1
580	1.594000E-1
590	1.672000E-1
600	1.942000E-1
610	2.386000E-1
620	2.733000E-1
630	2.960000E-1
640	3.272000E-1
650	3.696000E-1
660	4.140000E-1
670	4.499000E-1
680	4.761000E-1
690	4.932000E-1
700	5.043000E-1
710	5.118000E-1
720	5.150000E-1
730	5.179000E-1
"5P 5/10"	""	""	
380	1.293000E-1
390	1.803000E-1
400	3.018000E-1
410	4.286000E-1
420	4.794000E-1
430	4.775000E-1
440	4.507000E-1
450	4.119000E-1
460	3.679000E-1
470	3.219000E-1
480	2.814000E-1
490	2.442000E-1
500	2.103000E-1
510	1.883000E-1
520	1.733000E-1
530	1.572000E-1
540	1.477000E-1
550	1.495000E-1
560	1.538000E-1
570	1.538000E-1
580	1.508000E-1
590	1.571000E-1
600	1.840000E-1
610	2.325000E-1
620	2.786000E-1
630	3.145000E-1
640	3.593000E-1
650	4.208000E-1
660	4.886000E-1
670	5.497000E-1
680	6.020000E-1
690	6.482000E-1
700	6.907000E-1
710	7.302000E-1
720	7.622000E-1
730	7.914000E-1
"5P 6/1"	""	""	
380	1.284000E-1
390	1.713000E-1
400	2.491000E-1
410	3.067000E-1
420	3.190000E-1
430	3.177000E-1
440	3.149000E-1
450	3.125000E-1
460	3.104000E-1
470	3.076000E-1
480	3.044000E-1
490	3.002000E-1
500	2.952000E-1
510	2.902000E-1
520	2.861000E-1
530	2.803000E-1
540	2.758000E-1
550	2.757000E-1
560	2.790000E-1
570	2.883000E-1
580	2.965000E-1
590	3.020000E-1
600	3.016000E-1
610	2.971000E-1
620	2.929000E-1
630	2.904000E-1
640	2.885000E-1
650	2.899000E-1
660	2.953000E-1
670	2.982000E-1
680	2.965000E-1
690	2.923000E-1
700	2.852000E-1
710	2.796000E-1
720	2.841000E-1
730	3.030000E-1
"5P 6/2"	""	""	
380	1.261000E-1
390	1.727000E-1
400	2.651000E-1
410	3.417000E-1
420	3.594000E-1
430	3.590000E-1
440	3.539000E-1
450	3.486000E-1
460	3.426000E-1
470	3.350000E-1
480	3.265000E-1
490	3.175000E-1
500	3.075000E-1
510	2.992000E-1
520	2.935000E-1
530	2.859000E-1
540	2.804000E-1
550	2.830000E-1
560	2.884000E-1
570	2.920000E-1
580	2.895000E-1
590	2.905000E-1
600	3.012000E-1
610	3.166000E-1
620	3.266000E-1
630	3.307000E-1
640	3.314000E-1
650	3.316000E-1
660	3.308000E-1
670	3.298000E-1
680	3.282000E-1
690	3.253000E-1
700	3.236000E-1
710	3.224000E-1
720	3.213000E-1
730	3.226000E-1
"5P 6/4"	""	""	
380	1.266000E-1
390	1.827000E-1
400	2.832000E-1
410	3.743000E-1
420	3.989000E-1
430	3.971000E-1
440	3.911000E-1
450	3.824000E-1
460	3.726000E-1
470	3.591000E-1
480	3.444000E-1
490	3.270000E-1
500	3.091000E-1
510	2.960000E-1
520	2.847000E-1
530	2.701000E-1
540	2.615000E-1
550	2.648000E-1
560	2.687000E-1
570	2.684000E-1
580	2.658000E-1
590	2.713000E-1
600	2.908000E-1
610	3.211000E-1
620	3.471000E-1
630	3.623000E-1
640	3.699000E-1
650	3.752000E-1
660	3.789000E-1
670	3.797000E-1
680	3.784000E-1
690	3.745000E-1
700	3.703000E-1
710	3.672000E-1
720	3.671000E-1
730	3.728000E-1
"5P 6/6"	""	""	
380	1.390000E-1
390	1.943000E-1
400	3.206000E-1
410	4.517000E-1
420	4.977000E-1
430	4.954000E-1
440	4.847000E-1
450	4.659000E-1
460	4.455000E-1
470	4.191000E-1
480	3.928000E-1
490	3.664000E-1
500	3.375000E-1
510	3.161000E-1
520	3.015000E-1
530	2.843000E-1
540	2.701000E-1
550	2.700000E-1
560	2.767000E-1
570	2.778000E-1
580	2.700000E-1
590	2.707000E-1
600	2.961000E-1
610	3.438000E-1
620	3.866000E-1
630	4.147000E-1
640	4.350000E-1
650	4.528000E-1
660	4.668000E-1
670	4.745000E-1
680	4.796000E-1
690	4.816000E-1
700	4.821000E-1
710	4.834000E-1
720	4.836000E-1
730	4.830000E-1
"5P 6/8"	""	""	
380	1.457000E-1
390	1.938000E-1
400	3.331000E-1
410	4.920000E-1
420	5.573000E-1
430	5.607000E-1
440	5.447000E-1
450	5.189000E-1
460	4.862000E-1
470	4.473000E-1
480	4.078000E-1
490	3.676000E-1
500	3.278000E-1
510	3.004000E-1
520	2.799000E-1
530	2.566000E-1
540	2.432000E-1
550	2.455000E-1
560	2.499000E-1
570	2.496000E-1
580	2.484000E-1
590	2.613000E-1
600	2.983000E-1
610	3.521000E-1
620	3.889000E-1
630	4.122000E-1
640	4.511000E-1
650	5.105000E-1
660	5.808000E-1
670	6.491000E-1
680	7.097000E-1
690	7.595000E-1
700	7.973000E-1
710	8.224000E-1
720	8.359000E-1
730	8.462000E-1
"5P 7/1"	""	""	
380	1.413000E-1
390	1.903000E-1
400	3.036000E-1
410	4.109000E-1
420	4.407000E-1
430	4.421000E-1
440	4.398000E-1
450	4.379000E-1
460	4.369000E-1
470	4.355000E-1
480	4.333000E-1
490	4.304000E-1
500	4.264000E-1
510	4.208000E-1
520	4.135000E-1
530	4.037000E-1
540	3.979000E-1
550	3.979000E-1
560	3.985000E-1
570	4.049000E-1
580	4.131000E-1
590	4.211000E-1
600	4.223000E-1
610	4.209000E-1
620	4.220000E-1
630	4.239000E-1
640	4.256000E-1
650	4.331000E-1
660	4.439000E-1
670	4.488000E-1
680	4.449000E-1
690	4.356000E-1
700	4.219000E-1
710	4.106000E-1
720	4.147000E-1
730	4.395000E-1
"5P 7/2"	""	""	
380	1.428000E-1
390	1.903000E-1
400	3.100000E-1
410	4.325000E-1
420	4.712000E-1
430	4.736000E-1
440	4.708000E-1
450	4.681000E-1
460	4.647000E-1
470	4.578000E-1
480	4.496000E-1
490	4.415000E-1
500	4.319000E-1
510	4.210000E-1
520	4.107000E-1
530	4.024000E-1
540	3.970000E-1
550	3.892000E-1
560	3.764000E-1
570	3.722000E-1
580	3.965000E-1
590	4.305000E-1
600	4.427000E-1
610	4.454000E-1
620	4.445000E-1
630	4.428000E-1
640	4.400000E-1
650	4.380000E-1
660	4.359000E-1
670	4.340000E-1
680	4.329000E-1
690	4.307000E-1
700	4.290000E-1
710	4.272000E-1
720	4.246000E-1
730	4.234000E-1
"5P 7/4"	""	""	
380	1.469000E-1
390	1.993000E-1
400	3.310000E-1
410	4.772000E-1
420	5.298000E-1
430	5.360000E-1
440	5.384000E-1
450	5.392000E-1
460	5.345000E-1
470	5.217000E-1
480	5.039000E-1
490	4.861000E-1
500	4.665000E-1
510	4.438000E-1
520	4.208000E-1
530	4.037000E-1
540	3.914000E-1
550	3.746000E-1
560	3.519000E-1
570	3.418000E-1
580	3.808000E-1
590	4.440000E-1
600	4.685000E-1
610	4.708000E-1
620	4.749000E-1
630	4.891000E-1
640	5.083000E-1
650	5.270000E-1
660	5.390000E-1
670	5.366000E-1
680	5.209000E-1
690	5.038000E-1
700	4.984000E-1
710	5.041000E-1
720	5.146000E-1
730	5.313000E-1
"5P 7/6"	""	""	
380	1.580000E-1
390	1.982000E-1
400	3.425000E-1
410	5.147000E-1
420	5.941000E-1
430	6.077000E-1
440	6.122000E-1
450	6.118000E-1
460	6.026000E-1
470	5.823000E-1
480	5.518000E-1
490	5.151000E-1
500	4.744000E-1
510	4.371000E-1
520	4.001000E-1
530	3.695000E-1
540	3.561000E-1
550	3.478000E-1
560	3.317000E-1
570	3.256000E-1
580	3.636000E-1
590	4.353000E-1
600	4.882000E-1
610	5.011000E-1
620	4.817000E-1
630	4.728000E-1
640	4.993000E-1
650	5.524000E-1
660	6.150000E-1
670	6.734000E-1
680	7.218000E-1
690	7.610000E-1
700	7.933000E-1
710	8.166000E-1
720	8.296000E-1
730	8.395000E-1
"5P 7/8"	""	""	
380	1.750000E-1
390	2.221000E-1
400	3.785000E-1
410	5.910000E-1
420	6.972000E-1
430	7.118000E-1
440	6.944000E-1
450	6.688000E-1
460	6.346000E-1
470	5.963000E-1
480	5.555000E-1
490	5.126000E-1
500	4.697000E-1
510	4.343000E-1
520	4.074000E-1
530	3.820000E-1
540	3.657000E-1
550	3.635000E-1
560	3.670000E-1
570	3.699000E-1
580	3.677000E-1
590	3.748000E-1
600	4.082000E-1
610	4.653000E-1
620	5.144000E-1
630	5.501000E-1
640	5.935000E-1
650	6.504000E-1
660	7.093000E-1
670	7.575000E-1
680	7.981000E-1
690	8.293000E-1
700	8.516000E-1
710	8.672000E-1
720	8.750000E-1
730	8.837000E-1
"5P 8/1"	""	""	
380	1.640000E-1
390	2.113000E-1
400	3.501000E-1
410	5.290000E-1
420	6.077000E-1
430	6.178000E-1
440	6.169000E-1
450	6.132000E-1
460	6.111000E-1
470	6.074000E-1
480	6.028000E-1
490	5.987000E-1
500	5.924000E-1
510	5.854000E-1
520	5.787000E-1
530	5.703000E-1
540	5.655000E-1
550	5.657000E-1
560	5.640000E-1
570	5.683000E-1
580	5.749000E-1
590	5.843000E-1
600	5.906000E-1
610	5.922000E-1
620	5.887000E-1
630	5.863000E-1
640	5.880000E-1
650	5.926000E-1
660	5.967000E-1
670	5.993000E-1
680	6.010000E-1
690	6.013000E-1
700	6.013000E-1
710	6.014000E-1
720	5.995000E-1
730	5.995000E-1
"5P 8/2"	""	""	
380	1.673000E-1
390	2.111000E-1
400	3.608000E-1
410	5.547000E-1
420	6.429000E-1
430	6.557000E-1
440	6.523000E-1
450	6.476000E-1
460	6.426000E-1
470	6.356000E-1
480	6.269000E-1
490	6.183000E-1
500	6.082000E-1
510	5.985000E-1
520	5.865000E-1
530	5.687000E-1
540	5.591000E-1
550	5.626000E-1
560	5.620000E-1
570	5.653000E-1
580	5.766000E-1
590	5.916000E-1
600	6.026000E-1
610	6.112000E-1
620	6.150000E-1
630	6.156000E-1
640	6.142000E-1
650	6.131000E-1
660	6.122000E-1
670	6.112000E-1
680	6.108000E-1
690	6.091000E-1
700	6.079000E-1
710	6.071000E-1
720	6.054000E-1
730	6.044000E-1
"5P 8/4"	""	""	
380	1.761000E-1
390	2.223000E-1
400	3.796000E-1
410	6.084000E-1
420	7.391000E-1
430	7.656000E-1
440	7.620000E-1
450	7.511000E-1
460	7.370000E-1
470	7.162000E-1
480	6.926000E-1
490	6.670000E-1
500	6.372000E-1
510	6.123000E-1
520	5.934000E-1
530	5.709000E-1
540	5.542000E-1
550	5.539000E-1
560	5.575000E-1
570	5.588000E-1
580	5.543000E-1
590	5.612000E-1
600	5.913000E-1
610	6.359000E-1
620	6.666000E-1
630	6.856000E-1
640	7.084000E-1
650	7.376000E-1
660	7.631000E-1
670	7.804000E-1
680	7.923000E-1
690	7.995000E-1
700	8.043000E-1
710	8.087000E-1
720	8.113000E-1
730	8.142000E-1
"5P 9/1"	""	""	
380	1.940000E-1
390	2.389000E-1
400	4.072000E-1
410	6.435000E-1
420	7.768000E-1
430	8.077000E-1
440	8.128000E-1
450	8.144000E-1
460	8.156000E-1
470	8.133000E-1
480	8.094000E-1
490	8.052000E-1
500	7.976000E-1
510	7.902000E-1
520	7.844000E-1
530	7.747000E-1
540	7.693000E-1
550	7.714000E-1
560	7.704000E-1
570	7.729000E-1
580	7.740000E-1
590	7.818000E-1
600	7.942000E-1
610	8.071000E-1
620	8.129000E-1
630	8.161000E-1
640	8.219000E-1
650	8.310000E-1
660	8.386000E-1
670	8.433000E-1
680	8.476000E-1
690	8.497000E-1
700	8.515000E-1
710	8.534000E-1
720	8.541000E-1
730	8.559000E-1
"5P 9/2"	""	""	
380	1.869000E-1
390	2.257000E-1
400	3.785000E-1
410	6.215000E-1
420	7.830000E-1
430	8.270000E-1
440	8.361000E-1
450	8.403000E-1
460	8.439000E-1
470	8.432000E-1
480	8.384000E-1
490	8.306000E-1
500	8.179000E-1
510	8.033000E-1
520	7.846000E-1
530	7.618000E-1
540	7.512000E-1
550	7.532000E-1
560	7.485000E-1
570	7.506000E-1
580	7.649000E-1
590	7.873000E-1
600	8.027000E-1
610	8.089000E-1
620	8.064000E-1
630	8.067000E-1
640	8.177000E-1
650	8.355000E-1
660	8.536000E-1
670	8.693000E-1
680	8.836000E-1
690	8.954000E-1
700	9.068000E-1
710	9.167000E-1
720	9.228000E-1
730	9.294000E-1
"7.5P 2.5/2"	""	""	
380	5.120000E-2
390	5.800000E-2
400	6.020000E-2
410	6.880000E-2
420	7.390000E-2
430	7.410000E-2
440	7.010000E-2
450	6.410000E-2
460	5.780000E-2
470	5.180000E-2
480	4.780000E-2
490	4.560000E-2
500	4.370000E-2
510	4.290000E-2
520	4.240000E-2
530	4.200000E-2
540	4.160000E-2
550	4.170000E-2
560	4.180000E-2
570	4.200000E-2
580	4.190000E-2
590	4.240000E-2
600	4.360000E-2
610	4.780000E-2
620	5.640000E-2
630	6.540000E-2
640	7.110000E-2
650	7.300000E-2
660	7.400000E-2
670	7.650000E-2
680	8.160000E-2
690	9.000000E-2
700	1.031000E-1
710	1.178000E-1
720	1.267000E-1
730	1.333000E-1
"7.5P 2.5/4"	""	""	
380	6.920000E-2
390	7.390000E-2
400	8.820000E-2
410	9.450000E-2
420	9.470000E-2
430	9.400000E-2
440	8.990000E-2
450	8.460000E-2
460	7.740000E-2
470	7.090000E-2
480	6.350000E-2
490	5.640000E-2
500	5.120000E-2
510	4.690000E-2
520	4.290000E-2
530	4.000000E-2
540	3.940000E-2
550	3.990000E-2
560	3.980000E-2
570	4.120000E-2
580	4.540000E-2
590	5.340000E-2
600	6.370000E-2
610	7.050000E-2
620	6.990000E-2
630	7.000000E-2
640	7.730000E-2
650	9.380000E-2
660	1.181000E-1
670	1.428000E-1
680	1.638000E-1
690	1.796000E-1
700	1.907000E-1
710	1.995000E-1
720	2.058000E-1
730	2.109000E-1
"7.5P 3/2"	""	""	
380	6.130000E-2
390	8.300000E-2
400	9.080000E-2
410	9.450000E-2
420	9.390000E-2
430	9.180000E-2
440	9.000000E-2
450	8.760000E-2
460	8.410000E-2
470	7.980000E-2
480	7.500000E-2
490	7.060000E-2
500	6.630000E-2
510	6.300000E-2
520	6.080000E-2
530	5.850000E-2
540	5.710000E-2
550	5.680000E-2
560	5.670000E-2
570	5.750000E-2
580	6.020000E-2
590	6.380000E-2
600	6.840000E-2
610	7.580000E-2
620	8.260000E-2
630	8.640000E-2
640	8.830000E-2
650	8.940000E-2
660	8.990000E-2
670	8.990000E-2
680	9.050000E-2
690	9.020000E-2
700	8.980000E-2
710	9.010000E-2
720	8.950000E-2
730	8.910000E-2
"7.5P 3/4"	""	""	
380	7.660000E-2
390	9.410000E-2
400	1.159000E-1
410	1.300000E-1
420	1.314000E-1
430	1.273000E-1
440	1.179000E-1
450	1.071000E-1
460	9.490000E-2
470	8.330000E-2
480	7.390000E-2
490	6.650000E-2
500	6.040000E-2
510	5.660000E-2
520	5.440000E-2
530	5.230000E-2
540	5.060000E-2
550	5.070000E-2
560	5.150000E-2
570	5.200000E-2
580	5.210000E-2
590	5.290000E-2
600	5.670000E-2
610	6.750000E-2
620	8.700000E-2
630	1.091000E-1
640	1.257000E-1
650	1.358000E-1
660	1.432000E-1
670	1.493000E-1
680	1.549000E-1
690	1.616000E-1
700	1.687000E-1
710	1.751000E-1
720	1.832000E-1
730	1.990000E-1
"7.5P 3/6"	""	""	
380	9.390000E-2
390	1.204000E-1
400	1.465000E-1
410	1.649000E-1
420	1.648000E-1
430	1.577000E-1
440	1.435000E-1
450	1.261000E-1
460	1.098000E-1
470	9.420000E-2
480	8.210000E-2
490	7.190000E-2
500	6.370000E-2
510	5.870000E-2
520	5.510000E-2
530	5.200000E-2
540	5.010000E-2
550	5.030000E-2
560	5.130000E-2
570	5.180000E-2
580	5.200000E-2
590	5.340000E-2
600	5.950000E-2
610	7.600000E-2
620	1.030000E-1
630	1.339000E-1
640	1.660000E-1
650	1.989000E-1
660	2.305000E-1
670	2.576000E-1
680	2.786000E-1
690	2.947000E-1
700	3.088000E-1
710	3.211000E-1
720	3.307000E-1
730	3.407000E-1
"7.5P 3/8"	""	""	
380	1.018000E-1
390	1.274000E-1
400	1.679000E-1
410	1.959000E-1
420	1.977000E-1
430	1.865000E-1
440	1.617000E-1
450	1.365000E-1
460	1.126000E-1
470	9.280000E-2
480	7.860000E-2
490	6.730000E-2
500	5.930000E-2
510	5.430000E-2
520	5.140000E-2
530	4.880000E-2
540	4.670000E-2
550	4.700000E-2
560	4.810000E-2
570	4.820000E-2
580	4.750000E-2
590	4.800000E-2
600	5.290000E-2
610	6.760000E-2
620	9.380000E-2
630	1.292000E-1
640	1.762000E-1
650	2.412000E-1
660	3.231000E-1
670	4.075000E-1
680	4.821000E-1
690	5.456000E-1
700	5.994000E-1
710	6.444000E-1
720	6.815000E-1
730	7.152000E-1
"7.5P 4/2"	""	""	
380	8.710000E-2
390	1.132000E-1
400	1.386000E-1
410	1.493000E-1
420	1.496000E-1
430	1.482000E-1
440	1.473000E-1
450	1.460000E-1
460	1.437000E-1
470	1.402000E-1
480	1.351000E-1
490	1.302000E-1
500	1.249000E-1
510	1.189000E-1
520	1.132000E-1
530	1.091000E-1
540	1.066000E-1
550	1.029000E-1
560	9.800000E-2
570	9.730000E-2
580	1.107000E-1
590	1.309000E-1
600	1.403000E-1
610	1.427000E-1
620	1.427000E-1
630	1.417000E-1
640	1.406000E-1
650	1.396000E-1
660	1.387000E-1
670	1.378000E-1
680	1.370000E-1
690	1.359000E-1
700	1.350000E-1
710	1.340000E-1
720	1.331000E-1
730	1.324000E-1
"7.5P 4/4"	""	""	
380	9.680000E-2
390	1.226000E-1
400	1.587000E-1
410	1.785000E-1
420	1.806000E-1
430	1.793000E-1
440	1.753000E-1
450	1.709000E-1
460	1.646000E-1
470	1.580000E-1
480	1.493000E-1
490	1.385000E-1
500	1.291000E-1
510	1.217000E-1
520	1.112000E-1
530	9.870000E-2
540	9.300000E-2
550	9.490000E-2
560	9.470000E-2
570	9.600000E-2
580	1.091000E-1
590	1.321000E-1
600	1.510000E-1
610	1.595000E-1
620	1.591000E-1
630	1.586000E-1
640	1.628000E-1
650	1.689000E-1
660	1.744000E-1
670	1.777000E-1
680	1.788000E-1
690	1.789000E-1
700	1.792000E-1
710	1.791000E-1
720	1.789000E-1
730	1.794000E-1
"7.5P 4/6"	""	""	
380	9.700000E-2
390	1.326000E-1
400	1.805000E-1
410	2.118000E-1
420	2.169000E-1
430	2.141000E-1
440	2.062000E-1
450	1.956000E-1
460	1.828000E-1
470	1.690000E-1
480	1.540000E-1
490	1.389000E-1
500	1.256000E-1
510	1.148000E-1
520	1.035000E-1
530	9.190000E-2
540	8.650000E-2
550	8.780000E-2
560	8.890000E-2
570	9.130000E-2
580	9.980000E-2
590	1.120000E-1
600	1.301000E-1
610	1.597000E-1
620	1.908000E-1
630	2.125000E-1
640	2.242000E-1
650	2.298000E-1
660	2.327000E-1
670	2.340000E-1
680	2.342000E-1
690	2.337000E-1
700	2.332000E-1
710	2.338000E-1
720	2.339000E-1
730	2.347000E-1
"7.5P 4/8"	""	""	
380	1.118000E-1
390	1.537000E-1
400	2.210000E-1
410	2.622000E-1
420	2.696000E-1
430	2.612000E-1
440	2.433000E-1
450	2.210000E-1
460	1.974000E-1
470	1.744000E-1
480	1.531000E-1
490	1.337000E-1
500	1.175000E-1
510	1.061000E-1
520	9.560000E-2
530	8.540000E-2
540	8.000000E-2
550	8.080000E-2
560	8.200000E-2
570	8.400000E-2
580	8.860000E-2
590	9.660000E-2
600	1.145000E-1
610	1.536000E-1
620	2.100000E-1
630	2.650000E-1
640	3.049000E-1
650	3.317000E-1
660	3.500000E-1
670	3.626000E-1
680	3.721000E-1
690	3.785000E-1
700	3.835000E-1
710	3.875000E-1
720	3.899000E-1
730	3.926000E-1
"7.5P 4/10"	""	""	
380	1.119000E-1
390	1.623000E-1
400	2.455000E-1
410	3.067000E-1
420	3.185000E-1
430	3.064000E-1
440	2.815000E-1
450	2.512000E-1
460	2.199000E-1
470	1.896000E-1
480	1.629000E-1
490	1.401000E-1
500	1.205000E-1
510	1.070000E-1
520	9.710000E-2
530	8.710000E-2
540	8.040000E-2
550	8.000000E-2
560	8.250000E-2
570	8.360000E-2
580	8.290000E-2
590	8.520000E-2
600	1.014000E-1
610	1.452000E-1
620	2.183000E-1
630	3.003000E-1
640	3.709000E-1
650	4.255000E-1
660	4.667000E-1
670	4.967000E-1
680	5.184000E-1
690	5.338000E-1
700	5.462000E-1
710	5.577000E-1
720	5.662000E-1
730	5.733000E-1
"7.5P 5/2"	""	""	
380	1.100000E-1
390	1.493000E-1
400	2.013000E-1
410	2.313000E-1
420	2.328000E-1
430	2.295000E-1
440	2.246000E-1
450	2.208000E-1
460	2.162000E-1
470	2.129000E-1
480	2.077000E-1
490	1.989000E-1
500	1.903000E-1
510	1.866000E-1
520	1.823000E-1
530	1.739000E-1
540	1.697000E-1
550	1.778000E-1
560	1.909000E-1
570	1.965000E-1
580	1.943000E-1
590	1.937000E-1
600	2.012000E-1
610	2.154000E-1
620	2.264000E-1
630	2.321000E-1
640	2.337000E-1
650	2.340000E-1
660	2.339000E-1
670	2.332000E-1
680	2.327000E-1
690	2.315000E-1
700	2.304000E-1
710	2.289000E-1
720	2.278000E-1
730	2.267000E-1
"7.5P 5/4"	""	""	
380	1.143000E-1
390	1.567000E-1
400	2.162000E-1
410	2.553000E-1
420	2.621000E-1
430	2.600000E-1
440	2.559000E-1
450	2.509000E-1
460	2.444000E-1
470	2.376000E-1
480	2.288000E-1
490	2.179000E-1
500	2.076000E-1
510	1.976000E-1
520	1.819000E-1
530	1.637000E-1
540	1.567000E-1
550	1.606000E-1
560	1.597000E-1
570	1.633000E-1
580	1.850000E-1
590	2.150000E-1
600	2.351000E-1
610	2.447000E-1
620	2.481000E-1
630	2.488000E-1
640	2.479000E-1
650	2.467000E-1
660	2.458000E-1
670	2.448000E-1
680	2.437000E-1
690	2.423000E-1
700	2.407000E-1
710	2.397000E-1
720	2.384000E-1
730	2.373000E-1
"7.5P 5/6"	""	""	
380	1.128000E-1
390	1.560000E-1
400	2.403000E-1
410	3.071000E-1
420	3.237000E-1
430	3.223000E-1
440	3.135000E-1
450	3.014000E-1
460	2.865000E-1
470	2.695000E-1
480	2.509000E-1
490	2.312000E-1
500	2.127000E-1
510	1.973000E-1
520	1.809000E-1
530	1.625000E-1
540	1.537000E-1
550	1.567000E-1
560	1.583000E-1
570	1.615000E-1
580	1.738000E-1
590	1.938000E-1
600	2.234000E-1
610	2.640000E-1
620	3.011000E-1
630	3.245000E-1
640	3.364000E-1
650	3.420000E-1
660	3.452000E-1
670	3.470000E-1
680	3.480000E-1
690	3.479000E-1
700	3.474000E-1
710	3.474000E-1
720	3.465000E-1
730	3.465000E-1
"7.5P 5/8"	""	""	
380	1.376000E-1
390	1.898000E-1
400	2.868000E-1
410	3.620000E-1
420	3.790000E-1
430	3.737000E-1
440	3.574000E-1
450	3.358000E-1
460	3.118000E-1
470	2.866000E-1
480	2.602000E-1
490	2.341000E-1
500	2.114000E-1
510	1.932000E-1
520	1.734000E-1
530	1.525000E-1
540	1.429000E-1
550	1.455000E-1
560	1.468000E-1
570	1.504000E-1
580	1.659000E-1
590	1.893000E-1
600	2.232000E-1
610	2.774000E-1
620	3.374000E-1
630	3.828000E-1
640	4.099000E-1
650	4.257000E-1
660	4.355000E-1
670	4.420000E-1
680	4.466000E-1
690	4.491000E-1
700	4.511000E-1
710	4.525000E-1
720	4.526000E-1
730	4.528000E-1
"7.5P 5/10"	""	""	
380	1.211000E-1
390	1.727000E-1
400	2.895000E-1
410	4.021000E-1
420	4.344000E-1
430	4.262000E-1
440	4.019000E-1
450	3.728000E-1
460	3.416000E-1
470	3.108000E-1
480	2.769000E-1
490	2.418000E-1
500	2.132000E-1
510	1.905000E-1
520	1.628000E-1
530	1.352000E-1
540	1.250000E-1
550	1.305000E-1
560	1.317000E-1
570	1.354000E-1
580	1.627000E-1
590	2.118000E-1
600	2.612000E-1
610	3.073000E-1
620	3.468000E-1
630	3.761000E-1
640	3.992000E-1
650	4.212000E-1
660	4.455000E-1
670	4.737000E-1
680	5.088000E-1
690	5.510000E-1
700	6.002000E-1
710	6.522000E-1
720	7.011000E-1
730	7.451000E-1
"7.5P 6/2"	""	""	
380	1.252000E-1
390	1.683000E-1
400	2.488000E-1
410	3.116000E-1
420	3.264000E-1
430	3.277000E-1
440	3.260000E-1
450	3.251000E-1
460	3.247000E-1
470	3.219000E-1
480	3.150000E-1
490	3.053000E-1
500	2.951000E-1
510	2.876000E-1
520	2.782000E-1
530	2.662000E-1
540	2.624000E-1
550	2.685000E-1
560	2.757000E-1
570	2.858000E-1
580	2.996000E-1
590	3.109000E-1
600	3.124000E-1
610	3.127000E-1
620	3.144000E-1
630	3.143000E-1
640	3.113000E-1
650	3.079000E-1
660	3.102000E-1
670	3.213000E-1
680	3.374000E-1
690	3.534000E-1
700	3.662000E-1
710	3.709000E-1
720	3.659000E-1
730	3.644000E-1
"7.5P 6/4"	""	""	
380	1.307000E-1
390	1.793000E-1
400	2.748000E-1
410	3.561000E-1
420	3.752000E-1
430	3.748000E-1
440	3.692000E-1
450	3.629000E-1
460	3.552000E-1
470	3.460000E-1
480	3.343000E-1
490	3.201000E-1
500	3.069000E-1
510	2.957000E-1
520	2.770000E-1
530	2.507000E-1
540	2.389000E-1
550	2.451000E-1
560	2.460000E-1
570	2.505000E-1
580	2.793000E-1
590	3.187000E-1
600	3.430000E-1
610	3.540000E-1
620	3.574000E-1
630	3.572000E-1
640	3.557000E-1
650	3.540000E-1
660	3.525000E-1
670	3.507000E-1
680	3.492000E-1
690	3.473000E-1
700	3.453000E-1
710	3.437000E-1
720	3.414000E-1
730	3.393000E-1
"7.5P 6/6"	""	""	
380	1.399000E-1
390	1.918000E-1
400	3.046000E-1
410	4.084000E-1
420	4.350000E-1
430	4.368000E-1
440	4.276000E-1
450	4.156000E-1
460	4.014000E-1
470	3.844000E-1
480	3.645000E-1
490	3.422000E-1
500	3.217000E-1
510	3.029000E-1
520	2.772000E-1
530	2.489000E-1
540	2.371000E-1
550	2.421000E-1
560	2.417000E-1
570	2.469000E-1
580	2.754000E-1
590	3.161000E-1
600	3.557000E-1
610	3.953000E-1
620	4.248000E-1
630	4.399000E-1
640	4.465000E-1
650	4.494000E-1
660	4.504000E-1
670	4.506000E-1
680	4.508000E-1
690	4.497000E-1
700	4.488000E-1
710	4.482000E-1
720	4.460000E-1
730	4.445000E-1
"7.5P 6/8"	""	""	
380	1.518000E-1
390	2.121000E-1
400	3.441000E-1
410	4.741000E-1
420	5.147000E-1
430	5.123000E-1
440	4.971000E-1
450	4.741000E-1
460	4.483000E-1
470	4.199000E-1
480	3.892000E-1
490	3.583000E-1
500	3.298000E-1
510	3.064000E-1
520	2.805000E-1
530	2.515000E-1
540	2.381000E-1
550	2.421000E-1
560	2.438000E-1
570	2.490000E-1
580	2.697000E-1
590	3.005000E-1
600	3.451000E-1
610	4.123000E-1
620	4.827000E-1
630	5.340000E-1
640	5.638000E-1
650	5.812000E-1
660	5.920000E-1
670	5.984000E-1
680	6.030000E-1
690	6.058000E-1
700	6.078000E-1
710	6.100000E-1
720	6.110000E-1
730	6.122000E-1
"7.5P 6/10"	""	""	
380	1.499000E-1
390	2.120000E-1
400	3.487000E-1
410	4.922000E-1
420	5.411000E-1
430	5.372000E-1
440	5.149000E-1
450	4.823000E-1
460	4.446000E-1
470	4.030000E-1
480	3.637000E-1
490	3.287000E-1
500	2.948000E-1
510	2.714000E-1
520	2.575000E-1
530	2.408000E-1
540	2.272000E-1
550	2.279000E-1
560	2.383000E-1
570	2.424000E-1
580	2.327000E-1
590	2.319000E-1
600	2.654000E-1
610	3.461000E-1
620	4.550000E-1
630	5.555000E-1
640	6.292000E-1
650	6.827000E-1
660	7.247000E-1
670	7.563000E-1
680	7.824000E-1
690	8.029000E-1
700	8.193000E-1
710	8.330000E-1
720	8.445000E-1
730	8.544000E-1
"7.5P 7/2"	""	""	
380	1.466000E-1
390	1.901000E-1
400	3.083000E-1
410	4.275000E-1
420	4.653000E-1
430	4.676000E-1
440	4.632000E-1
450	4.593000E-1
460	4.544000E-1
470	4.489000E-1
480	4.422000E-1
490	4.353000E-1
500	4.281000E-1
510	4.207000E-1
520	4.102000E-1
530	3.949000E-1
540	3.879000E-1
550	3.936000E-1
560	3.974000E-1
570	4.055000E-1
580	4.235000E-1
590	4.418000E-1
600	4.506000E-1
610	4.536000E-1
620	4.535000E-1
630	4.517000E-1
640	4.495000E-1
650	4.474000E-1
660	4.456000E-1
670	4.437000E-1
680	4.426000E-1
690	4.404000E-1
700	4.386000E-1
710	4.369000E-1
720	4.344000E-1
730	4.333000E-1
"7.5P 7/4"	""	""	
380	1.571000E-1
390	2.109000E-1
400	3.410000E-1
410	4.711000E-1
420	5.128000E-1
430	5.139000E-1
440	5.083000E-1
450	5.010000E-1
460	4.931000E-1
470	4.850000E-1
480	4.735000E-1
490	4.572000E-1
500	4.417000E-1
510	4.286000E-1
520	4.061000E-1
530	3.762000E-1
540	3.647000E-1
550	3.739000E-1
560	3.762000E-1
570	3.839000E-1
580	4.198000E-1
590	4.686000E-1
600	5.014000E-1
610	5.174000E-1
620	5.234000E-1
630	5.241000E-1
640	5.228000E-1
650	5.211000E-1
660	5.196000E-1
670	5.177000E-1
680	5.165000E-1
690	5.141000E-1
700	5.120000E-1
710	5.101000E-1
720	5.076000E-1
730	5.061000E-1
"7.5P 7/6"	""	""	
380	1.535000E-1
390	2.070000E-1
400	3.530000E-1
410	5.170000E-1
420	5.802000E-1
430	5.877000E-1
440	5.793000E-1
450	5.674000E-1
460	5.519000E-1
470	5.332000E-1
480	5.099000E-1
490	4.837000E-1
500	4.588000E-1
510	4.359000E-1
520	4.042000E-1
530	3.670000E-1
540	3.518000E-1
550	3.596000E-1
560	3.601000E-1
570	3.683000E-1
580	4.086000E-1
590	4.648000E-1
600	5.160000E-1
610	5.627000E-1
620	5.963000E-1
630	6.144000E-1
640	6.224000E-1
650	6.262000E-1
660	6.286000E-1
670	6.296000E-1
680	6.310000E-1
690	6.304000E-1
700	6.303000E-1
710	6.302000E-1
720	6.295000E-1
730	6.284000E-1
"7.5P 7/8"	""	""	
380	1.661000E-1
390	2.189000E-1
400	3.668000E-1
410	5.298000E-1
420	5.916000E-1
430	6.007000E-1
440	5.919000E-1
450	5.747000E-1
460	5.491000E-1
470	5.163000E-1
480	4.822000E-1
490	4.479000E-1
500	4.130000E-1
510	3.875000E-1
520	3.706000E-1
530	3.504000E-1
540	3.339000E-1
550	3.357000E-1
560	3.498000E-1
570	3.581000E-1
580	3.503000E-1
590	3.525000E-1
600	4.004000E-1
610	5.084000E-1
620	6.358000E-1
630	7.320000E-1
640	7.895000E-1
650	8.237000E-1
660	8.455000E-1
670	8.580000E-1
680	8.674000E-1
690	8.745000E-1
700	8.812000E-1
710	8.875000E-1
720	8.921000E-1
730	8.969000E-1
"7.5P 8/2"	""	""	
380	1.693000E-1
390	2.271000E-1
400	3.750000E-1
410	5.454000E-1
420	6.122000E-1
430	6.216000E-1
440	6.208000E-1
450	6.187000E-1
460	6.158000E-1
470	6.118000E-1
480	6.054000E-1
490	5.995000E-1
500	5.925000E-1
510	5.849000E-1
520	5.730000E-1
530	5.568000E-1
540	5.508000E-1
550	5.559000E-1
560	5.549000E-1
570	5.617000E-1
580	5.809000E-1
590	6.033000E-1
600	6.159000E-1
610	6.229000E-1
620	6.249000E-1
630	6.249000E-1
640	6.238000E-1
650	6.230000E-1
660	6.228000E-1
670	6.220000E-1
680	6.220000E-1
690	6.211000E-1
700	6.204000E-1
710	6.196000E-1
720	6.185000E-1
730	6.180000E-1
"7.5P 8/4"	""	""	
380	1.741000E-1
390	2.219000E-1
400	3.792000E-1
410	5.864000E-1
420	6.820000E-1
430	6.999000E-1
440	6.964000E-1
450	6.887000E-1
460	6.784000E-1
470	6.638000E-1
480	6.456000E-1
490	6.257000E-1
500	6.054000E-1
510	5.869000E-1
520	5.623000E-1
530	5.326000E-1
540	5.195000E-1
550	5.253000E-1
560	5.251000E-1
570	5.321000E-1
580	5.588000E-1
590	5.966000E-1
600	6.367000E-1
610	6.806000E-1
620	7.151000E-1
630	7.343000E-1
640	7.428000E-1
650	7.478000E-1
660	7.515000E-1
670	7.528000E-1
680	7.550000E-1
690	7.558000E-1
700	7.559000E-1
710	7.570000E-1
720	7.575000E-1
730	7.582000E-1
"7.5P 8/6"	""	""	
380	1.697000E-1
390	2.196000E-1
400	3.753000E-1
410	6.136000E-1
420	7.582000E-1
430	7.865000E-1
440	7.804000E-1
450	7.653000E-1
460	7.442000E-1
470	7.207000E-1
480	6.904000E-1
490	6.561000E-1
500	6.236000E-1
510	5.954000E-1
520	5.551000E-1
530	5.044000E-1
540	4.828000E-1
550	4.965000E-1
560	4.989000E-1
570	5.067000E-1
580	5.571000E-1
590	6.306000E-1
600	6.874000E-1
610	7.239000E-1
620	7.442000E-1
630	7.557000E-1
640	7.626000E-1
650	7.720000E-1
660	7.829000E-1
670	7.869000E-1
680	7.848000E-1
690	7.803000E-1
700	7.718000E-1
710	7.645000E-1
720	7.691000E-1
730	7.909000E-1
"7.5P 9/2"	""	""	
380	1.951000E-1
390	2.420000E-1
400	4.094000E-1
410	6.518000E-1
420	7.930000E-1
430	8.271000E-1
440	8.315000E-1
450	8.323000E-1
460	8.297000E-1
470	8.232000E-1
480	8.141000E-1
490	8.053000E-1
500	7.930000E-1
510	7.831000E-1
520	7.784000E-1
530	7.686000E-1
540	7.611000E-1
550	7.655000E-1
560	7.718000E-1
570	7.769000E-1
580	7.715000E-1
590	7.744000E-1
600	7.964000E-1
610	8.332000E-1
620	8.639000E-1
630	8.815000E-1
640	8.902000E-1
650	8.960000E-1
660	9.011000E-1
670	9.041000E-1
680	9.077000E-1
690	9.095000E-1
700	9.107000E-1
710	9.121000E-1
720	9.127000E-1
730	9.148000E-1
"10P 2.5/1"	""	""	
380	5.280000E-2
390	6.290000E-2
400	6.210000E-2
410	6.250000E-2
420	6.190000E-2
430	6.020000E-2
440	5.870000E-2
450	5.660000E-2
460	5.460000E-2
470	5.320000E-2
480	5.090000E-2
490	4.910000E-2
500	4.740000E-2
510	4.600000E-2
520	4.440000E-2
530	4.290000E-2
540	4.260000E-2
550	4.310000E-2
560	4.300000E-2
570	4.410000E-2
580	4.660000E-2
590	4.980000E-2
600	5.280000E-2
610	5.500000E-2
620	5.610000E-2
630	5.650000E-2
640	5.630000E-2
650	5.600000E-2
660	5.570000E-2
670	5.550000E-2
680	5.550000E-2
690	5.530000E-2
700	5.520000E-2
710	5.520000E-2
720	5.500000E-2
730	5.480000E-2
"10P 2.5/2"	""	""	
380	6.540000E-2
390	6.750000E-2
400	6.980000E-2
410	7.150000E-2
420	7.050000E-2
430	6.810000E-2
440	6.470000E-2
450	6.100000E-2
460	5.730000E-2
470	5.370000E-2
480	5.060000E-2
490	4.790000E-2
500	4.550000E-2
510	4.390000E-2
520	4.260000E-2
530	4.140000E-2
540	4.100000E-2
550	4.120000E-2
560	4.140000E-2
570	4.210000E-2
580	4.280000E-2
590	4.410000E-2
600	4.660000E-2
610	5.140000E-2
620	5.850000E-2
630	6.580000E-2
640	7.150000E-2
650	7.620000E-2
660	8.020000E-2
670	8.360000E-2
680	8.690000E-2
690	8.950000E-2
700	9.190000E-2
710	9.440000E-2
720	9.640000E-2
730	9.890000E-2
"10P 2.5/4"	""	""	
380	6.140000E-2
390	7.390000E-2
400	8.560000E-2
410	9.320000E-2
420	9.310000E-2
430	8.890000E-2
440	8.180000E-2
450	7.330000E-2
460	6.530000E-2
470	5.840000E-2
480	5.290000E-2
490	4.850000E-2
500	4.500000E-2
510	4.270000E-2
520	4.150000E-2
530	4.010000E-2
540	3.920000E-2
550	3.930000E-2
560	3.970000E-2
570	4.000000E-2
580	3.950000E-2
590	3.980000E-2
600	4.250000E-2
610	4.990000E-2
620	6.540000E-2
630	8.840000E-2
640	1.108000E-1
650	1.284000E-1
660	1.421000E-1
670	1.517000E-1
680	1.579000E-1
690	1.617000E-1
700	1.642000E-1
710	1.662000E-1
720	1.702000E-1
730	1.767000E-1
"10P 3/1"	""	""	
380	6.200000E-2
390	7.090000E-2
400	7.780000E-2
410	8.040000E-2
420	7.860000E-2
430	7.820000E-2
440	7.740000E-2
450	7.670000E-2
460	7.590000E-2
470	7.420000E-2
480	7.190000E-2
490	6.990000E-2
500	6.760000E-2
510	6.480000E-2
520	6.260000E-2
530	6.090000E-2
540	5.990000E-2
550	5.870000E-2
560	5.760000E-2
570	5.910000E-2
580	6.640000E-2
590	7.560000E-2
600	7.880000E-2
610	7.830000E-2
620	7.710000E-2
630	7.580000E-2
640	7.450000E-2
650	7.340000E-2
660	7.270000E-2
670	7.200000E-2
680	7.170000E-2
690	7.110000E-2
700	7.090000E-2
710	7.080000E-2
720	7.000000E-2
730	6.990000E-2
"10P 3/2"	""	""	
380	6.400000E-2
390	7.540000E-2
400	8.350000E-2
410	8.750000E-2
420	8.690000E-2
430	8.600000E-2
440	8.360000E-2
450	8.140000E-2
460	7.860000E-2
470	7.620000E-2
480	7.310000E-2
490	6.960000E-2
500	6.640000E-2
510	6.360000E-2
520	5.950000E-2
530	5.550000E-2
540	5.470000E-2
550	5.590000E-2
560	5.590000E-2
570	5.710000E-2
580	6.290000E-2
590	7.270000E-2
600	8.050000E-2
610	8.480000E-2
620	8.610000E-2
630	8.620000E-2
640	8.560000E-2
650	8.500000E-2
660	8.460000E-2
670	8.410000E-2
680	8.350000E-2
690	8.310000E-2
700	8.260000E-2
710	8.230000E-2
720	8.190000E-2
730	8.140000E-2
"10P 3/4"	""	""	
380	8.130000E-2
390	9.700000E-2
400	1.066000E-1
410	1.130000E-1
420	1.122000E-1
430	1.093000E-1
440	1.038000E-1
450	9.710000E-2
460	9.010000E-2
470	8.330000E-2
480	7.630000E-2
490	6.970000E-2
500	6.460000E-2
510	6.020000E-2
520	5.560000E-2
530	5.150000E-2
540	5.030000E-2
550	5.100000E-2
560	5.100000E-2
570	5.240000E-2
580	5.730000E-2
590	6.540000E-2
600	7.610000E-2
610	9.010000E-2
620	1.036000E-1
630	1.124000E-1
640	1.171000E-1
650	1.195000E-1
660	1.208000E-1
670	1.216000E-1
680	1.221000E-1
690	1.224000E-1
700	1.225000E-1
710	1.227000E-1
720	1.220000E-1
730	1.222000E-1
"10P 3/6"	""	""	
380	7.980000E-2
390	1.040000E-1
400	1.317000E-1
410	1.488000E-1
420	1.500000E-1
430	1.424000E-1
440	1.284000E-1
450	1.129000E-1
460	9.770000E-2
470	8.450000E-2
480	7.410000E-2
490	6.590000E-2
500	5.950000E-2
510	5.530000E-2
520	5.280000E-2
530	5.010000E-2
540	4.850000E-2
550	4.890000E-2
560	4.970000E-2
570	5.020000E-2
580	5.000000E-2
590	5.110000E-2
600	5.660000E-2
610	7.200000E-2
620	1.049000E-1
630	1.522000E-1
640	1.988000E-1
650	2.372000E-1
660	2.675000E-1
670	2.894000E-1
680	3.043000E-1
690	3.140000E-1
700	3.195000E-1
710	3.237000E-1
720	3.306000E-1
730	3.434000E-1
"10P 3/8"	""	""	
380	8.570000E-2
390	1.176000E-1
400	1.555000E-1
410	1.810000E-1
420	1.828000E-1
430	1.706000E-1
440	1.503000E-1
450	1.283000E-1
460	1.075000E-1
470	8.960000E-2
480	7.600000E-2
490	6.560000E-2
500	5.730000E-2
510	5.220000E-2
520	4.920000E-2
530	4.630000E-2
540	4.390000E-2
550	4.390000E-2
560	4.500000E-2
570	4.520000E-2
580	4.380000E-2
590	4.390000E-2
600	4.900000E-2
610	6.570000E-2
620	1.040000E-1
630	1.682000E-1
640	2.440000E-1
650	3.148000E-1
660	3.741000E-1
670	4.203000E-1
680	4.555000E-1
690	4.820000E-1
700	5.033000E-1
710	5.214000E-1
720	5.357000E-1
730	5.480000E-1
"10P 4/1"	""	""	
380	8.140000E-2
390	9.670000E-2
400	1.188000E-1
410	1.266000E-1
420	1.271000E-1
430	1.254000E-1
440	1.238000E-1
450	1.226000E-1
460	1.213000E-1
470	1.204000E-1
480	1.185000E-1
490	1.155000E-1
500	1.125000E-1
510	1.116000E-1
520	1.084000E-1
530	1.029000E-1
540	1.018000E-1
550	1.072000E-1
560	1.114000E-1
570	1.137000E-1
580	1.184000E-1
590	1.234000E-1
600	1.256000E-1
610	1.262000E-1
620	1.260000E-1
630	1.252000E-1
640	1.244000E-1
650	1.237000E-1
660	1.231000E-1
670	1.223000E-1
680	1.219000E-1
690	1.213000E-1
700	1.207000E-1
710	1.198000E-1
720	1.192000E-1
730	1.188000E-1
"10P 4/2"	""	""	
380	8.840000E-2
390	1.100000E-1
400	1.333000E-1
410	1.431000E-1
420	1.429000E-1
430	1.406000E-1
440	1.379000E-1
450	1.347000E-1
460	1.320000E-1
470	1.297000E-1
480	1.260000E-1
490	1.206000E-1
500	1.157000E-1
510	1.123000E-1
520	1.061000E-1
530	9.830000E-2
540	9.620000E-2
550	1.005000E-1
560	1.033000E-1
570	1.063000E-1
580	1.164000E-1
590	1.307000E-1
600	1.400000E-1
610	1.442000E-1
620	1.452000E-1
630	1.449000E-1
640	1.438000E-1
650	1.425000E-1
660	1.417000E-1
670	1.406000E-1
680	1.399000E-1
690	1.387000E-1
700	1.375000E-1
710	1.368000E-1
720	1.355000E-1
730	1.348000E-1
"10P 4/4"	""	""	
380	9.630000E-2
390	1.226000E-1
400	1.532000E-1
410	1.679000E-1
420	1.691000E-1
430	1.661000E-1
440	1.618000E-1
450	1.565000E-1
460	1.506000E-1
470	1.451000E-1
480	1.375000E-1
490	1.280000E-1
500	1.200000E-1
510	1.131000E-1
520	1.024000E-1
530	9.130000E-2
540	8.780000E-2
550	9.070000E-2
560	9.110000E-2
570	9.350000E-2
580	1.084000E-1
590	1.347000E-1
600	1.585000E-1
610	1.724000E-1
620	1.787000E-1
630	1.804000E-1
640	1.802000E-1
650	1.795000E-1
660	1.786000E-1
670	1.775000E-1
680	1.767000E-1
690	1.753000E-1
700	1.741000E-1
710	1.732000E-1
720	1.718000E-1
730	1.716000E-1
"10P 4/6"	""	""	
380	1.013000E-1
390	1.332000E-1
400	1.761000E-1
410	1.995000E-1
420	2.025000E-1
430	1.989000E-1
440	1.911000E-1
450	1.807000E-1
460	1.687000E-1
470	1.567000E-1
480	1.430000E-1
490	1.286000E-1
500	1.170000E-1
510	1.071000E-1
520	9.410000E-2
530	8.210000E-2
540	7.840000E-2
550	8.070000E-2
560	8.030000E-2
570	8.270000E-2
580	9.830000E-2
590	1.287000E-1
600	1.637000E-1
610	1.926000E-1
620	2.106000E-1
630	2.197000E-1
640	2.233000E-1
650	2.247000E-1
660	2.250000E-1
670	2.249000E-1
680	2.244000E-1
690	2.235000E-1
700	2.229000E-1
710	2.222000E-1
720	2.215000E-1
730	2.211000E-1
"10P 4/8"	""	""	
380	1.121000E-1
390	1.528000E-1
400	2.029000E-1
410	2.346000E-1
420	2.386000E-1
430	2.323000E-1
440	2.192000E-1
450	2.013000E-1
460	1.828000E-1
470	1.647000E-1
480	1.456000E-1
490	1.284000E-1
500	1.145000E-1
510	1.035000E-1
520	9.160000E-2
530	8.040000E-2
540	7.620000E-2
550	7.780000E-2
560	7.760000E-2
570	7.980000E-2
580	9.110000E-2
590	1.117000E-1
600	1.425000E-1
610	1.885000E-1
620	2.404000E-1
630	2.828000E-1
640	3.109000E-1
650	3.288000E-1
660	3.416000E-1
670	3.513000E-1
680	3.583000E-1
690	3.636000E-1
700	3.684000E-1
710	3.729000E-1
720	3.753000E-1
730	3.781000E-1
"10P 4/10"	""	""	
380	1.111000E-1
390	1.459000E-1
400	2.212000E-1
410	2.789000E-1
420	2.913000E-1
430	2.786000E-1
440	2.518000E-1
450	2.218000E-1
460	1.921000E-1
470	1.651000E-1
480	1.424000E-1
490	1.233000E-1
500	1.075000E-1
510	9.720000E-2
520	8.940000E-2
530	8.130000E-2
540	7.680000E-2
550	7.780000E-2
560	7.980000E-2
570	8.130000E-2
580	8.270000E-2
590	8.780000E-2
600	1.042000E-1
610	1.444000E-1
620	2.147000E-1
630	3.040000E-1
640	3.954000E-1
650	4.809000E-1
660	5.573000E-1
670	6.212000E-1
680	6.732000E-1
690	7.151000E-1
700	7.489000E-1
710	7.771000E-1
720	7.997000E-1
730	8.212000E-1
"10P 5/1"	""	""	
380	1.095000E-1
390	1.394000E-1
400	1.866000E-1
410	2.120000E-1
420	2.143000E-1
430	2.128000E-1
440	2.094000E-1
450	2.072000E-1
460	2.044000E-1
470	2.009000E-1
480	1.974000E-1
490	1.942000E-1
500	1.910000E-1
510	1.879000E-1
520	1.852000E-1
530	1.827000E-1
540	1.814000E-1
550	1.817000E-1
560	1.835000E-1
570	1.887000E-1
580	1.987000E-1
590	2.085000E-1
600	2.112000E-1
610	2.109000E-1
620	2.097000E-1
630	2.082000E-1
640	2.061000E-1
650	2.044000E-1
660	2.031000E-1
670	2.015000E-1
680	2.003000E-1
690	1.990000E-1
700	1.974000E-1
710	1.959000E-1
720	1.944000E-1
730	1.938000E-1
"10P 5/2"	""	""	
380	1.100000E-1
390	1.398000E-1
400	1.969000E-1
410	2.292000E-1
420	2.334000E-1
430	2.316000E-1
440	2.276000E-1
450	2.242000E-1
460	2.198000E-1
470	2.127000E-1
480	2.052000E-1
490	1.970000E-1
500	1.891000E-1
510	1.887000E-1
520	1.923000E-1
530	1.884000E-1
540	1.818000E-1
550	1.822000E-1
560	1.864000E-1
570	1.873000E-1
580	1.811000E-1
590	1.804000E-1
600	1.941000E-1
610	2.196000E-1
620	2.432000E-1
630	2.568000E-1
640	2.624000E-1
650	2.646000E-1
660	2.656000E-1
670	2.653000E-1
680	2.648000E-1
690	2.642000E-1
700	2.630000E-1
710	2.614000E-1
720	2.597000E-1
730	2.593000E-1
"10P 5/4"	""	""	
380	1.033000E-1
390	1.428000E-1
400	1.982000E-1
410	2.407000E-1
420	2.486000E-1
430	2.484000E-1
440	2.462000E-1
450	2.411000E-1
460	2.363000E-1
470	2.307000E-1
480	2.218000E-1
490	2.112000E-1
500	2.009000E-1
510	1.916000E-1
520	1.763000E-1
530	1.584000E-1
540	1.528000E-1
550	1.582000E-1
560	1.587000E-1
570	1.629000E-1
580	1.857000E-1
590	2.196000E-1
600	2.461000E-1
610	2.603000E-1
620	2.662000E-1
630	2.686000E-1
640	2.695000E-1
650	2.695000E-1
660	2.697000E-1
670	2.697000E-1
680	2.698000E-1
690	2.690000E-1
700	2.689000E-1
710	2.693000E-1
720	2.681000E-1
730	2.677000E-1
"10P 5/6"	""	""	
380	1.248000E-1
390	1.680000E-1
400	2.397000E-1
410	2.864000E-1
420	2.958000E-1
430	2.927000E-1
440	2.859000E-1
450	2.761000E-1
460	2.651000E-1
470	2.542000E-1
480	2.394000E-1
490	2.220000E-1
500	2.071000E-1
510	1.935000E-1
520	1.727000E-1
530	1.507000E-1
540	1.434000E-1
550	1.483000E-1
560	1.477000E-1
570	1.525000E-1
580	1.819000E-1
590	2.314000E-1
600	2.763000E-1
610	3.050000E-1
620	3.196000E-1
630	3.259000E-1
640	3.275000E-1
650	3.279000E-1
660	3.278000E-1
670	3.273000E-1
680	3.267000E-1
690	3.255000E-1
700	3.241000E-1
710	3.230000E-1
720	3.216000E-1
730	3.203000E-1
"10P 5/8"	""	""	
380	1.264000E-1
390	1.709000E-1
400	2.517000E-1
410	3.108000E-1
420	3.239000E-1
430	3.219000E-1
440	3.119000E-1
450	2.977000E-1
460	2.815000E-1
470	2.637000E-1
480	2.421000E-1
490	2.193000E-1
500	2.005000E-1
510	1.833000E-1
520	1.595000E-1
530	1.366000E-1
540	1.282000E-1
550	1.306000E-1
560	1.279000E-1
570	1.307000E-1
580	1.610000E-1
590	2.233000E-1
600	2.932000E-1
610	3.472000E-1
620	3.780000E-1
630	3.928000E-1
640	3.987000E-1
650	4.010000E-1
660	4.019000E-1
670	4.023000E-1
680	4.020000E-1
690	4.013000E-1
700	4.004000E-1
710	4.002000E-1
720	3.990000E-1
730	3.984000E-1
"10P 5/10"	""	""	
380	1.426000E-1
390	1.953000E-1
400	2.942000E-1
410	3.677000E-1
420	3.844000E-1
430	3.789000E-1
440	3.609000E-1
450	3.366000E-1
460	3.099000E-1
470	2.828000E-1
480	2.538000E-1
490	2.245000E-1
500	2.007000E-1
510	1.810000E-1
520	1.564000E-1
530	1.323000E-1
540	1.234000E-1
550	1.273000E-1
560	1.269000E-1
570	1.314000E-1
580	1.582000E-1
590	2.048000E-1
600	2.634000E-1
610	3.384000E-1
620	4.157000E-1
630	4.748000E-1
640	5.114000E-1
650	5.335000E-1
660	5.475000E-1
670	5.564000E-1
680	5.622000E-1
690	5.658000E-1
700	5.700000E-1
710	5.747000E-1
720	5.769000E-1
730	5.801000E-1
"10P 5/12"	""	""	
380	1.248000E-1
390	1.700000E-1
400	2.794000E-1
410	3.757000E-1
420	4.016000E-1
430	3.914000E-1
440	3.668000E-1
450	3.375000E-1
460	3.075000E-1
470	2.785000E-1
480	2.474000E-1
490	2.156000E-1
500	1.905000E-1
510	1.708000E-1
520	1.467000E-1
530	1.223000E-1
540	1.133000E-1
550	1.183000E-1
560	1.197000E-1
570	1.234000E-1
580	1.502000E-1
590	2.031000E-1
600	2.643000E-1
610	3.309000E-1
620	4.008000E-1
630	4.601000E-1
640	5.032000E-1
650	5.352000E-1
660	5.635000E-1
670	5.934000E-1
680	6.279000E-1
690	6.670000E-1
700	7.098000E-1
710	7.521000E-1
720	7.874000E-1
730	8.173000E-1
"10P 6/1"	""	""	
380	1.334000E-1
390	1.749000E-1
400	2.555000E-1
410	3.093000E-1
420	3.200000E-1
430	3.181000E-1
440	3.157000E-1
450	3.134000E-1
460	3.106000E-1
470	3.095000E-1
480	3.071000E-1
490	3.017000E-1
500	2.965000E-1
510	2.947000E-1
520	2.909000E-1
530	2.819000E-1
540	2.787000E-1
550	2.873000E-1
560	2.975000E-1
570	3.038000E-1
580	3.083000E-1
590	3.128000E-1
600	3.145000E-1
610	3.150000E-1
620	3.145000E-1
630	3.129000E-1
640	3.110000E-1
650	3.096000E-1
660	3.085000E-1
670	3.072000E-1
680	3.059000E-1
690	3.044000E-1
700	3.026000E-1
710	3.015000E-1
720	2.995000E-1
730	2.986000E-1
"10P 6/2"	""	""	
380	1.351000E-1
390	1.837000E-1
400	2.665000E-1
410	3.224000E-1
420	3.329000E-1
430	3.283000E-1
440	3.238000E-1
450	3.193000E-1
460	3.143000E-1
470	3.118000E-1
480	3.071000E-1
490	2.980000E-1
500	2.900000E-1
510	2.861000E-1
520	2.777000E-1
530	2.633000E-1
540	2.580000E-1
550	2.690000E-1
560	2.816000E-1
570	2.904000E-1
580	3.043000E-1
590	3.195000E-1
600	3.274000E-1
610	3.301000E-1
620	3.296000E-1
630	3.276000E-1
640	3.251000E-1
650	3.227000E-1
660	3.206000E-1
670	3.184000E-1
680	3.165000E-1
690	3.142000E-1
700	3.119000E-1
710	3.096000E-1
720	3.073000E-1
730	3.054000E-1
"10P 6/4"	""	""	
380	1.319000E-1
390	1.722000E-1
400	2.615000E-1
410	3.309000E-1
420	3.494000E-1
430	3.496000E-1
440	3.463000E-1
450	3.416000E-1
460	3.363000E-1
470	3.308000E-1
480	3.220000E-1
490	3.094000E-1
500	2.979000E-1
510	2.882000E-1
520	2.705000E-1
530	2.482000E-1
540	2.408000E-1
550	2.494000E-1
560	2.521000E-1
570	2.587000E-1
580	2.868000E-1
590	3.265000E-1
600	3.551000E-1
610	3.701000E-1
620	3.765000E-1
630	3.788000E-1
640	3.790000E-1
650	3.791000E-1
660	3.786000E-1
670	3.784000E-1
680	3.782000E-1
690	3.775000E-1
700	3.769000E-1
710	3.760000E-1
720	3.748000E-1
730	3.746000E-1
"10P 6/6"	""	""	
380	1.410000E-1
390	1.970000E-1
400	3.057000E-1
410	3.942000E-1
420	4.183000E-1
430	4.155000E-1
440	4.071000E-1
450	3.958000E-1
460	3.827000E-1
470	3.694000E-1
480	3.510000E-1
490	3.282000E-1
500	3.086000E-1
510	2.906000E-1
520	2.626000E-1
530	2.322000E-1
540	2.229000E-1
550	2.322000E-1
560	2.339000E-1
570	2.420000E-1
580	2.830000E-1
590	3.487000E-1
600	4.046000E-1
610	4.366000E-1
620	4.512000E-1
630	4.567000E-1
640	4.580000E-1
650	4.582000E-1
660	4.578000E-1
670	4.569000E-1
680	4.565000E-1
690	4.553000E-1
700	4.541000E-1
710	4.527000E-1
720	4.511000E-1
730	4.510000E-1
"10P 6/8"	""	""	
380	1.459000E-1
390	2.014000E-1
400	3.232000E-1
410	4.317000E-1
420	4.626000E-1
430	4.610000E-1
440	4.498000E-1
450	4.328000E-1
460	4.128000E-1
470	3.914000E-1
480	3.645000E-1
490	3.359000E-1
500	3.117000E-1
510	2.885000E-1
520	2.554000E-1
530	2.224000E-1
540	2.123000E-1
550	2.198000E-1
560	2.176000E-1
570	2.242000E-1
580	2.705000E-1
590	3.527000E-1
600	4.327000E-1
610	4.850000E-1
620	5.120000E-1
630	5.242000E-1
640	5.289000E-1
650	5.309000E-1
660	5.316000E-1
670	5.317000E-1
680	5.320000E-1
690	5.313000E-1
700	5.305000E-1
710	5.298000E-1
720	5.283000E-1
730	5.276000E-1
"10P 6/10"	""	""	
380	1.584000E-1
390	2.144000E-1
400	3.535000E-1
410	4.898000E-1
420	5.356000E-1
430	5.312000E-1
440	5.086000E-1
450	4.788000E-1
460	4.453000E-1
470	4.114000E-1
480	3.748000E-1
490	3.378000E-1
500	3.069000E-1
510	2.812000E-1
520	2.495000E-1
530	2.174000E-1
540	2.064000E-1
550	2.137000E-1
560	2.148000E-1
570	2.212000E-1
580	2.553000E-1
590	3.138000E-1
600	3.868000E-1
610	4.771000E-1
620	5.728000E-1
630	6.525000E-1
640	7.060000E-1
650	7.414000E-1
660	7.653000E-1
670	7.802000E-1
680	7.888000E-1
690	7.942000E-1
700	7.979000E-1
710	8.013000E-1
720	8.043000E-1
730	8.133000E-1
"10P 7/1"	""	""	
380	1.482000E-1
390	2.020000E-1
400	3.200000E-1
410	4.224000E-1
420	4.510000E-1
430	4.513000E-1
440	4.488000E-1
450	4.463000E-1
460	4.438000E-1
470	4.423000E-1
480	4.390000E-1
490	4.332000E-1
500	4.271000E-1
510	4.248000E-1
520	4.200000E-1
530	4.091000E-1
540	4.049000E-1
550	4.151000E-1
560	4.267000E-1
570	4.349000E-1
580	4.411000E-1
590	4.472000E-1
600	4.498000E-1
610	4.508000E-1
620	4.504000E-1
630	4.487000E-1
640	4.469000E-1
650	4.453000E-1
660	4.436000E-1
670	4.426000E-1
680	4.414000E-1
690	4.400000E-1
700	4.383000E-1
710	4.368000E-1
720	4.344000E-1
730	4.339000E-1
"10P 7/2"	""	""	
380	1.469000E-1
390	1.917000E-1
400	3.131000E-1
410	4.282000E-1
420	4.642000E-1
430	4.650000E-1
440	4.608000E-1
450	4.561000E-1
460	4.511000E-1
470	4.456000E-1
480	4.390000E-1
490	4.328000E-1
500	4.260000E-1
510	4.198000E-1
520	4.110000E-1
530	3.975000E-1
540	3.913000E-1
550	3.980000E-1
560	4.051000E-1
570	4.169000E-1
580	4.361000E-1
590	4.549000E-1
600	4.638000E-1
610	4.670000E-1
620	4.669000E-1
630	4.655000E-1
640	4.633000E-1
650	4.618000E-1
660	4.606000E-1
670	4.593000E-1
680	4.581000E-1
690	4.563000E-1
700	4.548000E-1
710	4.532000E-1
720	4.514000E-1
730	4.503000E-1
"10P 7/4"	""	""	
380	1.517000E-1
390	2.026000E-1
400	3.313000E-1
410	4.562000E-1
420	4.952000E-1
430	4.971000E-1
440	4.925000E-1
450	4.860000E-1
460	4.786000E-1
470	4.716000E-1
480	4.604000E-1
490	4.440000E-1
500	4.287000E-1
510	4.164000E-1
520	3.941000E-1
530	3.647000E-1
540	3.543000E-1
550	3.662000E-1
560	3.714000E-1
570	3.813000E-1
580	4.187000E-1
590	4.686000E-1
600	5.030000E-1
610	5.211000E-1
620	5.290000E-1
630	5.312000E-1
640	5.311000E-1
650	5.306000E-1
660	5.301000E-1
670	5.293000E-1
680	5.290000E-1
690	5.277000E-1
700	5.267000E-1
710	5.253000E-1
720	5.237000E-1
730	5.228000E-1
"10P 7/6"	""	""	
380	1.530000E-1
390	2.012000E-1
400	3.342000E-1
410	4.771000E-1
420	5.276000E-1
430	5.326000E-1
440	5.335000E-1
450	5.338000E-1
460	5.267000E-1
470	5.102000E-1
480	4.876000E-1
490	4.640000E-1
500	4.387000E-1
510	4.114000E-1
520	3.849000E-1
530	3.675000E-1
540	3.578000E-1
550	3.431000E-1
560	3.210000E-1
570	3.136000E-1
580	3.738000E-1
590	4.921000E-1
600	5.734000E-1
610	6.043000E-1
620	6.081000E-1
630	6.077000E-1
640	6.142000E-1
650	6.247000E-1
660	6.343000E-1
670	6.401000E-1
680	6.442000E-1
690	6.456000E-1
700	6.459000E-1
710	6.461000E-1
720	6.444000E-1
730	6.441000E-1
"10P 7/8"	""	""	
380	1.686000E-1
390	2.171000E-1
400	3.678000E-1
410	5.365000E-1
420	6.053000E-1
430	6.125000E-1
440	6.012000E-1
450	5.823000E-1
460	5.600000E-1
470	5.351000E-1
480	5.042000E-1
490	4.707000E-1
500	4.419000E-1
510	4.146000E-1
520	3.744000E-1
530	3.319000E-1
540	3.172000E-1
550	3.255000E-1
560	3.226000E-1
570	3.309000E-1
580	3.848000E-1
590	4.750000E-1
600	5.668000E-1
610	6.478000E-1
620	7.082000E-1
630	7.456000E-1
640	7.661000E-1
650	7.783000E-1
660	7.864000E-1
670	7.918000E-1
680	7.952000E-1
690	7.973000E-1
700	8.004000E-1
710	8.038000E-1
720	8.048000E-1
730	8.073000E-1
"10P 8/1"	""	""	
380	1.597000E-1
390	2.049000E-1
400	3.503000E-1
410	5.167000E-1
420	5.814000E-1
430	5.893000E-1
440	5.881000E-1
450	5.863000E-1
460	5.849000E-1
470	5.833000E-1
480	5.797000E-1
490	5.746000E-1
500	5.682000E-1
510	5.653000E-1
520	5.590000E-1
530	5.461000E-1
540	5.407000E-1
550	5.496000E-1
560	5.558000E-1
570	5.622000E-1
580	5.720000E-1
590	5.826000E-1
600	5.875000E-1
610	5.901000E-1
620	5.902000E-1
630	5.891000E-1
640	5.873000E-1
650	5.862000E-1
660	5.854000E-1
670	5.846000E-1
680	5.842000E-1
690	5.828000E-1
700	5.817000E-1
710	5.807000E-1
720	5.789000E-1
730	5.785000E-1
"10P 8/2"	""	""	
380	1.678000E-1
390	2.093000E-1
400	3.520000E-1
410	5.245000E-1
420	6.007000E-1
430	6.157000E-1
440	6.179000E-1
450	6.186000E-1
460	6.185000E-1
470	6.167000E-1
480	6.123000E-1
490	6.077000E-1
500	6.013000E-1
510	5.945000E-1
520	5.824000E-1
530	5.648000E-1
540	5.583000E-1
550	5.642000E-1
560	5.621000E-1
570	5.679000E-1
580	5.897000E-1
590	6.173000E-1
600	6.340000E-1
610	6.432000E-1
620	6.474000E-1
630	6.491000E-1
640	6.495000E-1
650	6.498000E-1
660	6.511000E-1
670	6.524000E-1
680	6.536000E-1
690	6.540000E-1
700	6.546000E-1
710	6.561000E-1
720	6.555000E-1
730	6.567000E-1
"10P 8/4"	""	""	
380	1.742000E-1
390	2.216000E-1
400	3.804000E-1
410	5.735000E-1
420	6.588000E-1
430	6.714000E-1
440	6.686000E-1
450	6.631000E-1
460	6.566000E-1
470	6.480000E-1
480	6.355000E-1
490	6.189000E-1
500	6.026000E-1
510	5.881000E-1
520	5.622000E-1
530	5.288000E-1
540	5.173000E-1
550	5.287000E-1
560	5.304000E-1
570	5.413000E-1
580	5.855000E-1
590	6.467000E-1
600	6.917000E-1
610	7.177000E-1
620	7.305000E-1
630	7.364000E-1
640	7.390000E-1
650	7.413000E-1
660	7.430000E-1
670	7.445000E-1
680	7.459000E-1
690	7.460000E-1
700	7.470000E-1
710	7.488000E-1
720	7.495000E-1
730	7.506000E-1
"10P 8/6"	""	""	
380	1.752000E-1
390	2.277000E-1
400	3.907000E-1
410	6.047000E-1
420	7.108000E-1
430	7.291000E-1
440	7.235000E-1
450	7.115000E-1
460	6.966000E-1
470	6.777000E-1
480	6.535000E-1
490	6.258000E-1
500	6.009000E-1
510	5.762000E-1
520	5.368000E-1
530	4.931000E-1
540	4.787000E-1
550	4.895000E-1
560	4.862000E-1
570	4.967000E-1
580	5.561000E-1
590	6.487000E-1
600	7.347000E-1
610	7.973000E-1
620	8.349000E-1
630	8.553000E-1
640	8.657000E-1
650	8.722000E-1
660	8.764000E-1
670	8.780000E-1
680	8.790000E-1
690	8.799000E-1
700	8.832000E-1
710	8.868000E-1
720	8.881000E-1
730	8.911000E-1
"10P 9/1"	""	""	
380	1.930000E-1
390	2.375000E-1
400	4.043000E-1
410	6.353000E-1
420	7.652000E-1
430	7.936000E-1
440	7.986000E-1
450	8.006000E-1
460	8.020000E-1
470	8.013000E-1
480	7.983000E-1
490	7.966000E-1
500	7.929000E-1
510	7.886000E-1
520	7.808000E-1
530	7.685000E-1
540	7.645000E-1
550	7.703000E-1
560	7.686000E-1
570	7.746000E-1
580	7.893000E-1
590	8.077000E-1
600	8.185000E-1
610	8.258000E-1
620	8.296000E-1
630	8.317000E-1
640	8.327000E-1
650	8.342000E-1
660	8.364000E-1
670	8.387000E-1
680	8.406000E-1
690	8.421000E-1
700	8.430000E-1
710	8.447000E-1
720	8.445000E-1
730	8.466000E-1
"10P 9/2"	""	""	
380	1.851000E-1
390	2.224000E-1
400	3.762000E-1
410	6.109000E-1
420	7.570000E-1
430	7.934000E-1
440	8.013000E-1
450	8.084000E-1
460	8.139000E-1
470	8.144000E-1
480	8.102000E-1
490	8.046000E-1
500	7.944000E-1
510	7.805000E-1
520	7.666000E-1
530	7.565000E-1
540	7.510000E-1
550	7.413000E-1
560	7.218000E-1
570	7.174000E-1
580	7.662000E-1
590	8.371000E-1
600	8.623000E-1
610	8.611000E-1
620	8.532000E-1
630	8.448000E-1
640	8.364000E-1
650	8.291000E-1
660	8.244000E-1
670	8.238000E-1
680	8.278000E-1
690	8.338000E-1
700	8.415000E-1
710	8.495000E-1
720	8.512000E-1
730	8.553000E-1
"2.5RP 2.5/2"	""	""	
380	5.690000E-2
390	5.790000E-2
400	6.370000E-2
410	6.480000E-2
420	6.370000E-2
430	6.250000E-2
440	5.940000E-2
450	5.670000E-2
460	5.390000E-2
470	5.090000E-2
480	4.830000E-2
490	4.580000E-2
500	4.370000E-2
510	4.220000E-2
520	4.090000E-2
530	3.990000E-2
540	3.980000E-2
550	4.040000E-2
560	4.040000E-2
570	4.160000E-2
580	4.350000E-2
590	4.580000E-2
600	4.960000E-2
610	5.580000E-2
620	6.350000E-2
630	6.990000E-2
640	7.420000E-2
650	7.700000E-2
660	7.880000E-2
670	8.070000E-2
680	8.210000E-2
690	8.320000E-2
700	8.440000E-2
710	8.580000E-2
720	8.720000E-2
730	8.820000E-2
"2.5RP 2.5/4"	""	""	
380	5.700000E-2
390	7.060000E-2
400	7.890000E-2
410	8.550000E-2
420	8.400000E-2
430	8.000000E-2
440	7.440000E-2
450	6.710000E-2
460	6.000000E-2
470	5.420000E-2
480	4.930000E-2
490	4.610000E-2
500	4.360000E-2
510	4.180000E-2
520	4.090000E-2
530	4.000000E-2
540	3.930000E-2
550	3.950000E-2
560	4.000000E-2
570	4.040000E-2
580	4.040000E-2
590	4.080000E-2
600	4.290000E-2
610	4.940000E-2
620	6.770000E-2
630	9.800000E-2
640	1.292000E-1
650	1.551000E-1
660	1.754000E-1
670	1.904000E-1
680	2.013000E-1
690	2.092000E-1
700	2.148000E-1
710	2.189000E-1
720	2.243000E-1
730	2.334000E-1
"2.5RP 3/2"	""	""	
380	7.190000E-2
390	7.060000E-2
400	7.890000E-2
410	8.000000E-2
420	7.780000E-2
430	7.740000E-2
440	7.710000E-2
450	7.690000E-2
460	7.550000E-2
470	7.140000E-2
480	6.700000E-2
490	6.300000E-2
500	5.930000E-2
510	5.600000E-2
520	5.370000E-2
530	5.200000E-2
540	5.130000E-2
550	5.060000E-2
560	5.050000E-2
570	5.380000E-2
580	6.300000E-2
590	7.590000E-2
600	8.210000E-2
610	8.200000E-2
620	8.160000E-2
630	8.400000E-2
640	8.870000E-2
650	9.390000E-2
660	9.740000E-2
670	9.630000E-2
680	9.120000E-2
690	8.570000E-2
700	8.440000E-2
710	8.660000E-2
720	9.110000E-2
730	9.790000E-2
"2.5RP 3/4"	""	""	
380	7.050000E-2
390	8.000000E-2
400	9.460000E-2
410	1.004000E-1
420	1.013000E-1
430	9.890000E-2
440	9.400000E-2
450	8.840000E-2
460	8.210000E-2
470	7.600000E-2
480	6.980000E-2
490	6.430000E-2
500	5.970000E-2
510	5.620000E-2
520	5.260000E-2
530	4.930000E-2
540	4.840000E-2
550	4.910000E-2
560	4.920000E-2
570	5.040000E-2
580	5.460000E-2
590	6.250000E-2
600	7.460000E-2
610	9.340000E-2
620	1.150000E-1
630	1.320000E-1
640	1.427000E-1
650	1.489000E-1
660	1.527000E-1
670	1.552000E-1
680	1.569000E-1
690	1.580000E-1
700	1.599000E-1
710	1.624000E-1
720	1.659000E-1
730	1.691000E-1
"2.5RP 3/6"	""	""	
380	7.900000E-2
390	9.290000E-2
400	1.120000E-1
410	1.220000E-1
420	1.210000E-1
430	1.165000E-1
440	1.077000E-1
450	9.680000E-2
460	8.650000E-2
470	7.780000E-2
480	6.930000E-2
490	6.160000E-2
500	5.620000E-2
510	5.240000E-2
520	4.800000E-2
530	4.430000E-2
540	4.330000E-2
550	4.420000E-2
560	4.420000E-2
570	4.540000E-2
580	5.130000E-2
590	6.660000E-2
600	9.150000E-2
610	1.179000E-1
620	1.394000E-1
630	1.570000E-1
640	1.711000E-1
650	1.816000E-1
660	1.880000E-1
670	1.885000E-1
680	1.823000E-1
690	1.767000E-1
700	1.783000E-1
710	1.849000E-1
720	1.934000E-1
730	2.034000E-1
"2.5RP 4/2"	""	""	
380	9.090000E-2
390	1.108000E-1
400	1.328000E-1
410	1.414000E-1
420	1.389000E-1
430	1.357000E-1
440	1.325000E-1
450	1.296000E-1
460	1.268000E-1
470	1.251000E-1
480	1.217000E-1
490	1.158000E-1
500	1.110000E-1
510	1.085000E-1
520	1.029000E-1
530	9.530000E-2
540	9.410000E-2
550	1.011000E-1
560	1.070000E-1
570	1.110000E-1
580	1.215000E-1
590	1.350000E-1
600	1.436000E-1
610	1.473000E-1
620	1.480000E-1
630	1.475000E-1
640	1.465000E-1
650	1.455000E-1
660	1.446000E-1
670	1.434000E-1
680	1.426000E-1
690	1.415000E-1
700	1.405000E-1
710	1.397000E-1
720	1.388000E-1
730	1.380000E-1
"2.5RP 4/4"	""	""	
380	8.890000E-2
390	1.134000E-1
400	1.394000E-1
410	1.530000E-1
420	1.552000E-1
430	1.530000E-1
440	1.495000E-1
450	1.461000E-1
460	1.418000E-1
470	1.372000E-1
480	1.302000E-1
490	1.206000E-1
500	1.121000E-1
510	1.047000E-1
520	9.520000E-2
530	8.540000E-2
540	8.220000E-2
550	8.530000E-2
560	8.800000E-2
570	9.280000E-2
580	1.094000E-1
590	1.365000E-1
600	1.615000E-1
610	1.789000E-1
620	1.866000E-1
630	1.856000E-1
640	1.786000E-1
650	1.694000E-1
660	1.628000E-1
670	1.611000E-1
680	1.641000E-1
690	1.706000E-1
700	1.815000E-1
710	1.917000E-1
720	1.964000E-1
730	1.980000E-1
"2.5RP 4/6"	""	""	
380	9.330000E-2
390	1.269000E-1
400	1.591000E-1
410	1.767000E-1
420	1.767000E-1
430	1.713000E-1
440	1.647000E-1
450	1.567000E-1
460	1.484000E-1
470	1.407000E-1
480	1.307000E-1
490	1.185000E-1
500	1.089000E-1
510	1.014000E-1
520	9.010000E-2
530	7.920000E-2
540	7.650000E-2
550	8.000000E-2
560	8.080000E-2
570	8.350000E-2
580	1.005000E-1
590	1.370000E-1
600	1.808000E-1
610	2.153000E-1
620	2.346000E-1
630	2.432000E-1
640	2.461000E-1
650	2.469000E-1
660	2.468000E-1
670	2.464000E-1
680	2.456000E-1
690	2.442000E-1
700	2.430000E-1
710	2.420000E-1
720	2.411000E-1
730	2.400000E-1
"2.5RP 4/8"	""	""	
380	1.021000E-1
390	1.344000E-1
400	1.785000E-1
410	2.021000E-1
420	2.044000E-1
430	1.986000E-1
440	1.874000E-1
450	1.737000E-1
460	1.590000E-1
470	1.453000E-1
480	1.301000E-1
490	1.143000E-1
500	1.027000E-1
510	9.340000E-2
520	8.110000E-2
530	7.060000E-2
540	6.780000E-2
550	7.010000E-2
560	6.990000E-2
570	7.230000E-2
580	8.810000E-2
590	1.260000E-1
600	1.817000E-1
610	2.339000E-1
620	2.699000E-1
630	2.904000E-1
640	3.006000E-1
650	3.057000E-1
660	3.084000E-1
670	3.100000E-1
680	3.110000E-1
690	3.112000E-1
700	3.116000E-1
710	3.118000E-1
720	3.114000E-1
730	3.118000E-1
"2.5RP 4/10"	""	""	
380	1.268000E-1
390	1.573000E-1
400	2.093000E-1
410	2.361000E-1
420	2.396000E-1
430	2.304000E-1
440	2.113000E-1
450	1.888000E-1
460	1.670000E-1
470	1.463000E-1
480	1.272000E-1
490	1.094000E-1
500	9.640000E-2
510	8.700000E-2
520	7.620000E-2
530	6.710000E-2
540	6.450000E-2
550	6.610000E-2
560	6.620000E-2
570	6.850000E-2
580	7.960000E-2
590	1.043000E-1
600	1.461000E-1
610	2.112000E-1
620	2.951000E-1
630	3.782000E-1
640	4.435000E-1
650	4.905000E-1
660	5.234000E-1
670	5.467000E-1
680	5.633000E-1
690	5.754000E-1
700	5.870000E-1
710	5.978000E-1
720	6.058000E-1
730	6.126000E-1
"2.5RP 5/2"	""	""	
380	1.003000E-1
390	1.366000E-1
400	1.816000E-1
410	2.069000E-1
420	2.100000E-1
430	2.081000E-1
440	2.062000E-1
450	2.039000E-1
460	2.020000E-1
470	1.992000E-1
480	1.959000E-1
490	1.923000E-1
500	1.879000E-1
510	1.833000E-1
520	1.785000E-1
530	1.749000E-1
540	1.728000E-1
550	1.711000E-1
560	1.691000E-1
570	1.729000E-1
580	1.922000E-1
590	2.162000E-1
600	2.263000E-1
610	2.274000E-1
620	2.257000E-1
630	2.227000E-1
640	2.196000E-1
650	2.166000E-1
660	2.143000E-1
670	2.131000E-1
680	2.125000E-1
690	2.124000E-1
700	2.128000E-1
710	2.128000E-1
720	2.115000E-1
730	2.103000E-1
"2.5RP 5/4"	""	""	
380	1.136000E-1
390	1.477000E-1
400	2.003000E-1
410	2.329000E-1
420	2.376000E-1
430	2.354000E-1
440	2.310000E-1
450	2.260000E-1
460	2.203000E-1
470	2.138000E-1
480	2.063000E-1
490	1.971000E-1
500	1.888000E-1
510	1.808000E-1
520	1.686000E-1
530	1.531000E-1
540	1.468000E-1
550	1.530000E-1
560	1.584000E-1
570	1.672000E-1
580	1.941000E-1
590	2.309000E-1
600	2.561000E-1
610	2.678000E-1
620	2.715000E-1
630	2.720000E-1
640	2.711000E-1
650	2.696000E-1
660	2.683000E-1
670	2.670000E-1
680	2.656000E-1
690	2.639000E-1
700	2.622000E-1
710	2.609000E-1
720	2.590000E-1
730	2.576000E-1
"2.5RP 5/6"	""	""	
380	1.191000E-1
390	1.590000E-1
400	2.248000E-1
410	2.637000E-1
420	2.671000E-1
430	2.611000E-1
440	2.537000E-1
450	2.443000E-1
460	2.355000E-1
470	2.280000E-1
480	2.164000E-1
490	1.997000E-1
500	1.855000E-1
510	1.755000E-1
520	1.585000E-1
530	1.384000E-1
540	1.320000E-1
550	1.396000E-1
560	1.440000E-1
570	1.502000E-1
580	1.802000E-1
590	2.346000E-1
600	2.879000E-1
610	3.234000E-1
620	3.410000E-1
630	3.483000E-1
640	3.505000E-1
650	3.512000E-1
660	3.507000E-1
670	3.503000E-1
680	3.495000E-1
690	3.486000E-1
700	3.471000E-1
710	3.461000E-1
720	3.444000E-1
730	3.436000E-1
"2.5RP 5/8"	""	""	
380	1.248000E-1
390	1.694000E-1
400	2.440000E-1
410	2.894000E-1
420	2.943000E-1
430	2.852000E-1
440	2.746000E-1
450	2.618000E-1
460	2.482000E-1
470	2.366000E-1
480	2.207000E-1
490	1.990000E-1
500	1.823000E-1
510	1.697000E-1
520	1.495000E-1
530	1.281000E-1
540	1.213000E-1
550	1.278000E-1
560	1.302000E-1
570	1.356000E-1
580	1.676000E-1
590	2.349000E-1
600	3.159000E-1
610	3.831000E-1
620	4.250000E-1
630	4.459000E-1
640	4.550000E-1
650	4.588000E-1
660	4.602000E-1
670	4.606000E-1
680	4.600000E-1
690	4.588000E-1
700	4.580000E-1
710	4.576000E-1
720	4.563000E-1
730	4.552000E-1
"2.5RP 5/10"	""	""	
380	1.342000E-1
390	1.769000E-1
400	2.575000E-1
410	3.107000E-1
420	3.193000E-1
430	3.121000E-1
440	2.984000E-1
450	2.800000E-1
460	2.611000E-1
470	2.428000E-1
480	2.200000E-1
490	1.946000E-1
500	1.750000E-1
510	1.590000E-1
520	1.364000E-1
530	1.141000E-1
540	1.072000E-1
550	1.120000E-1
560	1.118000E-1
570	1.161000E-1
580	1.486000E-1
590	2.194000E-1
600	3.117000E-1
610	3.984000E-1
620	4.615000E-1
630	5.001000E-1
640	5.205000E-1
650	5.320000E-1
660	5.385000E-1
670	5.420000E-1
680	5.439000E-1
690	5.451000E-1
700	5.469000E-1
710	5.486000E-1
720	5.496000E-1
730	5.509000E-1
"2.5RP 5/12"	""	""	
380	1.294000E-1
390	1.760000E-1
400	2.717000E-1
410	3.498000E-1
420	3.683000E-1
430	3.608000E-1
440	3.390000E-1
450	3.104000E-1
460	2.793000E-1
470	2.496000E-1
480	2.201000E-1
490	1.908000E-1
500	1.680000E-1
510	1.510000E-1
520	1.310000E-1
530	1.109000E-1
540	1.029000E-1
550	1.062000E-1
560	1.069000E-1
570	1.092000E-1
580	1.320000E-1
590	1.875000E-1
600	2.672000E-1
610	3.680000E-1
620	4.841000E-1
630	5.970000E-1
640	6.880000E-1
650	7.527000E-1
660	7.963000E-1
670	8.247000E-1
680	8.440000E-1
690	8.580000E-1
700	8.709000E-1
710	8.824000E-1
720	8.906000E-1
730	8.981000E-1
"2.5RP 6/2"	""	""	
380	1.252000E-1
390	1.707000E-1
400	2.463000E-1
410	3.045000E-1
420	3.185000E-1
430	3.185000E-1
440	3.162000E-1
450	3.137000E-1
460	3.102000E-1
470	3.052000E-1
480	2.992000E-1
490	2.940000E-1
500	2.882000E-1
510	2.820000E-1
520	2.766000E-1
530	2.731000E-1
540	2.718000E-1
550	2.712000E-1
560	2.687000E-1
570	2.748000E-1
580	2.974000E-1
590	3.264000E-1
600	3.400000E-1
610	3.439000E-1
620	3.438000E-1
630	3.425000E-1
640	3.405000E-1
650	3.389000E-1
660	3.375000E-1
670	3.363000E-1
680	3.351000E-1
690	3.333000E-1
700	3.318000E-1
710	3.303000E-1
720	3.284000E-1
730	3.270000E-1
"2.5RP 6/4"	""	""	
380	1.357000E-1
390	1.823000E-1
400	2.721000E-1
410	3.375000E-1
420	3.470000E-1
430	3.407000E-1
440	3.336000E-1
450	3.263000E-1
460	3.200000E-1
470	3.155000E-1
480	3.080000E-1
490	2.925000E-1
500	2.785000E-1
510	2.713000E-1
520	2.556000E-1
530	2.330000E-1
540	2.269000E-1
550	2.439000E-1
560	2.622000E-1
570	2.791000E-1
580	3.123000E-1
590	3.507000E-1
600	3.745000E-1
610	3.850000E-1
620	3.878000E-1
630	3.877000E-1
640	3.860000E-1
650	3.841000E-1
660	3.826000E-1
670	3.810000E-1
680	3.795000E-1
690	3.772000E-1
700	3.754000E-1
710	3.732000E-1
720	3.711000E-1
730	3.694000E-1
"2.5RP 6/6"	""	""	
380	1.390000E-1
390	1.898000E-1
400	2.891000E-1
410	3.670000E-1
420	3.803000E-1
430	3.717000E-1
440	3.628000E-1
450	3.523000E-1
460	3.420000E-1
470	3.339000E-1
480	3.207000E-1
490	2.985000E-1
500	2.793000E-1
510	2.667000E-1
520	2.435000E-1
530	2.148000E-1
540	2.069000E-1
550	2.226000E-1
560	2.358000E-1
570	2.519000E-1
580	2.993000E-1
590	3.675000E-1
600	4.216000E-1
610	4.508000E-1
620	4.632000E-1
630	4.673000E-1
640	4.679000E-1
650	4.671000E-1
660	4.665000E-1
670	4.652000E-1
680	4.639000E-1
690	4.618000E-1
700	4.602000E-1
710	4.586000E-1
720	4.562000E-1
730	4.539000E-1
"2.5RP 6/8"	""	""	
380	1.458000E-1
390	1.967000E-1
400	3.058000E-1
410	3.931000E-1
420	4.111000E-1
430	4.028000E-1
440	3.915000E-1
450	3.775000E-1
460	3.627000E-1
470	3.496000E-1
480	3.307000E-1
490	3.045000E-1
500	2.821000E-1
510	2.658000E-1
520	2.384000E-1
530	2.071000E-1
540	1.977000E-1
550	2.096000E-1
560	2.158000E-1
570	2.264000E-1
580	2.744000E-1
590	3.593000E-1
600	4.458000E-1
610	5.104000E-1
620	5.480000E-1
630	5.672000E-1
640	5.760000E-1
650	5.799000E-1
660	5.823000E-1
670	5.833000E-1
680	5.842000E-1
690	5.841000E-1
700	5.839000E-1
710	5.835000E-1
720	5.823000E-1
730	5.821000E-1
"2.5RP 6/10"	""	""	
380	1.470000E-1
390	1.996000E-1
400	3.147000E-1
410	4.157000E-1
420	4.391000E-1
430	4.322000E-1
440	4.180000E-1
450	3.998000E-1
460	3.799000E-1
470	3.618000E-1
480	3.370000E-1
490	3.048000E-1
500	2.782000E-1
510	2.583000E-1
520	2.267000E-1
530	1.924000E-1
540	1.811000E-1
550	1.913000E-1
560	1.951000E-1
570	2.044000E-1
580	2.573000E-1
590	3.600000E-1
600	4.761000E-1
610	5.726000E-1
620	6.376000E-1
630	6.758000E-1
640	6.960000E-1
650	7.065000E-1
660	7.123000E-1
670	7.157000E-1
680	7.175000E-1
690	7.185000E-1
700	7.208000E-1
710	7.232000E-1
720	7.238000E-1
730	7.251000E-1
"2.5RP 6/12"	""	""	
380	1.522000E-1
390	2.051000E-1
400	3.288000E-1
410	4.377000E-1
420	4.675000E-1
430	4.614000E-1
440	4.438000E-1
450	4.208000E-1
460	3.955000E-1
470	3.712000E-1
480	3.408000E-1
490	3.055000E-1
500	2.769000E-1
510	2.540000E-1
520	2.201000E-1
530	1.850000E-1
540	1.732000E-1
550	1.818000E-1
560	1.828000E-1
570	1.906000E-1
580	2.422000E-1
590	3.469000E-1
600	4.748000E-1
610	5.963000E-1
620	6.955000E-1
630	7.674000E-1
640	8.123000E-1
650	8.386000E-1
660	8.537000E-1
670	8.618000E-1
680	8.654000E-1
690	8.696000E-1
700	8.774000E-1
710	8.853000E-1
720	8.901000E-1
730	8.964000E-1
"2.5RP 7/2"	""	""	
380	1.507000E-1
390	2.050000E-1
400	3.228000E-1
410	4.277000E-1
420	4.549000E-1
430	4.542000E-1
440	4.513000E-1
450	4.475000E-1
460	4.445000E-1
470	4.430000E-1
480	4.390000E-1
490	4.298000E-1
500	4.205000E-1
510	4.172000E-1
520	4.085000E-1
530	3.916000E-1
540	3.863000E-1
550	4.024000E-1
560	4.205000E-1
570	4.337000E-1
580	4.494000E-1
590	4.656000E-1
600	4.745000E-1
610	4.780000E-1
620	4.786000E-1
630	4.776000E-1
640	4.759000E-1
650	4.744000E-1
660	4.732000E-1
670	4.720000E-1
680	4.708000E-1
690	4.695000E-1
700	4.681000E-1
710	4.664000E-1
720	4.646000E-1
730	4.633000E-1
"2.5RP 7/4"	""	""	
380	1.544000E-1
390	2.092000E-1
400	3.360000E-1
410	4.513000E-1
420	4.820000E-1
430	4.787000E-1
440	4.731000E-1
450	4.664000E-1
460	4.595000E-1
470	4.550000E-1
480	4.466000E-1
490	4.290000E-1
500	4.132000E-1
510	4.049000E-1
520	3.865000E-1
530	3.581000E-1
540	3.494000E-1
550	3.682000E-1
560	3.863000E-1
570	4.029000E-1
580	4.407000E-1
590	4.892000E-1
600	5.231000E-1
610	5.404000E-1
620	5.479000E-1
630	5.497000E-1
640	5.496000E-1
650	5.490000E-1
660	5.484000E-1
670	5.476000E-1
680	5.472000E-1
690	5.457000E-1
700	5.443000E-1
710	5.434000E-1
720	5.419000E-1
730	5.411000E-1
"2.5RP 7/6"	""	""	
380	1.611000E-1
390	2.152000E-1
400	3.504000E-1
410	4.816000E-1
420	5.196000E-1
430	5.155000E-1
440	5.070000E-1
450	4.959000E-1
460	4.845000E-1
470	4.746000E-1
480	4.589000E-1
490	4.336000E-1
500	4.115000E-1
510	3.962000E-1
520	3.678000E-1
530	3.320000E-1
540	3.217000E-1
550	3.398000E-1
560	3.531000E-1
570	3.693000E-1
580	4.233000E-1
590	5.075000E-1
600	5.823000E-1
610	6.277000E-1
620	6.502000E-1
630	6.608000E-1
640	6.651000E-1
650	6.676000E-1
660	6.694000E-1
670	6.710000E-1
680	6.724000E-1
690	6.725000E-1
700	6.732000E-1
710	6.733000E-1
720	6.731000E-1
730	6.738000E-1
"2.5RP 7/8"	""	""	
380	1.654000E-1
390	2.220000E-1
400	3.632000E-1
410	5.076000E-1
420	5.509000E-1
430	5.463000E-1
440	5.345000E-1
450	5.176000E-1
460	5.009000E-1
470	4.852000E-1
480	4.623000E-1
490	4.302000E-1
500	4.029000E-1
510	3.820000E-1
520	3.472000E-1
530	3.072000E-1
540	2.960000E-1
550	3.127000E-1
560	3.210000E-1
570	3.352000E-1
580	3.957000E-1
590	5.011000E-1
600	6.122000E-1
610	6.957000E-1
620	7.473000E-1
630	7.757000E-1
640	7.898000E-1
650	7.975000E-1
660	8.028000E-1
670	8.059000E-1
680	8.084000E-1
690	8.094000E-1
700	8.111000E-1
710	8.124000E-1
720	8.119000E-1
730	8.135000E-1
"2.5RP 7/10"	""	""	
380	1.675000E-1
390	2.279000E-1
400	3.676000E-1
410	5.177000E-1
420	5.676000E-1
430	5.649000E-1
440	5.530000E-1
450	5.363000E-1
460	5.165000E-1
470	4.983000E-1
480	4.718000E-1
490	4.368000E-1
500	4.077000E-1
510	3.843000E-1
520	3.457000E-1
530	3.023000E-1
540	2.875000E-1
550	3.006000E-1
560	3.045000E-1
570	3.163000E-1
580	3.810000E-1
590	5.019000E-1
600	6.395000E-1
610	7.535000E-1
620	8.255000E-1
630	8.652000E-1
640	8.859000E-1
650	8.976000E-1
660	9.050000E-1
670	9.081000E-1
680	9.086000E-1
690	9.091000E-1
700	9.140000E-1
710	9.194000E-1
720	9.218000E-1
730	9.252000E-1
"2.5RP 8/2"	""	""	
380	1.584000E-1
390	2.117000E-1
400	3.569000E-1
410	5.267000E-1
420	5.936000E-1
430	6.000000E-1
440	5.980000E-1
450	5.957000E-1
460	5.933000E-1
470	5.920000E-1
480	5.885000E-1
490	5.786000E-1
500	5.689000E-1
510	5.654000E-1
520	5.553000E-1
530	5.353000E-1
540	5.288000E-1
550	5.456000E-1
560	5.619000E-1
570	5.749000E-1
580	5.950000E-1
590	6.164000E-1
600	6.281000E-1
610	6.340000E-1
620	6.354000E-1
630	6.348000E-1
640	6.335000E-1
650	6.325000E-1
660	6.318000E-1
670	6.316000E-1
680	6.312000E-1
690	6.299000E-1
700	6.287000E-1
710	6.280000E-1
720	6.269000E-1
730	6.258000E-1
"2.5RP 8/4"	""	""	
380	1.738000E-1
390	2.162000E-1
400	3.716000E-1
410	5.577000E-1
420	6.321000E-1
430	6.386000E-1
440	6.345000E-1
450	6.288000E-1
460	6.231000E-1
470	6.199000E-1
480	6.106000E-1
490	5.916000E-1
500	5.736000E-1
510	5.642000E-1
520	5.432000E-1
530	5.086000E-1
540	4.972000E-1
550	5.205000E-1
560	5.412000E-1
570	5.606000E-1
580	6.104000E-1
590	6.768000E-1
600	7.245000E-1
610	7.509000E-1
620	7.631000E-1
630	7.685000E-1
640	7.701000E-1
650	7.715000E-1
660	7.727000E-1
670	7.730000E-1
680	7.736000E-1
690	7.737000E-1
700	7.741000E-1
710	7.742000E-1
720	7.738000E-1
730	7.747000E-1
"2.5RP 8/6"	""	""	
380	1.689000E-1
390	2.167000E-1
400	3.698000E-1
410	5.700000E-1
420	6.573000E-1
430	6.645000E-1
440	6.583000E-1
450	6.490000E-1
460	6.385000E-1
470	6.296000E-1
480	6.135000E-1
490	5.854000E-1
500	5.600000E-1
510	5.435000E-1
520	5.109000E-1
530	4.666000E-1
540	4.514000E-1
550	4.731000E-1
560	4.880000E-1
570	5.066000E-1
580	5.738000E-1
590	6.791000E-1
600	7.758000E-1
610	8.436000E-1
620	8.823000E-1
630	9.028000E-1
640	9.130000E-1
650	9.192000E-1
660	9.229000E-1
670	9.230000E-1
680	9.237000E-1
690	9.255000E-1
700	9.294000E-1
710	9.328000E-1
720	9.346000E-1
730	9.370000E-1
"2.5RP 9/2"	""	""	
380	1.980000E-1
390	2.398000E-1
400	3.934000E-1
410	6.240000E-1
420	7.646000E-1
430	7.952000E-1
440	7.985000E-1
450	7.983000E-1
460	7.982000E-1
470	7.977000E-1
480	7.939000E-1
490	7.856000E-1
500	7.767000E-1
510	7.716000E-1
520	7.602000E-1
530	7.393000E-1
540	7.318000E-1
550	7.453000E-1
560	7.550000E-1
570	7.678000E-1
580	7.938000E-1
590	8.254000E-1
600	8.451000E-1
610	8.551000E-1
620	8.591000E-1
630	8.600000E-1
640	8.591000E-1
650	8.590000E-1
660	8.588000E-1
670	8.570000E-1
680	8.578000E-1
690	8.589000E-1
700	8.591000E-1
710	8.597000E-1
720	8.594000E-1
730	8.602000E-1
"5RP 2.5/1"	""	""	
380	4.590000E-2
390	5.060000E-2
400	5.300000E-2
410	5.430000E-2
420	5.360000E-2
430	5.270000E-2
440	5.110000E-2
450	5.040000E-2
460	4.880000E-2
470	4.790000E-2
480	4.660000E-2
490	4.540000E-2
500	4.430000E-2
510	4.340000E-2
520	4.250000E-2
530	4.190000E-2
540	4.200000E-2
550	4.240000E-2
560	4.230000E-2
570	4.330000E-2
580	4.510000E-2
590	4.750000E-2
600	5.060000E-2
610	5.400000E-2
620	5.650000E-2
630	5.810000E-2
640	5.900000E-2
650	5.980000E-2
660	6.050000E-2
670	6.110000E-2
680	6.180000E-2
690	6.240000E-2
700	6.330000E-2
710	6.400000E-2
720	6.470000E-2
730	6.600000E-2
"5RP 2.5/2"	""	""	
380	5.150000E-2
390	5.570000E-2
400	5.760000E-2
410	6.440000E-2
420	6.560000E-2
430	6.210000E-2
440	5.660000E-2
450	5.140000E-2
460	4.740000E-2
470	4.500000E-2
480	4.320000E-2
490	4.220000E-2
500	4.140000E-2
510	4.090000E-2
520	4.070000E-2
530	4.070000E-2
540	4.080000E-2
550	4.110000E-2
560	4.130000E-2
570	4.160000E-2
580	4.180000E-2
590	4.230000E-2
600	4.350000E-2
610	4.610000E-2
620	5.350000E-2
630	6.800000E-2
640	8.570000E-2
650	1.047000E-1
660	1.240000E-1
670	1.371000E-1
680	1.401000E-1
690	1.374000E-1
700	1.304000E-1
710	1.249000E-1
720	1.315000E-1
730	1.546000E-1
"5RP 2.5/4"	""	""	
380	4.580000E-2
390	5.490000E-2
400	5.450000E-2
410	6.400000E-2
420	7.370000E-2
430	7.430000E-2
440	6.880000E-2
450	6.120000E-2
460	5.300000E-2
470	4.810000E-2
480	4.490000E-2
490	4.310000E-2
500	4.230000E-2
510	4.190000E-2
520	4.160000E-2
530	4.140000E-2
540	4.110000E-2
550	4.120000E-2
560	4.140000E-2
570	4.200000E-2
580	4.190000E-2
590	4.200000E-2
600	4.270000E-2
610	4.780000E-2
620	7.010000E-2
630	1.109000E-1
640	1.502000E-1
650	1.800000E-1
660	2.015000E-1
670	2.177000E-1
680	2.303000E-1
690	2.397000E-1
700	2.476000E-1
710	2.549000E-1
720	2.610000E-1
730	2.661000E-1
"5RP 3/1"	""	""	
380	5.420000E-2
390	6.500000E-2
400	7.000000E-2
410	7.080000E-2
420	6.940000E-2
430	6.910000E-2
440	6.810000E-2
450	6.730000E-2
460	6.630000E-2
470	6.450000E-2
480	6.330000E-2
490	6.170000E-2
500	6.020000E-2
510	5.870000E-2
520	5.740000E-2
530	5.640000E-2
540	5.610000E-2
550	5.630000E-2
560	5.670000E-2
570	5.940000E-2
580	6.650000E-2
590	7.440000E-2
600	7.680000E-2
610	7.660000E-2
620	7.550000E-2
630	7.420000E-2
640	7.310000E-2
650	7.250000E-2
660	7.170000E-2
670	7.090000E-2
680	7.040000E-2
690	7.000000E-2
700	6.940000E-2
710	6.860000E-2
720	6.820000E-2
730	6.810000E-2
"5RP 3/2"	""	""	
380	6.280000E-2
390	6.950000E-2
400	7.480000E-2
410	7.770000E-2
420	7.620000E-2
430	7.430000E-2
440	7.240000E-2
450	7.000000E-2
460	6.760000E-2
470	6.590000E-2
480	6.310000E-2
490	6.000000E-2
500	5.800000E-2
510	5.620000E-2
520	5.350000E-2
530	5.130000E-2
540	5.150000E-2
550	5.370000E-2
560	5.440000E-2
570	5.520000E-2
580	6.020000E-2
590	7.060000E-2
600	8.130000E-2
610	8.820000E-2
620	9.150000E-2
630	9.310000E-2
640	9.390000E-2
650	9.460000E-2
660	9.510000E-2
670	9.570000E-2
680	9.630000E-2
690	9.680000E-2
700	9.780000E-2
710	9.820000E-2
720	9.920000E-2
730	1.002000E-1
"5RP 3/4"	""	""	
380	6.180000E-2
390	6.990000E-2
400	7.530000E-2
410	7.820000E-2
420	7.790000E-2
430	7.900000E-2
440	8.040000E-2
450	8.030000E-2
460	7.750000E-2
470	7.240000E-2
480	6.680000E-2
490	6.220000E-2
500	5.780000E-2
510	5.350000E-2
520	4.990000E-2
530	4.780000E-2
540	4.670000E-2
550	4.580000E-2
560	4.490000E-2
570	4.640000E-2
580	5.300000E-2
590	7.080000E-2
600	1.003000E-1
610	1.205000E-1
620	1.272000E-1
630	1.291000E-1
640	1.301000E-1
650	1.342000E-1
660	1.406000E-1
670	1.436000E-1
680	1.402000E-1
690	1.336000E-1
700	1.257000E-1
710	1.203000E-1
720	1.239000E-1
730	1.399000E-1
"5RP 3/6"	""	""	
380	7.650000E-2
390	8.400000E-2
400	1.018000E-1
410	1.155000E-1
420	1.183000E-1
430	1.096000E-1
440	9.380000E-2
450	7.790000E-2
460	6.700000E-2
470	5.820000E-2
480	5.190000E-2
490	4.870000E-2
500	4.630000E-2
510	4.420000E-2
520	4.330000E-2
530	4.310000E-2
540	4.260000E-2
550	4.240000E-2
560	4.300000E-2
570	4.500000E-2
580	4.630000E-2
590	4.790000E-2
600	5.340000E-2
610	7.570000E-2
620	1.263000E-1
630	1.909000E-1
640	2.560000E-1
650	3.169000E-1
660	3.706000E-1
670	4.182000E-1
680	4.615000E-1
690	5.005000E-1
700	5.368000E-1
710	5.650000E-1
720	5.790000E-1
730	5.915000E-1
"5RP 4/1"	""	""	
380	7.630000E-2
390	9.890000E-2
400	1.169000E-1
410	1.236000E-1
420	1.229000E-1
430	1.193000E-1
440	1.171000E-1
450	1.148000E-1
460	1.135000E-1
470	1.129000E-1
480	1.112000E-1
490	1.072000E-1
500	1.039000E-1
510	1.036000E-1
520	1.011000E-1
530	9.610000E-2
540	9.590000E-2
550	1.047000E-1
560	1.152000E-1
570	1.204000E-1
580	1.238000E-1
590	1.268000E-1
600	1.280000E-1
610	1.281000E-1
620	1.274000E-1
630	1.263000E-1
640	1.251000E-1
650	1.240000E-1
660	1.230000E-1
670	1.222000E-1
680	1.214000E-1
690	1.205000E-1
700	1.194000E-1
710	1.187000E-1
720	1.178000E-1
730	1.171000E-1
"5RP 4/2"	""	""	
380	7.960000E-2
390	9.970000E-2
400	1.179000E-1
410	1.251000E-1
420	1.259000E-1
430	1.247000E-1
440	1.232000E-1
450	1.224000E-1
460	1.212000E-1
470	1.196000E-1
480	1.167000E-1
490	1.121000E-1
500	1.071000E-1
510	1.029000E-1
520	9.790000E-2
530	9.330000E-2
540	9.290000E-2
550	9.810000E-2
560	1.068000E-1
570	1.176000E-1
580	1.281000E-1
590	1.381000E-1
600	1.443000E-1
610	1.483000E-1
620	1.479000E-1
630	1.427000E-1
640	1.351000E-1
650	1.268000E-1
660	1.211000E-1
670	1.187000E-1
680	1.198000E-1
690	1.236000E-1
700	1.304000E-1
710	1.366000E-1
720	1.389000E-1
730	1.403000E-1
"5RP 4/4"	""	""	
380	8.510000E-2
390	1.099000E-1
400	1.301000E-1
410	1.385000E-1
420	1.373000E-1
430	1.361000E-1
440	1.350000E-1
450	1.340000E-1
460	1.311000E-1
470	1.262000E-1
480	1.197000E-1
490	1.137000E-1
500	1.075000E-1
510	1.009000E-1
520	9.510000E-2
530	9.170000E-2
540	9.000000E-2
550	8.800000E-2
560	8.570000E-2
570	8.850000E-2
580	1.109000E-1
590	1.550000E-1
600	1.867000E-1
610	1.981000E-1
620	2.003000E-1
630	1.998000E-1
640	1.980000E-1
650	1.965000E-1
660	1.950000E-1
670	1.933000E-1
680	1.920000E-1
690	1.905000E-1
700	1.892000E-1
710	1.880000E-1
720	1.856000E-1
730	1.852000E-1
"5RP 4/6"	""	""	
380	9.100000E-2
390	1.131000E-1
400	1.393000E-1
410	1.544000E-1
420	1.523000E-1
430	1.476000E-1
440	1.426000E-1
450	1.360000E-1
460	1.291000E-1
470	1.237000E-1
480	1.157000E-1
490	1.053000E-1
500	9.800000E-2
510	9.220000E-2
520	8.320000E-2
530	7.480000E-2
540	7.320000E-2
550	7.750000E-2
560	7.930000E-2
570	8.230000E-2
580	9.840000E-2
590	1.340000E-1
600	1.809000E-1
610	2.223000E-1
620	2.495000E-1
630	2.648000E-1
640	2.721000E-1
650	2.758000E-1
660	2.781000E-1
670	2.796000E-1
680	2.806000E-1
690	2.812000E-1
700	2.819000E-1
710	2.825000E-1
720	2.828000E-1
730	2.829000E-1
"5RP 4/8"	""	""	
380	1.050000E-1
390	1.218000E-1
400	1.559000E-1
410	1.748000E-1
420	1.722000E-1
430	1.662000E-1
440	1.571000E-1
450	1.449000E-1
460	1.333000E-1
470	1.233000E-1
480	1.112000E-1
490	9.840000E-2
500	8.910000E-2
510	8.250000E-2
520	7.390000E-2
530	6.600000E-2
540	6.390000E-2
550	6.670000E-2
560	6.810000E-2
570	7.010000E-2
580	8.400000E-2
590	1.209000E-1
600	1.796000E-1
610	2.429000E-1
620	2.936000E-1
630	3.260000E-1
640	3.435000E-1
650	3.526000E-1
660	3.577000E-1
670	3.603000E-1
680	3.616000E-1
690	3.617000E-1
700	3.635000E-1
710	3.665000E-1
720	3.682000E-1
730	3.698000E-1
"5RP 4/10"	""	""	
380	9.820000E-2
390	1.275000E-1
400	1.679000E-1
410	1.912000E-1
420	1.929000E-1
430	1.858000E-1
440	1.708000E-1
450	1.530000E-1
460	1.358000E-1
470	1.211000E-1
480	1.069000E-1
490	9.320000E-2
500	8.350000E-2
510	7.680000E-2
520	6.880000E-2
530	6.160000E-2
540	5.930000E-2
550	6.080000E-2
560	6.110000E-2
570	6.270000E-2
580	7.370000E-2
590	1.058000E-1
600	1.684000E-1
610	2.589000E-1
620	3.536000E-1
630	4.277000E-1
640	4.745000E-1
650	5.011000E-1
660	5.163000E-1
670	5.257000E-1
680	5.323000E-1
690	5.369000E-1
700	5.413000E-1
710	5.456000E-1
720	5.483000E-1
730	5.521000E-1
"5RP 4/12"	""	""	
380	1.055000E-1
390	1.275000E-1
400	1.714000E-1
410	1.964000E-1
420	1.981000E-1
430	1.905000E-1
440	1.744000E-1
450	1.559000E-1
460	1.383000E-1
470	1.226000E-1
480	1.075000E-1
490	9.350000E-2
500	8.360000E-2
510	7.610000E-2
520	6.720000E-2
530	5.970000E-2
540	5.770000E-2
550	5.910000E-2
560	5.880000E-2
570	6.070000E-2
580	7.160000E-2
590	9.980000E-2
600	1.535000E-1
610	2.425000E-1
620	3.663000E-1
630	4.958000E-1
640	5.988000E-1
650	6.691000E-1
660	7.147000E-1
670	7.420000E-1
680	7.559000E-1
690	7.666000E-1
700	7.818000E-1
710	7.960000E-1
720	8.059000E-1
730	8.177000E-1
"5RP 5/1"	""	""	
380	1.060000E-1
390	1.447000E-1
400	1.853000E-1
410	2.093000E-1
420	2.108000E-1
430	2.062000E-1
440	2.036000E-1
450	2.010000E-1
460	1.991000E-1
470	1.984000E-1
480	1.968000E-1
490	1.919000E-1
500	1.874000E-1
510	1.872000E-1
520	1.845000E-1
530	1.780000E-1
540	1.766000E-1
550	1.877000E-1
560	2.029000E-1
570	2.119000E-1
580	2.150000E-1
590	2.169000E-1
600	2.171000E-1
610	2.168000E-1
620	2.154000E-1
630	2.136000E-1
640	2.117000E-1
650	2.100000E-1
660	2.083000E-1
670	2.068000E-1
680	2.054000E-1
690	2.039000E-1
700	2.022000E-1
710	2.010000E-1
720	1.991000E-1
730	1.982000E-1
"5RP 5/2"	""	""	
380	1.053000E-1
390	1.419000E-1
400	1.875000E-1
410	2.102000E-1
420	2.115000E-1
430	2.072000E-1
440	2.035000E-1
450	2.006000E-1
460	1.981000E-1
470	1.972000E-1
480	1.947000E-1
490	1.874000E-1
500	1.806000E-1
510	1.794000E-1
520	1.741000E-1
530	1.635000E-1
540	1.608000E-1
550	1.746000E-1
560	1.918000E-1
570	2.022000E-1
580	2.128000E-1
590	2.236000E-1
600	2.291000E-1
610	2.310000E-1
620	2.309000E-1
630	2.295000E-1
640	2.276000E-1
650	2.262000E-1
660	2.250000E-1
670	2.235000E-1
680	2.227000E-1
690	2.215000E-1
700	2.203000E-1
710	2.192000E-1
720	2.170000E-1
730	2.158000E-1
"5RP 5/4"	""	""	
380	1.057000E-1
390	1.378000E-1
400	1.871000E-1
410	2.123000E-1
420	2.156000E-1
430	2.133000E-1
440	2.088000E-1
450	2.044000E-1
460	2.003000E-1
470	1.952000E-1
480	1.895000E-1
490	1.831000E-1
500	1.765000E-1
510	1.704000E-1
520	1.614000E-1
530	1.494000E-1
540	1.443000E-1
550	1.492000E-1
560	1.542000E-1
570	1.650000E-1
580	1.937000E-1
590	2.326000E-1
600	2.607000E-1
610	2.753000E-1
620	2.812000E-1
630	2.831000E-1
640	2.833000E-1
650	2.832000E-1
660	2.833000E-1
670	2.834000E-1
680	2.838000E-1
690	2.838000E-1
700	2.841000E-1
710	2.838000E-1
720	2.824000E-1
730	2.822000E-1
"5RP 5/6"	""	""	
380	1.043000E-1
390	1.428000E-1
400	1.979000E-1
410	2.317000E-1
420	2.331000E-1
430	2.249000E-1
440	2.188000E-1
450	2.117000E-1
460	2.044000E-1
470	2.002000E-1
480	1.919000E-1
490	1.755000E-1
500	1.622000E-1
510	1.559000E-1
520	1.423000E-1
530	1.239000E-1
540	1.191000E-1
550	1.317000E-1
560	1.436000E-1
570	1.531000E-1
580	1.864000E-1
590	2.454000E-1
600	2.997000E-1
610	3.326000E-1
620	3.487000E-1
630	3.556000E-1
640	3.581000E-1
650	3.588000E-1
660	3.591000E-1
670	3.588000E-1
680	3.585000E-1
690	3.573000E-1
700	3.567000E-1
710	3.565000E-1
720	3.553000E-1
730	3.548000E-1
"5RP 5/8"	""	""	
380	1.131000E-1
390	1.482000E-1
400	2.041000E-1
410	2.369000E-1
420	2.408000E-1
430	2.368000E-1
440	2.287000E-1
450	2.200000E-1
460	2.099000E-1
470	1.995000E-1
480	1.870000E-1
490	1.727000E-1
500	1.597000E-1
510	1.488000E-1
520	1.331000E-1
530	1.158000E-1
540	1.091000E-1
550	1.140000E-1
560	1.172000E-1
570	1.246000E-1
580	1.593000E-1
590	2.307000E-1
600	3.136000E-1
610	3.800000E-1
620	4.216000E-1
630	4.446000E-1
640	4.570000E-1
650	4.654000E-1
660	4.726000E-1
670	4.795000E-1
680	4.868000E-1
690	4.934000E-1
700	5.006000E-1
710	5.070000E-1
720	5.118000E-1
730	5.153000E-1
"5RP 5/10"	""	""	
380	1.171000E-1
390	1.543000E-1
400	2.197000E-1
410	2.584000E-1
420	2.604000E-1
430	2.495000E-1
440	2.377000E-1
450	2.234000E-1
460	2.086000E-1
470	1.963000E-1
480	1.799000E-1
490	1.583000E-1
500	1.420000E-1
510	1.315000E-1
520	1.157000E-1
530	9.850000E-2
540	9.350000E-2
550	1.002000E-1
560	1.050000E-1
570	1.101000E-1
580	1.393000E-1
590	2.102000E-1
600	3.112000E-1
610	4.149000E-1
620	5.000000E-1
630	5.577000E-1
640	5.914000E-1
650	6.098000E-1
660	6.195000E-1
670	6.242000E-1
680	6.256000E-1
690	6.253000E-1
700	6.282000E-1
710	6.330000E-1
720	6.357000E-1
730	6.387000E-1
"5RP 5/12"	""	""	
380	1.217000E-1
390	1.530000E-1
400	2.077000E-1
410	2.385000E-1
420	2.449000E-1
430	2.467000E-1
440	2.486000E-1
450	2.429000E-1
460	2.270000E-1
470	2.061000E-1
480	1.842000E-1
490	1.649000E-1
500	1.485000E-1
510	1.326000E-1
520	1.172000E-1
530	1.060000E-1
540	1.012000E-1
550	9.810000E-2
560	9.160000E-2
570	8.790000E-2
580	1.023000E-1
590	1.678000E-1
600	3.010000E-1
610	4.612000E-1
620	6.034000E-1
630	7.075000E-1
640	7.687000E-1
650	8.009000E-1
660	8.182000E-1
670	8.286000E-1
680	8.366000E-1
690	8.421000E-1
700	8.476000E-1
710	8.528000E-1
720	8.553000E-1
730	8.586000E-1
"5RP 6/1"	""	""	
380	1.271000E-1
390	1.697000E-1
400	2.516000E-1
410	3.107000E-1
420	3.217000E-1
430	3.194000E-1
440	3.168000E-1
450	3.147000E-1
460	3.129000E-1
470	3.128000E-1
480	3.110000E-1
490	3.044000E-1
500	2.981000E-1
510	2.981000E-1
520	2.951000E-1
530	2.862000E-1
540	2.841000E-1
550	2.983000E-1
560	3.139000E-1
570	3.214000E-1
580	3.292000E-1
590	3.372000E-1
600	3.396000E-1
610	3.400000E-1
620	3.391000E-1
630	3.377000E-1
640	3.362000E-1
650	3.346000E-1
660	3.338000E-1
670	3.328000E-1
680	3.318000E-1
690	3.302000E-1
700	3.292000E-1
710	3.277000E-1
720	3.255000E-1
730	3.256000E-1
"5RP 6/2"	""	""	
380	1.162000E-1
390	1.649000E-1
400	2.433000E-1
410	3.023000E-1
420	3.139000E-1
430	3.124000E-1
440	3.095000E-1
450	3.069000E-1
460	3.039000E-1
470	2.998000E-1
480	2.948000E-1
490	2.907000E-1
500	2.863000E-1
510	2.823000E-1
520	2.788000E-1
530	2.755000E-1
540	2.745000E-1
550	2.766000E-1
560	2.806000E-1
570	2.903000E-1
580	3.133000E-1
590	3.382000E-1
600	3.471000E-1
610	3.485000E-1
620	3.473000E-1
630	3.452000E-1
640	3.429000E-1
650	3.412000E-1
660	3.394000E-1
670	3.370000E-1
680	3.346000E-1
690	3.315000E-1
700	3.298000E-1
710	3.291000E-1
720	3.283000E-1
730	3.286000E-1
"5RP 6/4"	""	""	
380	1.223000E-1
390	1.686000E-1
400	2.462000E-1
410	3.015000E-1
420	3.103000E-1
430	3.070000E-1
440	3.033000E-1
450	2.996000E-1
460	2.944000E-1
470	2.872000E-1
480	2.788000E-1
490	2.709000E-1
500	2.629000E-1
510	2.545000E-1
520	2.463000E-1
530	2.404000E-1
540	2.382000E-1
550	2.377000E-1
560	2.383000E-1
570	2.474000E-1
580	2.911000E-1
590	3.572000E-1
600	3.909000E-1
610	4.009000E-1
620	4.017000E-1
630	4.005000E-1
640	3.983000E-1
650	3.965000E-1
660	3.951000E-1
670	3.930000E-1
680	3.907000E-1
690	3.878000E-1
700	3.852000E-1
710	3.839000E-1
720	3.826000E-1
730	3.829000E-1
"5RP 6/6"	""	""	
380	1.261000E-1
390	1.636000E-1
400	2.467000E-1
410	3.112000E-1
420	3.240000E-1
430	3.219000E-1
440	3.155000E-1
450	3.080000E-1
460	2.996000E-1
470	2.901000E-1
480	2.784000E-1
490	2.655000E-1
500	2.527000E-1
510	2.412000E-1
520	2.232000E-1
530	2.003000E-1
540	1.917000E-1
550	2.019000E-1
560	2.118000E-1
570	2.283000E-1
580	2.785000E-1
590	3.572000E-1
600	4.242000E-1
610	4.633000E-1
620	4.814000E-1
630	4.886000E-1
640	4.905000E-1
650	4.907000E-1
660	4.900000E-1
670	4.892000E-1
680	4.882000E-1
690	4.866000E-1
700	4.855000E-1
710	4.845000E-1
720	4.818000E-1
730	4.807000E-1
"5RP 6/8"	""	""	
380	1.300000E-1
390	1.750000E-1
400	2.715000E-1
410	3.451000E-1
420	3.531000E-1
430	3.411000E-1
440	3.311000E-1
450	3.188000E-1
460	3.077000E-1
470	3.003000E-1
480	2.868000E-1
490	2.613000E-1
500	2.406000E-1
510	2.303000E-1
520	2.092000E-1
530	1.805000E-1
540	1.714000E-1
550	1.892000E-1
560	2.071000E-1
570	2.217000E-1
580	2.721000E-1
590	3.664000E-1
600	4.633000E-1
610	5.316000E-1
620	5.701000E-1
630	5.890000E-1
640	5.973000E-1
650	6.004000E-1
660	6.012000E-1
670	6.013000E-1
680	6.006000E-1
690	5.987000E-1
700	5.977000E-1
710	5.973000E-1
720	5.959000E-1
730	5.951000E-1
"5RP 6/10"	""	""	
380	1.301000E-1
390	1.734000E-1
400	2.687000E-1
410	3.432000E-1
420	3.601000E-1
430	3.579000E-1
440	3.496000E-1
450	3.389000E-1
460	3.268000E-1
470	3.129000E-1
480	2.950000E-1
490	2.735000E-1
500	2.552000E-1
510	2.407000E-1
520	2.170000E-1
530	1.864000E-1
540	1.743000E-1
550	1.837000E-1
560	1.890000E-1
570	1.998000E-1
580	2.538000E-1
590	3.607000E-1
600	4.862000E-1
610	5.967000E-1
620	6.780000E-1
630	7.300000E-1
640	7.615000E-1
650	7.818000E-1
660	7.973000E-1
670	8.102000E-1
680	8.230000E-1
690	8.346000E-1
700	8.461000E-1
710	8.570000E-1
720	8.646000E-1
730	8.716000E-1
"5RP 7/1"	""	""	
380	1.483000E-1
390	1.962000E-1
400	3.114000E-1
410	4.148000E-1
420	4.403000E-1
430	4.394000E-1
440	4.370000E-1
450	4.338000E-1
460	4.314000E-1
470	4.314000E-1
480	4.288000E-1
490	4.219000E-1
500	4.157000E-1
510	4.152000E-1
520	4.118000E-1
530	4.011000E-1
540	3.976000E-1
550	4.126000E-1
560	4.329000E-1
570	4.448000E-1
580	4.487000E-1
590	4.519000E-1
600	4.531000E-1
610	4.536000E-1
620	4.523000E-1
630	4.506000E-1
640	4.487000E-1
650	4.474000E-1
660	4.461000E-1
670	4.443000E-1
680	4.436000E-1
690	4.422000E-1
700	4.404000E-1
710	4.389000E-1
720	4.364000E-1
730	4.358000E-1
"5RP 7/2"	""	""	
380	1.475000E-1
390	1.937000E-1
400	3.025000E-1
410	4.028000E-1
420	4.302000E-1
430	4.298000E-1
440	4.264000E-1
450	4.232000E-1
460	4.199000E-1
470	4.151000E-1
480	4.089000E-1
490	4.035000E-1
500	3.983000E-1
510	3.943000E-1
520	3.909000E-1
530	3.872000E-1
540	3.857000E-1
550	3.869000E-1
560	3.892000E-1
570	3.990000E-1
580	4.251000E-1
590	4.544000E-1
600	4.654000E-1
610	4.676000E-1
620	4.666000E-1
630	4.643000E-1
640	4.615000E-1
650	4.591000E-1
660	4.569000E-1
670	4.548000E-1
680	4.535000E-1
690	4.511000E-1
700	4.491000E-1
710	4.466000E-1
720	4.440000E-1
730	4.425000E-1
"5RP 7/4"	""	""	
380	1.416000E-1
390	1.852000E-1
400	2.980000E-1
410	4.066000E-1
420	4.391000E-1
430	4.398000E-1
440	4.346000E-1
450	4.290000E-1
460	4.229000E-1
470	4.151000E-1
480	4.056000E-1
490	3.957000E-1
500	3.861000E-1
510	3.768000E-1
520	3.619000E-1
530	3.412000E-1
540	3.337000E-1
550	3.480000E-1
560	3.663000E-1
570	3.934000E-1
580	4.434000E-1
590	4.985000E-1
600	5.244000E-1
610	5.280000E-1
620	5.283000E-1
630	5.292000E-1
640	5.305000E-1
650	5.376000E-1
660	5.488000E-1
670	5.530000E-1
680	5.475000E-1
690	5.372000E-1
700	5.222000E-1
710	5.100000E-1
720	5.136000E-1
730	5.397000E-1
"5RP 7/6"	""	""	
380	1.476000E-1
390	1.911000E-1
400	3.072000E-1
410	4.227000E-1
420	4.546000E-1
430	4.518000E-1
440	4.434000E-1
450	4.336000E-1
460	4.228000E-1
470	4.107000E-1
480	3.968000E-1
490	3.806000E-1
500	3.656000E-1
510	3.522000E-1
520	3.318000E-1
530	3.047000E-1
540	2.940000E-1
550	3.078000E-1
560	3.236000E-1
570	3.497000E-1
580	4.143000E-1
590	5.083000E-1
600	5.856000E-1
610	6.319000E-1
620	6.557000E-1
630	6.687000E-1
640	6.779000E-1
650	6.882000E-1
660	7.017000E-1
670	7.192000E-1
680	7.419000E-1
690	7.679000E-1
700	7.973000E-1
710	8.265000E-1
720	8.502000E-1
730	8.714000E-1
"5RP 7/8"	""	""	
380	1.511000E-1
390	1.976000E-1
400	3.283000E-1
410	4.588000E-1
420	4.919000E-1
430	4.814000E-1
440	4.696000E-1
450	4.561000E-1
460	4.433000E-1
470	4.351000E-1
480	4.196000E-1
490	3.886000E-1
500	3.627000E-1
510	3.501000E-1
520	3.235000E-1
530	2.847000E-1
540	2.717000E-1
550	2.963000E-1
560	3.211000E-1
570	3.411000E-1
580	4.054000E-1
590	5.200000E-1
600	6.376000E-1
610	7.304000E-1
620	7.918000E-1
630	8.270000E-1
640	8.453000E-1
650	8.548000E-1
660	8.601000E-1
670	8.623000E-1
680	8.640000E-1
690	8.639000E-1
700	8.657000E-1
710	8.680000E-1
720	8.684000E-1
730	8.707000E-1
"5RP 8/1"	""	""	
380	1.658000E-1
390	2.184000E-1
400	3.634000E-1
410	5.286000E-1
420	5.917000E-1
430	5.986000E-1
440	5.964000E-1
450	5.940000E-1
460	5.929000E-1
470	5.924000E-1
480	5.900000E-1
490	5.838000E-1
500	5.776000E-1
510	5.764000E-1
520	5.725000E-1
530	5.611000E-1
540	5.570000E-1
550	5.708000E-1
560	5.873000E-1
570	5.985000E-1
580	6.046000E-1
590	6.108000E-1
600	6.137000E-1
610	6.152000E-1
620	6.152000E-1
630	6.136000E-1
640	6.122000E-1
650	6.111000E-1
660	6.102000E-1
670	6.098000E-1
680	6.094000E-1
690	6.082000E-1
700	6.074000E-1
710	6.064000E-1
720	6.043000E-1
730	6.040000E-1
"5RP 8/2"	""	""	
380	1.588000E-1
390	2.029000E-1
400	3.375000E-1
410	5.063000E-1
420	5.766000E-1
430	5.857000E-1
440	5.827000E-1
450	5.798000E-1
460	5.770000E-1
470	5.722000E-1
480	5.664000E-1
490	5.605000E-1
500	5.526000E-1
510	5.446000E-1
520	5.356000E-1
530	5.252000E-1
540	5.227000E-1
550	5.315000E-1
560	5.451000E-1
570	5.663000E-1
580	5.890000E-1
590	6.131000E-1
600	6.296000E-1
610	6.340000E-1
620	6.270000E-1
630	6.230000E-1
640	6.313000E-1
650	6.464000E-1
660	6.610000E-1
670	6.706000E-1
680	6.766000E-1
690	6.793000E-1
700	6.814000E-1
710	6.819000E-1
720	6.807000E-1
730	6.808000E-1
"5RP 8/4"	""	""	
380	1.672000E-1
390	2.065000E-1
400	3.477000E-1
410	5.233000E-1
420	5.968000E-1
430	6.037000E-1
440	5.989000E-1
450	5.928000E-1
460	5.872000E-1
470	5.799000E-1
480	5.727000E-1
490	5.652000E-1
500	5.567000E-1
510	5.463000E-1
520	5.255000E-1
530	4.940000E-1
540	4.806000E-1
550	4.952000E-1
560	5.077000E-1
570	5.287000E-1
580	5.845000E-1
590	6.598000E-1
600	7.133000E-1
610	7.404000E-1
620	7.556000E-1
630	7.677000E-1
640	7.777000E-1
650	7.856000E-1
660	7.904000E-1
670	7.888000E-1
680	7.846000E-1
690	7.807000E-1
700	7.815000E-1
710	7.862000E-1
720	7.911000E-1
730	7.990000E-1
"5RP 8/6"	""	""	
380	1.676000E-1
390	2.159000E-1
400	3.638000E-1
410	5.559000E-1
420	6.364000E-1
430	6.369000E-1
440	6.280000E-1
450	6.170000E-1
460	6.062000E-1
470	6.001000E-1
480	5.870000E-1
490	5.584000E-1
500	5.334000E-1
510	5.223000E-1
520	4.965000E-1
530	4.552000E-1
540	4.412000E-1
550	4.708000E-1
560	5.020000E-1
570	5.266000E-1
580	5.935000E-1
590	7.059000E-1
600	8.112000E-1
610	8.791000E-1
620	9.140000E-1
630	9.302000E-1
640	9.376000E-1
650	9.417000E-1
660	9.449000E-1
670	9.469000E-1
680	9.497000E-1
690	9.504000E-1
700	9.522000E-1
710	9.545000E-1
720	9.547000E-1
730	9.566000E-1
"5RP 9/1"	""	""	
380	1.995000E-1
390	2.394000E-1
400	3.912000E-1
410	6.200000E-1
420	7.533000E-1
430	7.802000E-1
440	7.834000E-1
450	7.842000E-1
460	7.855000E-1
470	7.870000E-1
480	7.863000E-1
490	7.809000E-1
500	7.745000E-1
510	7.744000E-1
520	7.700000E-1
530	7.563000E-1
540	7.516000E-1
550	7.679000E-1
560	7.861000E-1
570	8.014000E-1
580	8.149000E-1
590	8.279000E-1
600	8.345000E-1
610	8.384000E-1
620	8.396000E-1
630	8.390000E-1
640	8.374000E-1
650	8.365000E-1
660	8.365000E-1
670	8.354000E-1
680	8.355000E-1
690	8.349000E-1
700	8.357000E-1
710	8.357000E-1
720	8.333000E-1
730	8.340000E-1
"5RP 9/2"	""	""	
380	1.867000E-1
390	2.256000E-1
400	3.786000E-1
410	6.180000E-1
420	7.697000E-1
430	8.030000E-1
440	8.053000E-1
450	8.047000E-1
460	8.047000E-1
470	8.040000E-1
480	8.000000E-1
490	7.904000E-1
500	7.803000E-1
510	7.769000E-1
520	7.661000E-1
530	7.443000E-1
540	7.375000E-1
550	7.572000E-1
560	7.718000E-1
570	7.856000E-1
580	8.120000E-1
590	8.454000E-1
600	8.670000E-1
610	8.792000E-1
620	8.846000E-1
630	8.866000E-1
640	8.870000E-1
650	8.880000E-1
660	8.888000E-1
670	8.898000E-1
680	8.919000E-1
690	8.924000E-1
700	8.931000E-1
710	8.943000E-1
720	8.931000E-1
730	8.949000E-1
"7.5RP 2.5/2"	""	""	
380	5.020000E-2
390	5.280000E-2
400	5.670000E-2
410	5.820000E-2
420	5.720000E-2
430	5.600000E-2
440	5.480000E-2
450	5.250000E-2
460	5.040000E-2
470	4.830000E-2
480	4.640000E-2
490	4.470000E-2
500	4.330000E-2
510	4.210000E-2
520	4.170000E-2
530	4.100000E-2
540	4.070000E-2
550	4.140000E-2
560	4.280000E-2
570	4.410000E-2
580	4.410000E-2
590	4.440000E-2
600	4.690000E-2
610	5.370000E-2
620	6.570000E-2
630	8.060000E-2
640	9.320000E-2
650	1.027000E-1
660	1.096000E-1
670	1.149000E-1
680	1.184000E-1
690	1.213000E-1
700	1.232000E-1
710	1.254000E-1
720	1.282000E-1
730	1.320000E-1
"7.5RP 2.5/4"	""	""	
380	4.750000E-2
390	5.290000E-2
400	5.800000E-2
410	6.030000E-2
420	5.970000E-2
430	5.730000E-2
440	5.280000E-2
450	4.810000E-2
460	4.410000E-2
470	4.120000E-2
480	3.920000E-2
490	3.770000E-2
500	3.650000E-2
510	3.590000E-2
520	3.550000E-2
530	3.520000E-2
540	3.540000E-2
550	3.580000E-2
560	3.600000E-2
570	3.680000E-2
580	3.740000E-2
590	3.830000E-2
600	3.990000E-2
610	4.530000E-2
620	6.480000E-2
630	1.011000E-1
640	1.376000E-1
650	1.657000E-1
660	1.863000E-1
670	2.012000E-1
680	2.125000E-1
690	2.210000E-1
700	2.288000E-1
710	2.361000E-1
720	2.429000E-1
730	2.489000E-1
"7.5RP 3/2"	""	""	
380	5.580000E-2
390	6.430000E-2
400	6.930000E-2
410	6.910000E-2
420	6.730000E-2
430	6.680000E-2
440	6.600000E-2
450	6.530000E-2
460	6.350000E-2
470	6.110000E-2
480	5.800000E-2
490	5.530000E-2
500	5.310000E-2
510	5.110000E-2
520	4.980000E-2
530	4.910000E-2
540	4.880000E-2
550	4.910000E-2
560	5.030000E-2
570	5.480000E-2
580	6.400000E-2
590	7.850000E-2
600	9.040000E-2
610	9.460000E-2
620	9.430000E-2
630	9.280000E-2
640	9.100000E-2
650	8.940000E-2
660	8.820000E-2
670	8.700000E-2
680	8.620000E-2
690	8.520000E-2
700	8.470000E-2
710	8.370000E-2
720	8.320000E-2
730	8.240000E-2
"7.5RP 3/4"	""	""	
380	6.730000E-2
390	7.250000E-2
400	7.710000E-2
410	7.840000E-2
420	7.650000E-2
430	7.510000E-2
440	7.500000E-2
450	7.310000E-2
460	7.040000E-2
470	6.620000E-2
480	6.180000E-2
490	5.800000E-2
500	5.500000E-2
510	5.280000E-2
520	5.150000E-2
530	5.020000E-2
540	4.930000E-2
550	4.930000E-2
560	4.980000E-2
570	5.260000E-2
580	5.850000E-2
590	6.530000E-2
600	7.410000E-2
610	9.430000E-2
620	1.250000E-1
630	1.536000E-1
640	1.742000E-1
650	1.882000E-1
660	1.988000E-1
670	2.083000E-1
680	2.189000E-1
690	2.320000E-1
700	2.460000E-1
710	2.582000E-1
720	2.708000E-1
730	2.898000E-1
"7.5RP 3/6"	""	""	
380	7.300000E-2
390	7.390000E-2
400	8.080000E-2
410	8.430000E-2
420	8.630000E-2
430	8.550000E-2
440	7.910000E-2
450	7.040000E-2
460	6.270000E-2
470	5.660000E-2
480	5.160000E-2
490	4.820000E-2
500	4.610000E-2
510	4.480000E-2
520	4.370000E-2
530	4.300000E-2
540	4.310000E-2
550	4.380000E-2
560	4.380000E-2
570	4.500000E-2
580	4.750000E-2
590	5.620000E-2
600	8.330000E-2
610	1.232000E-1
620	1.577000E-1
630	1.837000E-1
640	2.031000E-1
650	2.167000E-1
660	2.249000E-1
670	2.266000E-1
680	2.244000E-1
690	2.237000E-1
700	2.285000E-1
710	2.363000E-1
720	2.460000E-1
730	2.563000E-1
"7.5RP 4/2"	""	""	
380	7.970000E-2
390	1.033000E-1
400	1.207000E-1
410	1.249000E-1
420	1.219000E-1
430	1.186000E-1
440	1.163000E-1
450	1.141000E-1
460	1.127000E-1
470	1.118000E-1
480	1.094000E-1
490	1.043000E-1
500	1.003000E-1
510	9.890000E-2
520	9.570000E-2
530	9.140000E-2
540	9.250000E-2
550	1.011000E-1
560	1.098000E-1
570	1.132000E-1
580	1.259000E-1
590	1.462000E-1
600	1.552000E-1
610	1.566000E-1
620	1.556000E-1
630	1.539000E-1
640	1.523000E-1
650	1.509000E-1
660	1.496000E-1
670	1.484000E-1
680	1.474000E-1
690	1.462000E-1
700	1.447000E-1
710	1.436000E-1
720	1.422000E-1
730	1.415000E-1
"7.5RP 4/4"	""	""	
380	9.160000E-2
390	1.091000E-1
400	1.243000E-1
410	1.291000E-1
420	1.250000E-1
430	1.210000E-1
440	1.194000E-1
450	1.175000E-1
460	1.155000E-1
470	1.131000E-1
480	1.085000E-1
490	1.017000E-1
500	9.620000E-2
510	9.230000E-2
520	8.740000E-2
530	8.370000E-2
540	8.380000E-2
550	8.740000E-2
560	8.990000E-2
570	9.240000E-2
580	1.131000E-1
590	1.567000E-1
600	1.887000E-1
610	2.003000E-1
620	2.026000E-1
630	2.018000E-1
640	2.002000E-1
650	1.987000E-1
660	1.973000E-1
670	1.957000E-1
680	1.945000E-1
690	1.934000E-1
700	1.920000E-1
710	1.905000E-1
720	1.889000E-1
730	1.879000E-1
"7.5RP 4/6"	""	""	
380	9.480000E-2
390	1.127000E-1
400	1.283000E-1
410	1.312000E-1
420	1.269000E-1
430	1.240000E-1
440	1.232000E-1
450	1.222000E-1
460	1.190000E-1
470	1.147000E-1
480	1.069000E-1
490	9.860000E-2
500	9.170000E-2
510	8.570000E-2
520	7.970000E-2
530	7.610000E-2
540	7.550000E-2
550	7.600000E-2
560	7.520000E-2
570	7.730000E-2
580	9.750000E-2
590	1.511000E-1
600	2.134000E-1
610	2.501000E-1
620	2.630000E-1
630	2.658000E-1
640	2.652000E-1
650	2.636000E-1
660	2.620000E-1
670	2.604000E-1
680	2.590000E-1
690	2.573000E-1
700	2.553000E-1
710	2.536000E-1
720	2.513000E-1
730	2.498000E-1
"7.5RP 4/8"	""	""	
380	9.770000E-2
390	1.149000E-1
400	1.325000E-1
410	1.378000E-1
420	1.329000E-1
430	1.258000E-1
440	1.197000E-1
450	1.126000E-1
460	1.058000E-1
470	1.005000E-1
480	9.290000E-2
490	8.370000E-2
500	7.730000E-2
510	7.290000E-2
520	6.580000E-2
530	6.020000E-2
540	6.040000E-2
550	6.460000E-2
560	6.580000E-2
570	6.770000E-2
580	8.120000E-2
590	1.176000E-1
600	1.795000E-1
610	2.556000E-1
620	3.259000E-1
630	3.770000E-1
640	4.090000E-1
650	4.281000E-1
660	4.395000E-1
670	4.462000E-1
680	4.509000E-1
690	4.545000E-1
700	4.591000E-1
710	4.634000E-1
720	4.665000E-1
730	4.702000E-1
"7.5RP 4/10"	""	""	
380	8.790000E-2
390	1.081000E-1
400	1.279000E-1
410	1.331000E-1
420	1.304000E-1
430	1.288000E-1
440	1.264000E-1
450	1.224000E-1
460	1.154000E-1
470	1.052000E-1
480	9.280000E-2
490	8.230000E-2
500	7.420000E-2
510	6.700000E-2
520	6.050000E-2
530	5.590000E-2
540	5.430000E-2
550	5.410000E-2
560	5.360000E-2
570	5.700000E-2
580	7.310000E-2
590	1.183000E-1
600	1.988000E-1
610	2.955000E-1
620	3.803000E-1
630	4.381000E-1
640	4.712000E-1
650	4.898000E-1
660	5.007000E-1
670	5.071000E-1
680	5.121000E-1
690	5.148000E-1
700	5.183000E-1
710	5.227000E-1
720	5.266000E-1
730	5.305000E-1
"7.5RP 4/12"	""	""	
380	8.900000E-2
390	1.102000E-1
400	1.352000E-1
410	1.447000E-1
420	1.439000E-1
430	1.399000E-1
440	1.329000E-1
450	1.231000E-1
460	1.117000E-1
470	9.970000E-2
480	8.770000E-2
490	7.690000E-2
500	6.940000E-2
510	6.320000E-2
520	5.670000E-2
530	5.180000E-2
540	5.070000E-2
550	5.150000E-2
560	5.150000E-2
570	5.390000E-2
580	6.460000E-2
590	9.420000E-2
600	1.545000E-1
610	2.482000E-1
620	3.640000E-1
630	4.767000E-1
640	5.654000E-1
650	6.263000E-1
660	6.659000E-1
670	6.903000E-1
680	7.039000E-1
690	7.129000E-1
700	7.274000E-1
710	7.463000E-1
720	7.634000E-1
730	7.794000E-1
"7.5RP 5/2"	""	""	
380	1.045000E-1
390	1.397000E-1
400	1.857000E-1
410	2.072000E-1
420	2.066000E-1
430	2.021000E-1
440	1.991000E-1
450	1.963000E-1
460	1.941000E-1
470	1.934000E-1
480	1.908000E-1
490	1.834000E-1
500	1.771000E-1
510	1.759000E-1
520	1.723000E-1
530	1.644000E-1
540	1.628000E-1
550	1.753000E-1
560	1.929000E-1
570	2.026000E-1
580	2.161000E-1
590	2.311000E-1
600	2.361000E-1
610	2.367000E-1
620	2.359000E-1
630	2.344000E-1
640	2.327000E-1
650	2.312000E-1
660	2.301000E-1
670	2.285000E-1
680	2.275000E-1
690	2.262000E-1
700	2.248000E-1
710	2.236000E-1
720	2.219000E-1
730	2.209000E-1
"7.5RP 5/4"	""	""	
380	1.133000E-1
390	1.504000E-1
400	1.919000E-1
410	2.107000E-1
420	2.067000E-1
430	2.001000E-1
440	1.961000E-1
450	1.922000E-1
460	1.890000E-1
470	1.873000E-1
480	1.825000E-1
490	1.721000E-1
500	1.633000E-1
510	1.601000E-1
520	1.539000E-1
530	1.454000E-1
540	1.445000E-1
550	1.557000E-1
560	1.706000E-1
570	1.813000E-1
580	2.147000E-1
590	2.639000E-1
600	2.893000E-1
610	2.971000E-1
620	2.977000E-1
630	2.962000E-1
640	2.940000E-1
650	2.923000E-1
660	2.903000E-1
670	2.878000E-1
680	2.863000E-1
690	2.843000E-1
700	2.822000E-1
710	2.801000E-1
720	2.780000E-1
730	2.767000E-1
"7.5RP 5/6"	""	""	
380	1.155000E-1
390	1.492000E-1
400	1.916000E-1
410	2.110000E-1
420	2.054000E-1
430	1.967000E-1
440	1.906000E-1
450	1.844000E-1
460	1.790000E-1
470	1.771000E-1
480	1.715000E-1
490	1.574000E-1
500	1.466000E-1
510	1.429000E-1
520	1.323000E-1
530	1.173000E-1
540	1.149000E-1
550	1.301000E-1
560	1.474000E-1
570	1.612000E-1
580	1.971000E-1
590	2.587000E-1
600	3.165000E-1
610	3.539000E-1
620	3.721000E-1
630	3.794000E-1
640	3.819000E-1
650	3.822000E-1
660	3.816000E-1
670	3.804000E-1
680	3.797000E-1
690	3.780000E-1
700	3.766000E-1
710	3.751000E-1
720	3.728000E-1
730	3.717000E-1
"7.5RP 5/8"	""	""	
380	1.151000E-1
390	1.504000E-1
400	1.921000E-1
410	2.084000E-1
420	2.040000E-1
430	1.986000E-1
440	1.966000E-1
450	1.942000E-1
460	1.894000E-1
470	1.840000E-1
480	1.738000E-1
490	1.591000E-1
500	1.466000E-1
510	1.372000E-1
520	1.269000E-1
530	1.187000E-1
540	1.162000E-1
550	1.174000E-1
560	1.167000E-1
570	1.193000E-1
580	1.606000E-1
590	2.646000E-1
600	3.713000E-1
610	4.301000E-1
620	4.519000E-1
630	4.579000E-1
640	4.589000E-1
650	4.585000E-1
660	4.577000E-1
670	4.563000E-1
680	4.556000E-1
690	4.543000E-1
700	4.530000E-1
710	4.514000E-1
720	4.495000E-1
730	4.482000E-1
"7.5RP 5/10"	""	""	
380	1.046000E-1
390	1.429000E-1
400	1.837000E-1
410	1.997000E-1
420	1.973000E-1
430	1.939000E-1
440	1.936000E-1
450	1.930000E-1
460	1.877000E-1
470	1.767000E-1
480	1.613000E-1
490	1.448000E-1
500	1.304000E-1
510	1.179000E-1
520	1.073000E-1
530	1.013000E-1
540	9.920000E-2
550	9.660000E-2
560	9.280000E-2
570	9.740000E-2
580	1.394000E-1
590	2.492000E-1
600	3.883000E-1
610	4.918000E-1
620	5.444000E-1
630	5.656000E-1
640	5.727000E-1
650	5.750000E-1
660	5.765000E-1
670	5.765000E-1
680	5.770000E-1
690	5.769000E-1
700	5.762000E-1
710	5.754000E-1
720	5.743000E-1
730	5.739000E-1
"7.5RP 5/12"	""	""	
380	1.116000E-1
390	1.455000E-1
400	1.793000E-1
410	1.933000E-1
420	1.936000E-1
430	1.926000E-1
440	1.935000E-1
450	1.947000E-1
460	1.877000E-1
470	1.730000E-1
480	1.562000E-1
490	1.409000E-1
500	1.269000E-1
510	1.137000E-1
520	1.026000E-1
530	9.580000E-2
540	9.240000E-2
550	8.780000E-2
560	8.200000E-2
570	8.170000E-2
580	1.036000E-1
590	1.810000E-1
600	3.267000E-1
610	5.016000E-1
620	6.431000E-1
630	7.237000E-1
640	7.686000E-1
650	7.994000E-1
660	8.216000E-1
670	8.354000E-1
680	8.457000E-1
690	8.522000E-1
700	8.565000E-1
710	8.597000E-1
720	8.607000E-1
730	8.620000E-1
"7.5RP 6/2"	""	""	
380	1.222000E-1
390	1.761000E-1
400	2.502000E-1
410	2.976000E-1
420	3.033000E-1
430	2.982000E-1
440	2.943000E-1
450	2.910000E-1
460	2.884000E-1
470	2.876000E-1
480	2.848000E-1
490	2.757000E-1
500	2.668000E-1
510	2.662000E-1
520	2.622000E-1
530	2.515000E-1
540	2.494000E-1
550	2.677000E-1
560	2.929000E-1
570	3.070000E-1
580	3.213000E-1
590	3.357000E-1
600	3.403000E-1
610	3.408000E-1
620	3.398000E-1
630	3.380000E-1
640	3.358000E-1
650	3.340000E-1
660	3.327000E-1
670	3.312000E-1
680	3.303000E-1
690	3.282000E-1
700	3.264000E-1
710	3.247000E-1
720	3.235000E-1
730	3.219000E-1
"7.5RP 6/4"	""	""	
380	1.244000E-1
390	1.742000E-1
400	2.531000E-1
410	3.013000E-1
420	3.055000E-1
430	2.995000E-1
440	2.953000E-1
450	2.916000E-1
460	2.886000E-1
470	2.879000E-1
480	2.831000E-1
490	2.693000E-1
500	2.567000E-1
510	2.533000E-1
520	2.455000E-1
530	2.311000E-1
540	2.276000E-1
550	2.452000E-1
560	2.667000E-1
570	2.778000E-1
580	3.169000E-1
590	3.754000E-1
600	4.035000E-1
610	4.117000E-1
620	4.126000E-1
630	4.117000E-1
640	4.100000E-1
650	4.082000E-1
660	4.065000E-1
670	4.051000E-1
680	4.038000E-1
690	4.023000E-1
700	4.000000E-1
710	3.983000E-1
720	3.962000E-1
730	3.949000E-1
"7.5RP 6/6"	""	""	
380	1.285000E-1
390	1.779000E-1
400	2.554000E-1
410	3.020000E-1
420	3.032000E-1
430	2.952000E-1
440	2.913000E-1
450	2.879000E-1
460	2.834000E-1
470	2.807000E-1
480	2.728000E-1
490	2.554000E-1
500	2.398000E-1
510	2.326000E-1
520	2.218000E-1
530	2.074000E-1
540	2.035000E-1
550	2.153000E-1
560	2.284000E-1
570	2.367000E-1
580	2.931000E-1
590	3.991000E-1
600	4.693000E-1
610	4.964000E-1
620	5.039000E-1
630	5.055000E-1
640	5.045000E-1
650	5.034000E-1
660	5.024000E-1
670	5.013000E-1
680	5.003000E-1
690	4.989000E-1
700	4.975000E-1
710	4.961000E-1
720	4.940000E-1
730	4.933000E-1
"7.5RP 6/8"	""	""	
380	1.396000E-1
390	1.853000E-1
400	2.640000E-1
410	3.095000E-1
420	3.094000E-1
430	2.991000E-1
440	2.934000E-1
450	2.873000E-1
460	2.819000E-1
470	2.771000E-1
480	2.668000E-1
490	2.477000E-1
500	2.308000E-1
510	2.217000E-1
520	2.095000E-1
530	1.961000E-1
540	1.919000E-1
550	2.006000E-1
560	2.106000E-1
570	2.200000E-1
580	2.839000E-1
590	4.175000E-1
600	5.324000E-1
610	5.903000E-1
620	6.111000E-1
630	6.172000E-1
640	6.175000E-1
650	6.173000E-1
660	6.163000E-1
670	6.144000E-1
680	6.132000E-1
690	6.116000E-1
700	6.095000E-1
710	6.071000E-1
720	6.041000E-1
730	6.034000E-1
"7.5RP 6/10"	""	""	
380	1.430000E-1
390	1.887000E-1
400	2.628000E-1
410	3.051000E-1
420	3.033000E-1
430	2.934000E-1
440	2.891000E-1
450	2.838000E-1
460	2.773000E-1
470	2.693000E-1
480	2.555000E-1
490	2.352000E-1
500	2.170000E-1
510	2.043000E-1
520	1.905000E-1
530	1.780000E-1
540	1.737000E-1
550	1.761000E-1
560	1.764000E-1
570	1.800000E-1
580	2.385000E-1
590	3.835000E-1
600	5.448000E-1
610	6.580000E-1
620	7.161000E-1
630	7.405000E-1
640	7.495000E-1
650	7.527000E-1
660	7.543000E-1
670	7.540000E-1
680	7.544000E-1
690	7.541000E-1
700	7.531000E-1
710	7.520000E-1
720	7.503000E-1
730	7.497000E-1
"7.5RP 7/2"	""	""	
380	1.402000E-1
390	1.796000E-1
400	2.888000E-1
410	3.871000E-1
420	4.150000E-1
430	4.156000E-1
440	4.127000E-1
450	4.097000E-1
460	4.074000E-1
470	4.047000E-1
480	4.008000E-1
490	3.971000E-1
500	3.923000E-1
510	3.873000E-1
520	3.820000E-1
530	3.762000E-1
540	3.744000E-1
550	3.788000E-1
560	3.867000E-1
570	4.052000E-1
580	4.304000E-1
590	4.569000E-1
600	4.755000E-1
610	4.835000E-1
620	4.819000E-1
630	4.809000E-1
640	4.866000E-1
650	4.959000E-1
660	5.046000E-1
670	5.105000E-1
680	5.152000E-1
690	5.184000E-1
700	5.209000E-1
710	5.231000E-1
720	5.248000E-1
730	5.265000E-1
"7.5RP 7/4"	""	""	
380	1.433000E-1
390	1.940000E-1
400	3.063000E-1
410	4.040000E-1
420	4.315000E-1
430	4.319000E-1
440	4.293000E-1
450	4.264000E-1
460	4.225000E-1
470	4.157000E-1
480	4.068000E-1
490	3.989000E-1
500	3.903000E-1
510	3.807000E-1
520	3.719000E-1
530	3.662000E-1
540	3.653000E-1
550	3.674000E-1
560	3.719000E-1
570	3.899000E-1
580	4.506000E-1
590	5.315000E-1
600	5.732000E-1
610	5.874000E-1
620	5.910000E-1
630	5.906000E-1
640	5.891000E-1
650	5.879000E-1
660	5.869000E-1
670	5.854000E-1
680	5.849000E-1
690	5.836000E-1
700	5.820000E-1
710	5.802000E-1
720	5.788000E-1
730	5.775000E-1
"7.5RP 7/6"	""	""	
380	1.526000E-1
390	2.063000E-1
400	3.223000E-1
410	4.172000E-1
420	4.350000E-1
430	4.276000E-1
440	4.240000E-1
450	4.187000E-1
460	4.137000E-1
470	4.105000E-1
480	4.011000E-1
490	3.803000E-1
500	3.613000E-1
510	3.533000E-1
520	3.409000E-1
530	3.231000E-1
540	3.179000E-1
550	3.344000E-1
560	3.545000E-1
570	3.687000E-1
580	4.389000E-1
590	5.606000E-1
600	6.398000E-1
610	6.710000E-1
620	6.808000E-1
630	6.833000E-1
640	6.833000E-1
650	6.832000E-1
660	6.837000E-1
670	6.830000E-1
680	6.836000E-1
690	6.834000E-1
700	6.828000E-1
710	6.825000E-1
720	6.810000E-1
730	6.816000E-1
"7.5RP 7/8"	""	""	
380	1.586000E-1
390	2.075000E-1
400	3.200000E-1
410	4.137000E-1
420	4.290000E-1
430	4.189000E-1
440	4.125000E-1
450	4.059000E-1
460	3.989000E-1
470	3.940000E-1
480	3.824000E-1
490	3.590000E-1
500	3.378000E-1
510	3.275000E-1
520	3.131000E-1
530	2.943000E-1
540	2.881000E-1
550	3.015000E-1
560	3.186000E-1
570	3.348000E-1
580	4.199000E-1
590	5.813000E-1
600	7.185000E-1
610	7.971000E-1
620	8.320000E-1
630	8.448000E-1
640	8.494000E-1
650	8.512000E-1
660	8.518000E-1
670	8.499000E-1
680	8.512000E-1
690	8.522000E-1
700	8.526000E-1
710	8.525000E-1
720	8.517000E-1
730	8.524000E-1
"7.5RP 8/2"	""	""	
380	1.717000E-1
390	2.196000E-1
400	3.561000E-1
410	5.212000E-1
420	5.851000E-1
430	5.888000E-1
440	5.860000E-1
450	5.810000E-1
460	5.780000E-1
470	5.763000E-1
480	5.714000E-1
490	5.596000E-1
500	5.486000E-1
510	5.471000E-1
520	5.431000E-1
530	5.307000E-1
540	5.278000E-1
550	5.513000E-1
560	5.841000E-1
570	6.062000E-1
580	6.267000E-1
590	6.441000E-1
600	6.498000E-1
610	6.518000E-1
620	6.509000E-1
630	6.491000E-1
640	6.468000E-1
650	6.450000E-1
660	6.439000E-1
670	6.421000E-1
680	6.410000E-1
690	6.394000E-1
700	6.375000E-1
710	6.360000E-1
720	6.333000E-1
730	6.324000E-1
"7.5RP 8/4"	""	""	
380	1.696000E-1
390	2.158000E-1
400	3.561000E-1
410	5.159000E-1
420	5.772000E-1
430	5.833000E-1
440	5.830000E-1
450	5.803000E-1
460	5.766000E-1
470	5.695000E-1
480	5.594000E-1
490	5.506000E-1
500	5.410000E-1
510	5.296000E-1
520	5.193000E-1
530	5.125000E-1
540	5.113000E-1
550	5.123000E-1
560	5.143000E-1
570	5.323000E-1
580	6.017000E-1
590	7.013000E-1
600	7.576000E-1
610	7.793000E-1
620	7.865000E-1
630	7.881000E-1
640	7.881000E-1
650	7.885000E-1
660	7.893000E-1
670	7.894000E-1
680	7.909000E-1
690	7.918000E-1
700	7.918000E-1
710	7.921000E-1
720	7.912000E-1
730	7.929000E-1
"7.5RP 8/6"	""	""	
380	1.700000E-1
390	2.157000E-1
400	3.534000E-1
410	5.089000E-1
420	5.670000E-1
430	5.724000E-1
440	5.684000E-1
450	5.619000E-1
460	5.555000E-1
470	5.473000E-1
480	5.361000E-1
490	5.235000E-1
500	5.113000E-1
510	4.991000E-1
520	4.793000E-1
530	4.519000E-1
540	4.427000E-1
550	4.615000E-1
560	4.824000E-1
570	5.160000E-1
580	5.933000E-1
590	7.075000E-1
600	8.109000E-1
610	8.821000E-1
620	9.204000E-1
630	9.389000E-1
640	9.470000E-1
650	9.513000E-1
660	9.542000E-1
670	9.547000E-1
680	9.568000E-1
690	9.581000E-1
700	9.586000E-1
710	9.585000E-1
720	9.578000E-1
730	9.596000E-1
"7.5RP 9/2"	""	""	
380	1.858000E-1
390	2.312000E-1
400	3.858000E-1
410	6.135000E-1
420	7.449000E-1
430	7.747000E-1
440	7.796000E-1
450	7.811000E-1
460	7.821000E-1
470	7.793000E-1
480	7.738000E-1
490	7.692000E-1
500	7.629000E-1
510	7.552000E-1
520	7.489000E-1
530	7.440000E-1
540	7.431000E-1
550	7.440000E-1
560	7.422000E-1
570	7.543000E-1
580	7.994000E-1
590	8.542000E-1
600	8.763000E-1
610	8.827000E-1
620	8.844000E-1
630	8.844000E-1
640	8.842000E-1
650	8.843000E-1
660	8.845000E-1
670	8.835000E-1
680	8.859000E-1
690	8.890000E-1
700	8.905000E-1
710	8.916000E-1
720	8.917000E-1
730	8.936000E-1
"10RP 2.5/1"	""	""	
380	4.580000E-2
390	4.810000E-2
400	5.120000E-2
410	5.180000E-2
420	5.070000E-2
430	5.000000E-2
440	4.930000E-2
450	4.860000E-2
460	4.770000E-2
470	4.650000E-2
480	4.530000E-2
490	4.420000E-2
500	4.310000E-2
510	4.250000E-2
520	4.180000E-2
530	4.120000E-2
540	4.110000E-2
550	4.170000E-2
560	4.260000E-2
570	4.540000E-2
580	5.010000E-2
590	5.480000E-2
600	5.660000E-2
610	5.670000E-2
620	5.580000E-2
630	5.500000E-2
640	5.400000E-2
650	5.380000E-2
660	5.320000E-2
670	5.300000E-2
680	5.280000E-2
690	5.260000E-2
700	5.270000E-2
710	5.270000E-2
720	5.280000E-2
730	5.270000E-2
"10RP 2.5/2"	""	""	
380	4.990000E-2
390	4.870000E-2
400	5.120000E-2
410	5.070000E-2
420	4.980000E-2
430	4.860000E-2
440	4.680000E-2
450	4.510000E-2
460	4.340000E-2
470	4.200000E-2
480	4.050000E-2
490	3.960000E-2
500	3.870000E-2
510	3.800000E-2
520	3.720000E-2
530	3.710000E-2
540	3.740000E-2
550	3.790000E-2
560	3.810000E-2
570	3.950000E-2
580	4.180000E-2
590	4.520000E-2
600	5.140000E-2
610	6.120000E-2
620	7.100000E-2
630	7.820000E-2
640	8.300000E-2
650	8.620000E-2
660	8.900000E-2
670	9.130000E-2
680	9.350000E-2
690	9.570000E-2
700	9.770000E-2
710	9.940000E-2
720	1.010000E-1
730	1.035000E-1
"10RP 2.5/4"	""	""	
380	5.140000E-2
390	5.310000E-2
400	5.810000E-2
410	5.830000E-2
420	5.630000E-2
430	5.450000E-2
440	5.170000E-2
450	4.840000E-2
460	4.540000E-2
470	4.260000E-2
480	3.990000E-2
490	3.790000E-2
500	3.630000E-2
510	3.500000E-2
520	3.390000E-2
530	3.310000E-2
540	3.340000E-2
550	3.390000E-2
560	3.420000E-2
570	3.590000E-2
580	3.960000E-2
590	4.650000E-2
600	5.950000E-2
610	7.950000E-2
620	1.004000E-1
630	1.157000E-1
640	1.256000E-1
650	1.319000E-1
660	1.363000E-1
670	1.397000E-1
680	1.428000E-1
690	1.455000E-1
700	1.482000E-1
710	1.509000E-1
720	1.533000E-1
730	1.554000E-1
"10RP 3/1"	""	""	
380	5.820000E-2
390	6.460000E-2
400	6.750000E-2
410	6.850000E-2
420	6.680000E-2
430	6.600000E-2
440	6.470000E-2
450	6.410000E-2
460	6.310000E-2
470	6.200000E-2
480	6.040000E-2
490	5.890000E-2
500	5.790000E-2
510	5.680000E-2
520	5.530000E-2
530	5.480000E-2
540	5.620000E-2
550	5.880000E-2
560	6.010000E-2
570	6.190000E-2
580	6.890000E-2
590	7.800000E-2
600	8.070000E-2
610	8.020000E-2
620	7.850000E-2
630	7.710000E-2
640	7.570000E-2
650	7.480000E-2
660	7.390000E-2
670	7.300000E-2
680	7.240000E-2
690	7.160000E-2
700	7.120000E-2
710	7.070000E-2
720	7.000000E-2
730	6.940000E-2
"10RP 3/2"	""	""	
380	5.930000E-2
390	6.520000E-2
400	6.920000E-2
410	6.940000E-2
420	6.730000E-2
430	6.620000E-2
440	6.540000E-2
450	6.450000E-2
460	6.360000E-2
470	6.210000E-2
480	5.980000E-2
490	5.740000E-2
500	5.560000E-2
510	5.410000E-2
520	5.210000E-2
530	5.160000E-2
540	5.280000E-2
550	5.500000E-2
560	5.610000E-2
570	5.840000E-2
580	6.850000E-2
590	8.480000E-2
600	9.410000E-2
610	9.610000E-2
620	9.520000E-2
630	9.340000E-2
640	9.170000E-2
650	9.050000E-2
660	8.930000E-2
670	8.850000E-2
680	8.770000E-2
690	8.670000E-2
700	8.600000E-2
710	8.530000E-2
720	8.470000E-2
730	8.410000E-2
"10RP 3/4"	""	""	
380	6.150000E-2
390	6.260000E-2
400	6.240000E-2
410	6.090000E-2
420	6.040000E-2
430	5.870000E-2
440	5.810000E-2
450	5.710000E-2
460	5.490000E-2
470	5.210000E-2
480	4.900000E-2
490	4.670000E-2
500	4.500000E-2
510	4.380000E-2
520	4.340000E-2
530	4.320000E-2
540	4.310000E-2
550	4.390000E-2
560	4.620000E-2
570	5.140000E-2
580	6.000000E-2
590	6.910000E-2
600	7.770000E-2
610	9.360000E-2
620	1.222000E-1
630	1.565000E-1
640	1.858000E-1
650	2.076000E-1
660	2.237000E-1
670	2.358000E-1
680	2.455000E-1
690	2.530000E-1
700	2.597000E-1
710	2.660000E-1
720	2.708000E-1
730	2.757000E-1
"10RP 3/6"	""	""	
380	6.920000E-2
390	6.890000E-2
400	7.060000E-2
410	6.920000E-2
420	6.640000E-2
430	6.500000E-2
440	6.380000E-2
450	6.200000E-2
460	5.820000E-2
470	5.390000E-2
480	4.950000E-2
490	4.620000E-2
500	4.400000E-2
510	4.250000E-2
520	4.190000E-2
530	4.150000E-2
540	4.140000E-2
550	4.220000E-2
560	4.410000E-2
570	4.860000E-2
580	5.550000E-2
590	6.280000E-2
600	7.120000E-2
610	9.170000E-2
620	1.326000E-1
630	1.920000E-1
640	2.562000E-1
650	3.167000E-1
660	3.708000E-1
670	4.176000E-1
680	4.585000E-1
690	4.938000E-1
700	5.240000E-1
710	5.506000E-1
720	5.725000E-1
730	5.909000E-1
"10RP 4/1"	""	""	
380	7.820000E-2
390	9.640000E-2
400	1.159000E-1
410	1.200000E-1
420	1.187000E-1
430	1.158000E-1
440	1.133000E-1
450	1.113000E-1
460	1.100000E-1
470	1.094000E-1
480	1.078000E-1
490	1.041000E-1
500	1.011000E-1
510	1.007000E-1
520	9.900000E-2
530	9.540000E-2
540	9.610000E-2
550	1.050000E-1
560	1.171000E-1
570	1.232000E-1
580	1.273000E-1
590	1.307000E-1
600	1.313000E-1
610	1.308000E-1
620	1.298000E-1
630	1.284000E-1
640	1.274000E-1
650	1.261000E-1
660	1.253000E-1
670	1.243000E-1
680	1.235000E-1
690	1.227000E-1
700	1.216000E-1
710	1.208000E-1
720	1.202000E-1
730	1.198000E-1
"10RP 4/2"	""	""	
380	8.300000E-2
390	1.025000E-1
400	1.196000E-1
410	1.258000E-1
420	1.220000E-1
430	1.182000E-1
440	1.159000E-1
450	1.139000E-1
460	1.121000E-1
470	1.116000E-1
480	1.095000E-1
490	1.042000E-1
500	1.003000E-1
510	9.920000E-2
520	9.630000E-2
530	9.210000E-2
540	9.310000E-2
550	1.022000E-1
560	1.133000E-1
570	1.192000E-1
580	1.322000E-1
590	1.487000E-1
600	1.550000E-1
610	1.557000E-1
620	1.550000E-1
630	1.535000E-1
640	1.519000E-1
650	1.507000E-1
660	1.497000E-1
670	1.483000E-1
680	1.473000E-1
690	1.462000E-1
700	1.451000E-1
710	1.444000E-1
720	1.434000E-1
730	1.426000E-1
"10RP 4/4"	""	""	
380	7.990000E-2
390	9.510000E-2
400	1.068000E-1
410	1.118000E-1
420	1.108000E-1
430	1.096000E-1
440	1.085000E-1
450	1.071000E-1
460	1.054000E-1
470	1.027000E-1
480	9.880000E-2
490	9.550000E-2
500	9.210000E-2
510	8.830000E-2
520	8.490000E-2
530	8.270000E-2
540	8.210000E-2
550	8.250000E-2
560	8.350000E-2
570	8.830000E-2
580	1.105000E-1
590	1.541000E-1
600	1.858000E-1
610	1.970000E-1
620	1.989000E-1
630	1.978000E-1
640	1.959000E-1
650	1.941000E-1
660	1.923000E-1
670	1.907000E-1
680	1.892000E-1
690	1.875000E-1
700	1.861000E-1
710	1.850000E-1
720	1.833000E-1
730	1.819000E-1
"10RP 4/6"	""	""	
380	7.880000E-2
390	1.005000E-1
400	1.085000E-1
410	1.092000E-1
420	1.040000E-1
430	1.003000E-1
440	9.840000E-2
450	9.730000E-2
460	9.490000E-2
470	9.260000E-2
480	8.780000E-2
490	8.150000E-2
500	7.710000E-2
510	7.390000E-2
520	6.950000E-2
530	6.730000E-2
540	6.910000E-2
550	7.310000E-2
560	7.460000E-2
570	7.650000E-2
580	9.500000E-2
590	1.478000E-1
600	2.144000E-1
610	2.569000E-1
620	2.724000E-1
630	2.756000E-1
640	2.743000E-1
650	2.719000E-1
660	2.695000E-1
670	2.674000E-1
680	2.651000E-1
690	2.632000E-1
700	2.610000E-1
710	2.593000E-1
720	2.569000E-1
730	2.551000E-1
"10RP 4/8"	""	""	
380	8.600000E-2
390	1.026000E-1
400	1.083000E-1
410	1.080000E-1
420	1.050000E-1
430	1.026000E-1
440	1.018000E-1
450	1.010000E-1
460	9.790000E-2
470	9.260000E-2
480	8.530000E-2
490	7.790000E-2
500	7.210000E-2
510	6.690000E-2
520	6.270000E-2
530	6.060000E-2
540	6.050000E-2
550	6.090000E-2
560	6.080000E-2
570	6.460000E-2
580	8.230000E-2
590	1.320000E-1
600	2.142000E-1
610	2.905000E-1
620	3.343000E-1
630	3.531000E-1
640	3.591000E-1
650	3.609000E-1
660	3.616000E-1
670	3.614000E-1
680	3.614000E-1
690	3.611000E-1
700	3.605000E-1
710	3.604000E-1
720	3.591000E-1
730	3.585000E-1
"10RP 4/10"	""	""	
380	8.640000E-2
390	1.003000E-1
400	1.132000E-1
410	1.174000E-1
420	1.161000E-1
430	1.135000E-1
440	1.100000E-1
450	1.041000E-1
460	9.720000E-2
470	8.920000E-2
480	8.080000E-2
490	7.520000E-2
500	7.120000E-2
510	6.590000E-2
520	6.150000E-2
530	6.090000E-2
540	6.110000E-2
550	5.910000E-2
560	5.820000E-2
570	6.200000E-2
580	7.270000E-2
590	1.078000E-1
600	1.840000E-1
610	2.884000E-1
620	3.937000E-1
630	4.761000E-1
640	5.287000E-1
650	5.615000E-1
660	5.836000E-1
670	5.996000E-1
680	6.129000E-1
690	6.246000E-1
700	6.356000E-1
710	6.459000E-1
720	6.542000E-1
730	6.623000E-1
"10RP 4/12"	""	""	
380	8.590000E-2
390	9.270000E-2
400	9.870000E-2
410	1.021000E-1
420	1.015000E-1
430	1.022000E-1
440	1.037000E-1
450	1.020000E-1
460	9.530000E-2
470	8.660000E-2
480	7.780000E-2
490	7.070000E-2
500	6.480000E-2
510	5.940000E-2
520	5.510000E-2
530	5.250000E-2
540	5.140000E-2
550	5.040000E-2
560	4.940000E-2
570	5.110000E-2
580	5.880000E-2
590	8.320000E-2
600	1.528000E-1
610	2.811000E-1
620	4.449000E-1
630	5.913000E-1
640	6.840000E-1
650	7.341000E-1
660	7.604000E-1
670	7.684000E-1
680	7.719000E-1
690	7.768000E-1
700	7.844000E-1
710	7.947000E-1
720	8.053000E-1
730	8.174000E-1
"10RP 5/1"	""	""	
380	1.034000E-1
390	1.375000E-1
400	1.811000E-1
410	2.044000E-1
420	2.047000E-1
430	2.010000E-1
440	1.981000E-1
450	1.959000E-1
460	1.934000E-1
470	1.935000E-1
480	1.920000E-1
490	1.864000E-1
500	1.811000E-1
510	1.816000E-1
520	1.795000E-1
530	1.723000E-1
540	1.710000E-1
550	1.852000E-1
560	2.042000E-1
570	2.130000E-1
580	2.154000E-1
590	2.166000E-1
600	2.162000E-1
610	2.156000E-1
620	2.140000E-1
630	2.125000E-1
640	2.108000E-1
650	2.094000E-1
660	2.082000E-1
670	2.067000E-1
680	2.053000E-1
690	2.043000E-1
700	2.030000E-1
710	2.019000E-1
720	2.000000E-1
730	1.992000E-1
"10RP 5/2"	""	""	
380	1.045000E-1
390	1.322000E-1
400	1.714000E-1
410	1.928000E-1
420	1.951000E-1
430	1.940000E-1
440	1.923000E-1
450	1.906000E-1
460	1.884000E-1
470	1.863000E-1
480	1.831000E-1
490	1.809000E-1
500	1.782000E-1
510	1.754000E-1
520	1.731000E-1
530	1.712000E-1
540	1.716000E-1
550	1.753000E-1
560	1.824000E-1
570	1.952000E-1
580	2.145000E-1
590	2.320000E-1
600	2.381000E-1
610	2.396000E-1
620	2.389000E-1
630	2.376000E-1
640	2.356000E-1
650	2.342000E-1
660	2.330000E-1
670	2.314000E-1
680	2.302000E-1
690	2.286000E-1
700	2.274000E-1
710	2.263000E-1
720	2.247000E-1
730	2.235000E-1
"10RP 5/4"	""	""	
380	1.072000E-1
390	1.412000E-1
400	1.771000E-1
410	1.920000E-1
420	1.887000E-1
430	1.816000E-1
440	1.780000E-1
450	1.747000E-1
460	1.722000E-1
470	1.724000E-1
480	1.696000E-1
490	1.592000E-1
500	1.504000E-1
510	1.494000E-1
520	1.442000E-1
530	1.346000E-1
540	1.339000E-1
550	1.508000E-1
560	1.734000E-1
570	1.840000E-1
580	2.140000E-1
590	2.653000E-1
600	2.933000E-1
610	3.015000E-1
620	3.022000E-1
630	3.012000E-1
640	2.993000E-1
650	2.974000E-1
660	2.960000E-1
670	2.943000E-1
680	2.928000E-1
690	2.909000E-1
700	2.893000E-1
710	2.877000E-1
720	2.858000E-1
730	2.846000E-1
"10RP 5/6"	""	""	
380	1.180000E-1
390	1.439000E-1
400	1.763000E-1
410	1.889000E-1
420	1.821000E-1
430	1.746000E-1
440	1.719000E-1
450	1.683000E-1
460	1.650000E-1
470	1.645000E-1
480	1.598000E-1
490	1.485000E-1
500	1.394000E-1
510	1.362000E-1
520	1.296000E-1
530	1.211000E-1
540	1.210000E-1
550	1.327000E-1
560	1.458000E-1
570	1.528000E-1
580	1.907000E-1
590	2.716000E-1
600	3.319000E-1
610	3.563000E-1
620	3.629000E-1
630	3.636000E-1
640	3.621000E-1
650	3.606000E-1
660	3.596000E-1
670	3.580000E-1
680	3.566000E-1
690	3.544000E-1
700	3.533000E-1
710	3.523000E-1
720	3.501000E-1
730	3.482000E-1
"10RP 5/8"	""	""	
380	1.107000E-1
390	1.378000E-1
400	1.702000E-1
410	1.784000E-1
420	1.713000E-1
430	1.651000E-1
440	1.627000E-1
450	1.595000E-1
460	1.567000E-1
470	1.547000E-1
480	1.483000E-1
490	1.365000E-1
500	1.270000E-1
510	1.223000E-1
520	1.149000E-1
530	1.074000E-1
540	1.070000E-1
550	1.149000E-1
560	1.213000E-1
570	1.241000E-1
580	1.588000E-1
590	2.566000E-1
600	3.668000E-1
610	4.329000E-1
620	4.585000E-1
630	4.664000E-1
640	4.676000E-1
650	4.671000E-1
660	4.667000E-1
670	4.650000E-1
680	4.635000E-1
690	4.620000E-1
700	4.607000E-1
710	4.592000E-1
720	4.569000E-1
730	4.544000E-1
"10RP 5/10"	""	""	
380	1.109000E-1
390	1.406000E-1
400	1.644000E-1
410	1.751000E-1
420	1.693000E-1
430	1.628000E-1
440	1.609000E-1
450	1.591000E-1
460	1.546000E-1
470	1.504000E-1
480	1.425000E-1
490	1.300000E-1
500	1.196000E-1
510	1.127000E-1
520	1.047000E-1
530	9.820000E-2
540	9.730000E-2
550	1.004000E-1
560	1.017000E-1
570	1.041000E-1
580	1.402000E-1
590	2.455000E-1
600	3.866000E-1
610	4.976000E-1
620	5.582000E-1
630	5.849000E-1
640	5.949000E-1
650	5.990000E-1
660	6.016000E-1
670	6.028000E-1
680	6.041000E-1
690	6.040000E-1
700	6.046000E-1
710	6.054000E-1
720	6.057000E-1
730	6.061000E-1
"10RP 5/12"	""	""	
380	1.109000E-1
390	1.253000E-1
400	1.497000E-1
410	1.593000E-1
420	1.562000E-1
430	1.542000E-1
440	1.547000E-1
450	1.546000E-1
460	1.499000E-1
470	1.410000E-1
480	1.299000E-1
490	1.195000E-1
500	1.099000E-1
510	1.000000E-1
520	9.160000E-2
530	8.680000E-2
540	8.470000E-2
550	8.180000E-2
560	7.830000E-2
570	8.050000E-2
580	1.073000E-1
590	1.964000E-1
600	3.497000E-1
610	5.230000E-1
620	6.676000E-1
630	7.545000E-1
640	7.934000E-1
650	8.104000E-1
660	8.197000E-1
670	8.251000E-1
680	8.299000E-1
690	8.338000E-1
700	8.369000E-1
710	8.390000E-1
720	8.390000E-1
730	8.404000E-1
"10RP 6/1"	""	""	
380	1.197000E-1
390	1.648000E-1
400	2.407000E-1
410	2.900000E-1
420	2.983000E-1
430	2.942000E-1
440	2.905000E-1
450	2.878000E-1
460	2.857000E-1
470	2.860000E-1
480	2.848000E-1
490	2.778000E-1
500	2.710000E-1
510	2.721000E-1
520	2.700000E-1
530	2.602000E-1
540	2.578000E-1
550	2.764000E-1
560	3.037000E-1
570	3.172000E-1
580	3.191000E-1
590	3.194000E-1
600	3.185000E-1
610	3.179000E-1
620	3.162000E-1
630	3.144000E-1
640	3.125000E-1
650	3.109000E-1
660	3.093000E-1
670	3.079000E-1
680	3.064000E-1
690	3.050000E-1
700	3.033000E-1
710	3.016000E-1
720	2.995000E-1
730	2.985000E-1
"10RP 6/2"	""	""	
380	1.274000E-1
390	1.669000E-1
400	2.396000E-1
410	2.870000E-1
420	2.950000E-1
430	2.937000E-1
440	2.903000E-1
450	2.872000E-1
460	2.845000E-1
470	2.807000E-1
480	2.763000E-1
490	2.728000E-1
500	2.694000E-1
510	2.659000E-1
520	2.629000E-1
530	2.609000E-1
540	2.615000E-1
550	2.670000E-1
560	2.778000E-1
570	2.959000E-1
580	3.187000E-1
590	3.379000E-1
600	3.444000E-1
610	3.458000E-1
620	3.443000E-1
630	3.421000E-1
640	3.397000E-1
650	3.374000E-1
660	3.356000E-1
670	3.337000E-1
680	3.318000E-1
690	3.299000E-1
700	3.279000E-1
710	3.259000E-1
720	3.235000E-1
730	3.214000E-1
"10RP 6/4"	""	""	
380	1.254000E-1
390	1.655000E-1
400	2.321000E-1
410	2.741000E-1
420	2.800000E-1
430	2.783000E-1
440	2.753000E-1
450	2.726000E-1
460	2.692000E-1
470	2.641000E-1
480	2.576000E-1
490	2.522000E-1
500	2.466000E-1
510	2.406000E-1
520	2.350000E-1
530	2.314000E-1
540	2.315000E-1
550	2.355000E-1
560	2.440000E-1
570	2.631000E-1
580	3.123000E-1
590	3.761000E-1
600	4.088000E-1
610	4.192000E-1
620	4.210000E-1
630	4.199000E-1
640	4.177000E-1
650	4.154000E-1
660	4.136000E-1
670	4.117000E-1
680	4.100000E-1
690	4.080000E-1
700	4.061000E-1
710	4.041000E-1
720	4.015000E-1
730	3.999000E-1
"10RP 6/6"	""	""	
380	1.258000E-1
390	1.608000E-1
400	2.227000E-1
410	2.652000E-1
420	2.715000E-1
430	2.691000E-1
440	2.649000E-1
450	2.600000E-1
460	2.545000E-1
470	2.485000E-1
480	2.413000E-1
490	2.340000E-1
500	2.269000E-1
510	2.203000E-1
520	2.097000E-1
530	1.954000E-1
540	1.911000E-1
550	2.037000E-1
560	2.226000E-1
570	2.521000E-1
580	3.120000E-1
590	3.964000E-1
600	4.603000E-1
610	4.897000E-1
620	5.018000E-1
630	5.080000E-1
640	5.118000E-1
650	5.200000E-1
660	5.320000E-1
670	5.364000E-1
680	5.305000E-1
690	5.201000E-1
700	5.051000E-1
710	4.927000E-1
720	4.969000E-1
730	5.216000E-1
"10RP 6/8"	""	""	
380	1.326000E-1
390	1.752000E-1
400	2.439000E-1
410	2.789000E-1
420	2.754000E-1
430	2.636000E-1
440	2.565000E-1
450	2.493000E-1
460	2.431000E-1
470	2.429000E-1
480	2.373000E-1
490	2.186000E-1
500	2.039000E-1
510	2.011000E-1
520	1.890000E-1
530	1.674000E-1
540	1.634000E-1
550	1.885000E-1
560	2.236000E-1
570	2.516000E-1
580	3.061000E-1
590	3.954000E-1
600	4.847000E-1
610	5.511000E-1
620	5.905000E-1
630	6.103000E-1
640	6.198000E-1
650	6.248000E-1
660	6.278000E-1
670	6.290000E-1
680	6.298000E-1
690	6.297000E-1
700	6.303000E-1
710	6.306000E-1
720	6.304000E-1
730	6.305000E-1
"10RP 6/10"	""	""	
380	1.283000E-1
390	1.585000E-1
400	2.160000E-1
410	2.498000E-1
420	2.535000E-1
430	2.506000E-1
440	2.459000E-1
450	2.405000E-1
460	2.338000E-1
470	2.265000E-1
480	2.177000E-1
490	2.078000E-1
500	1.988000E-1
510	1.905000E-1
520	1.776000E-1
530	1.617000E-1
540	1.564000E-1
550	1.670000E-1
560	1.805000E-1
570	2.021000E-1
580	2.635000E-1
590	3.776000E-1
600	5.100000E-1
610	6.272000E-1
620	7.149000E-1
630	7.718000E-1
640	8.062000E-1
650	8.282000E-1
660	8.440000E-1
670	8.556000E-1
680	8.668000E-1
690	8.769000E-1
700	8.860000E-1
710	8.936000E-1
720	8.977000E-1
730	9.016000E-1
"10RP 7/1"	""	""	
380	1.486000E-1
390	1.974000E-1
400	3.107000E-1
410	4.066000E-1
420	4.291000E-1
430	4.269000E-1
440	4.237000E-1
450	4.211000E-1
460	4.194000E-1
470	4.199000E-1
480	4.186000E-1
490	4.114000E-1
500	4.043000E-1
510	4.053000E-1
520	4.034000E-1
530	3.928000E-1
540	3.896000E-1
550	4.091000E-1
560	4.388000E-1
570	4.554000E-1
580	4.576000E-1
590	4.578000E-1
600	4.573000E-1
610	4.570000E-1
620	4.559000E-1
630	4.535000E-1
640	4.517000E-1
650	4.501000E-1
660	4.489000E-1
670	4.477000E-1
680	4.465000E-1
690	4.449000E-1
700	4.433000E-1
710	4.418000E-1
720	4.395000E-1
730	4.388000E-1
"10RP 7/2"	""	""	
380	1.405000E-1
390	1.883000E-1
400	2.945000E-1
410	3.903000E-1
420	4.176000E-1
430	4.179000E-1
440	4.152000E-1
450	4.126000E-1
460	4.093000E-1
470	4.054000E-1
480	4.004000E-1
490	3.971000E-1
500	3.936000E-1
510	3.902000E-1
520	3.868000E-1
530	3.823000E-1
540	3.807000E-1
550	3.892000E-1
560	4.090000E-1
570	4.373000E-1
580	4.553000E-1
590	4.632000E-1
600	4.621000E-1
610	4.588000E-1
620	4.625000E-1
630	4.758000E-1
640	4.944000E-1
650	5.118000E-1
660	5.229000E-1
670	5.207000E-1
680	5.057000E-1
690	4.896000E-1
700	4.853000E-1
710	4.910000E-1
720	5.017000E-1
730	5.174000E-1
"10RP 7/4"	""	""	
380	1.443000E-1
390	1.878000E-1
400	2.910000E-1
410	3.818000E-1
420	4.051000E-1
430	4.043000E-1
440	4.002000E-1
450	3.954000E-1
460	3.906000E-1
470	3.849000E-1
480	3.781000E-1
490	3.715000E-1
500	3.644000E-1
510	3.573000E-1
520	3.483000E-1
530	3.369000E-1
540	3.338000E-1
550	3.477000E-1
560	3.746000E-1
570	4.165000E-1
580	4.671000E-1
590	5.110000E-1
600	5.338000E-1
610	5.433000E-1
620	5.474000E-1
630	5.506000E-1
640	5.553000E-1
650	5.634000E-1
660	5.760000E-1
670	5.939000E-1
680	6.178000E-1
690	6.482000E-1
700	6.836000E-1
710	7.222000E-1
720	7.584000E-1
730	7.928000E-1
"10RP 7/6"	""	""	
380	1.436000E-1
390	1.820000E-1
400	2.847000E-1
410	3.683000E-1
420	3.891000E-1
430	3.886000E-1
440	3.863000E-1
450	3.835000E-1
460	3.800000E-1
470	3.733000E-1
480	3.643000E-1
490	3.564000E-1
500	3.479000E-1
510	3.377000E-1
520	3.278000E-1
530	3.213000E-1
540	3.206000E-1
550	3.235000E-1
560	3.295000E-1
570	3.487000E-1
580	4.287000E-1
590	5.675000E-1
600	6.588000E-1
610	6.839000E-1
620	6.831000E-1
630	6.786000E-1
640	6.731000E-1
650	6.693000E-1
660	6.725000E-1
670	6.843000E-1
680	7.016000E-1
690	7.187000E-1
700	7.310000E-1
710	7.362000E-1
720	7.322000E-1
730	7.317000E-1
"10RP 7/8"	""	""	
380	1.488000E-1
390	1.989000E-1
400	3.034000E-1
410	3.797000E-1
420	3.872000E-1
430	3.776000E-1
440	3.725000E-1
450	3.678000E-1
460	3.632000E-1
470	3.630000E-1
480	3.560000E-1
490	3.345000E-1
500	3.157000E-1
510	3.107000E-1
520	2.991000E-1
530	2.792000E-1
540	2.743000E-1
550	2.979000E-1
560	3.296000E-1
570	3.500000E-1
580	4.314000E-1
590	5.877000E-1
600	7.154000E-1
610	7.821000E-1
620	8.085000E-1
630	8.178000E-1
640	8.211000E-1
650	8.232000E-1
660	8.252000E-1
670	8.261000E-1
680	8.265000E-1
690	8.267000E-1
700	8.271000E-1
710	8.284000E-1
720	8.281000E-1
730	8.289000E-1
"10RP 8/1"	""	""	
380	1.624000E-1
390	2.122000E-1
400	3.560000E-1
410	5.151000E-1
420	5.726000E-1
430	5.767000E-1
440	5.752000E-1
450	5.726000E-1
460	5.707000E-1
470	5.707000E-1
480	5.679000E-1
490	5.603000E-1
500	5.529000E-1
510	5.529000E-1
520	5.509000E-1
530	5.410000E-1
540	5.389000E-1
550	5.587000E-1
560	5.837000E-1
570	5.982000E-1
580	6.033000E-1
590	6.065000E-1
600	6.071000E-1
610	6.076000E-1
620	6.064000E-1
630	6.044000E-1
640	6.026000E-1
650	6.011000E-1
660	5.999000E-1
670	5.990000E-1
680	5.982000E-1
690	5.970000E-1
700	5.958000E-1
710	5.943000E-1
720	5.925000E-1
730	5.916000E-1
"10RP 8/2"	""	""	
380	1.652000E-1
390	2.154000E-1
400	3.564000E-1
410	5.151000E-1
420	5.729000E-1
430	5.769000E-1
440	5.743000E-1
450	5.712000E-1
460	5.684000E-1
470	5.665000E-1
480	5.618000E-1
490	5.515000E-1
500	5.424000E-1
510	5.429000E-1
520	5.422000E-1
530	5.335000E-1
540	5.346000E-1
550	5.629000E-1
560	6.017000E-1
570	6.263000E-1
580	6.332000E-1
590	6.359000E-1
600	6.364000E-1
610	6.372000E-1
620	6.365000E-1
630	6.345000E-1
640	6.326000E-1
650	6.312000E-1
660	6.304000E-1
670	6.292000E-1
680	6.284000E-1
690	6.270000E-1
700	6.257000E-1
710	6.245000E-1
720	6.222000E-1
730	6.212000E-1
"10RP 8/4"	""	""	
380	1.578000E-1
390	1.986000E-1
400	3.334000E-1
410	4.886000E-1
420	5.475000E-1
430	5.530000E-1
440	5.496000E-1
450	5.460000E-1
460	5.416000E-1
470	5.361000E-1
480	5.281000E-1
490	5.204000E-1
500	5.134000E-1
510	5.092000E-1
520	5.006000E-1
530	4.828000E-1
540	4.768000E-1
550	4.937000E-1
560	5.147000E-1
570	5.479000E-1
580	6.087000E-1
590	6.833000E-1
600	7.361000E-1
610	7.646000E-1
620	7.768000E-1
630	7.819000E-1
640	7.833000E-1
650	7.851000E-1
660	7.866000E-1
670	7.873000E-1
680	7.886000E-1
690	7.894000E-1
700	7.900000E-1
710	7.910000E-1
720	7.907000E-1
730	7.911000E-1
"10RP 8/6"	""	""	
380	1.696000E-1
390	2.154000E-1
400	3.466000E-1
410	4.882000E-1
420	5.364000E-1
430	5.403000E-1
440	5.392000E-1
450	5.372000E-1
460	5.331000E-1
470	5.256000E-1
480	5.157000E-1
490	5.067000E-1
500	4.970000E-1
510	4.856000E-1
520	4.751000E-1
530	4.687000E-1
540	4.684000E-1
550	4.717000E-1
560	4.780000E-1
570	5.025000E-1
580	5.927000E-1
590	7.421000E-1
600	8.584000E-1
610	9.181000E-1
620	9.414000E-1
630	9.492000E-1
640	9.517000E-1
650	9.532000E-1
660	9.549000E-1
670	9.551000E-1
680	9.567000E-1
690	9.578000E-1
700	9.582000E-1
710	9.588000E-1
720	9.584000E-1
730	9.586000E-1
"10RP 9/1"	""	""	
380	1.835000E-1
390	2.252000E-1
400	3.886000E-1
410	6.171000E-1
420	7.379000E-1
430	7.613000E-1
440	7.645000E-1
450	7.656000E-1
460	7.673000E-1
470	7.687000E-1
480	7.671000E-1
490	7.629000E-1
500	7.580000E-1
510	7.578000E-1
520	7.573000E-1
530	7.505000E-1
540	7.497000E-1
550	7.656000E-1
560	7.827000E-1
570	7.964000E-1
580	8.063000E-1
590	8.152000E-1
600	8.187000E-1
610	8.213000E-1
620	8.222000E-1
630	8.221000E-1
640	8.219000E-1
650	8.226000E-1
660	8.238000E-1
670	8.239000E-1
680	8.245000E-1
690	8.249000E-1
700	8.254000E-1
710	8.266000E-1
720	8.269000E-1
730	8.282000E-1
"10RP 9/2"	""	""	
380	1.988000E-1
390	2.431000E-1
400	4.012000E-1
410	6.244000E-1
420	7.519000E-1
430	7.798000E-1
440	7.848000E-1
450	7.875000E-1
460	7.885000E-1
470	7.870000E-1
480	7.817000E-1
490	7.748000E-1
500	7.673000E-1
510	7.646000E-1
520	7.629000E-1
530	7.587000E-1
540	7.629000E-1
550	7.807000E-1
560	7.991000E-1
570	8.188000E-1
580	8.418000E-1
590	8.614000E-1
600	8.689000E-1
610	8.723000E-1
620	8.732000E-1
630	8.744000E-1
640	8.773000E-1
650	8.811000E-1
660	8.837000E-1
670	8.826000E-1
680	8.833000E-1
690	8.844000E-1
700	8.858000E-1
710	8.885000E-1
720	8.901000E-1
730	8.936000E-1
END_DATA
